
python manage.py runserver
INFO 2025-04-04 08:02:13,585 autoreload Watching for file changes with StatReloader
INFO 2025-04-04 08:02:21,157 autoreload /Users/navidrahimi/ytanalytics/dashboard/views.py changed, reloading.
INFO 2025-04-04 08:02:22,349 autoreload Watching for file changes with StatReloader
INFO 2025-04-04 08:03:19,352 youtube_analytics Access token available: True
INFO 2025-04-04 08:03:19,352 youtube_analytics Refresh token available: True
INFO 2025-04-04 08:03:19,352 youtube_analytics Client ID available: False
INFO 2025-04-04 08:03:19,352 youtube_analytics Client secret available: False
INFO 2025-04-04 08:03:19,585 youtube_analytics Found channel 'Astral' for user navid23rahimib91f43aa088446a2
ERROR 2025-04-04 08:03:19,787 youtube_analytics User navid23rahimib91f43aa088446a2 doesn't have access to YouTube Analytics
INFO 2025-04-04 08:03:19,814 basehttp "GET /dashboard/ HTTP/1.1" 200 41290
INFO 2025-04-04 08:03:22,930 views Edit profile accessed by user: navid23rahimib91f43aa088446a2
INFO 2025-04-04 08:03:22,935 views Loading profile form via AJAX for user: navid23rahimib91f43aa088446a2
DEBUG 2025-04-04 08:03:22,964 views Submit button in HTML: True
INFO 2025-04-04 08:03:22,965 basehttp "GET /edit-profile/?ajax=1 HTTP/1.1" 200 6744
WARNING 2025-04-04 08:03:33,486 log Forbidden (CSRF token missing.): /edit-profile/
WARNING 2025-04-04 08:03:33,487 basehttp "POST /edit-profile/ HTTP/1.1" 403 2491
WARNING 2025-04-04 08:03:36,498 log Forbidden (CSRF token missing.): /edit-profile/
WARNING 2025-04-04 08:03:36,498 basehttp "POST /edit-profile/ HTTP/1.1" 403 2491
INFO 2025-04-04 08:03:43,191 youtube_analytics Access token available: True
INFO 2025-04-04 08:03:43,191 youtube_analytics Refresh token available: True
INFO 2025-04-04 08:03:43,191 youtube_analytics Client ID available: False
INFO 2025-04-04 08:03:43,191 youtube_analytics Client secret available: False
INFO 2025-04-04 08:03:43,380 youtube_analytics Found channel 'Astral' for user navid23rahimib91f43aa088446a2
ERROR 2025-04-04 08:03:43,539 youtube_analytics User navid23rahimib91f43aa088446a2 doesn't have access to YouTube Analytics
INFO 2025-04-04 08:03:43,547 basehttp "GET /dashboard/statistics/ HTTP/1.1" 200 50077
INFO 2025-04-04 08:03:44,380 basehttp "GET /users/ HTTP/1.1" 200 50818
INFO 2025-04-04 08:03:44,419 basehttp "GET /media/profile_pics/wp4737303.jpg HTTP/1.1" 304 0
INFO 2025-04-04 08:03:44,421 basehttp "GET /media/profile_pics/f1d63732b1aa398f32f2b30cb0313d10.jpg HTTP/1.1" 304 0
INFO 2025-04-04 08:03:44,421 basehttp "GET /media/profile_pics/wp3064746.jpg HTTP/1.1" 304 0
INFO 2025-04-04 08:03:50,073 youtube_analytics Access token available: True
INFO 2025-04-04 08:03:50,073 youtube_analytics Refresh token available: True
INFO 2025-04-04 08:03:50,073 youtube_analytics Client ID available: False
INFO 2025-04-04 08:03:50,073 youtube_analytics Client secret available: False
INFO 2025-04-04 08:03:50,208 youtube_analytics Found channel 'Astral' for user navid23rahimib91f43aa088446a2
ERROR 2025-04-04 08:03:50,371 youtube_analytics User navid23rahimib91f43aa088446a2 doesn't have access to YouTube Analytics
INFO 2025-04-04 08:03:50,375 basehttp "GET /dashboard/ HTTP/1.1" 200 41290
INFO 2025-04-04 08:05:20,754 views Edit profile accessed by user: navid23rahimib91f43aa088446a2
INFO 2025-04-04 08:05:20,760 views Loading profile form via AJAX for user: navid23rahimib91f43aa088446a2
DEBUG 2025-04-04 08:05:20,765 views Submit button in HTML: True
INFO 2025-04-04 08:05:20,769 basehttp "GET /edit-profile/?ajax=1 HTTP/1.1" 200 6744
INFO 2025-04-04 08:08:09,266 youtube_analytics Access token available: True
INFO 2025-04-04 08:08:09,267 youtube_analytics Refresh token available: True
INFO 2025-04-04 08:08:09,267 youtube_analytics Client ID available: False
INFO 2025-04-04 08:08:09,268 youtube_analytics Client secret available: False
INFO 2025-04-04 08:08:09,554 youtube_analytics Found channel 'Astral' for user navid23rahimib91f43aa088446a2
ERROR 2025-04-04 08:08:09,746 youtube_analytics User navid23rahimib91f43aa088446a2 doesn't have access to YouTube Analytics
INFO 2025-04-04 08:08:09,815 basehttp "GET /dashboard/ HTTP/1.1" 200 41371
INFO 2025-04-04 08:08:12,904 views Edit profile accessed by user: navid23rahimib91f43aa088446a2
INFO 2025-04-04 08:08:12,907 views Loading profile form via AJAX for user: navid23rahimib91f43aa088446a2
DEBUG 2025-04-04 08:08:12,938 views Submit button in HTML: True
INFO 2025-04-04 08:08:12,940 basehttp "GET /edit-profile/?ajax=1 HTTP/1.1" 200 6744
INFO 2025-04-04 08:08:38,040 autoreload Watching for file changes with StatReloader
INFO 2025-04-04 08:08:38,923 youtube_analytics Access token available: True
INFO 2025-04-04 08:08:38,923 youtube_analytics Refresh token available: True
INFO 2025-04-04 08:08:38,923 youtube_analytics Client ID available: False
INFO 2025-04-04 08:08:38,923 youtube_analytics Client secret available: False
INFO 2025-04-04 08:08:39,077 youtube_analytics Found channel 'Astral' for user navid23rahimib91f43aa088446a2
ERROR 2025-04-04 08:08:39,237 youtube_analytics User navid23rahimib91f43aa088446a2 doesn't have access to YouTube Analytics
INFO 2025-04-04 08:08:39,265 basehttp "GET /dashboard/ HTTP/1.1" 200 41371
INFO 2025-04-04 08:08:41,741 views Edit profile accessed by user: navid23rahimib91f43aa088446a2
INFO 2025-04-04 08:08:41,745 views Loading profile form via AJAX for user: navid23rahimib91f43aa088446a2
DEBUG 2025-04-04 08:08:41,862 views Submit button in HTML: True
INFO 2025-04-04 08:08:41,866 basehttp "GET /edit-profile/?ajax=1 HTTP/1.1" 200 6744
INFO 2025-04-04 08:10:14,943 youtube_analytics Access token available: True
INFO 2025-04-04 08:10:14,944 youtube_analytics Refresh token available: True
INFO 2025-04-04 08:10:14,944 youtube_analytics Client ID available: False
INFO 2025-04-04 08:10:14,944 youtube_analytics Client secret available: False
INFO 2025-04-04 08:10:15,174 youtube_analytics Found channel 'Astral' for user navid23rahimib91f43aa088446a2
ERROR 2025-04-04 08:10:15,349 youtube_analytics User navid23rahimib91f43aa088446a2 doesn't have access to YouTube Analytics
INFO 2025-04-04 08:10:15,363 basehttp "GET /dashboard/ HTTP/1.1" 200 41371
INFO 2025-04-04 08:10:18,306 views Edit profile accessed by user: navid23rahimib91f43aa088446a2
INFO 2025-04-04 08:10:18,309 views Loading profile form via AJAX for user: navid23rahimib91f43aa088446a2
DEBUG 2025-04-04 08:10:18,321 views Submit button in HTML: True
INFO 2025-04-04 08:10:18,323 basehttp "GET /edit-profile/?ajax=1 HTTP/1.1" 200 6744
INFO 2025-04-04 08:10:51,061 basehttp "GET /users/ HTTP/1.1" 200 50899
INFO 2025-04-04 08:10:56,742 youtube_analytics Access token available: True
INFO 2025-04-04 08:10:56,743 youtube_analytics Refresh token available: True
INFO 2025-04-04 08:10:56,743 youtube_analytics Client ID available: False
INFO 2025-04-04 08:10:56,743 youtube_analytics Client secret available: False
INFO 2025-04-04 08:10:56,880 youtube_analytics Found channel 'Astral' for user navid23rahimib91f43aa088446a2
ERROR 2025-04-04 08:10:57,039 youtube_analytics User navid23rahimib91f43aa088446a2 doesn't have access to YouTube Analytics
INFO 2025-04-04 08:10:57,046 basehttp "GET /dashboard/ HTTP/1.1" 200 41371
INFO 2025-04-05 01:11:37,615 autoreload Watching for file changes with StatReloader
INFO 2025-04-05 01:11:38,779 youtube_analytics Access token available: True
INFO 2025-04-05 01:11:38,780 youtube_analytics Refresh token available: True
INFO 2025-04-05 01:11:38,780 youtube_analytics Client ID available: False
INFO 2025-04-05 01:11:38,780 youtube_analytics Client secret available: False
INFO 2025-04-05 01:11:38,930 youtube_analytics Found channel 'Astral' for user navid23rahimib91f43aa088446a2
ERROR 2025-04-05 01:11:39,172 youtube_analytics User navid23rahimib91f43aa088446a2 doesn't have access to YouTube Analytics
INFO 2025-04-05 01:11:39,199 basehttp "GET /dashboard/ HTTP/1.1" 200 41371
INFO 2025-04-05 01:11:39,236 basehttp "GET /static/images/grid-circle.png HTTP/1.1" 304 0
INFO 2025-04-05 01:11:39,238 basehttp "GET /media/profile_pics/6f482244cc2b96860300160f33abcb8f.jpg HTTP/1.1" 304 0
WARNING 2025-04-05 01:11:39,347 log Not Found: /favicon.ico
WARNING 2025-04-05 01:11:39,348 basehttp "GET /favicon.ico HTTP/1.1" 404 5820
INFO 2025-04-05 01:11:44,382 basehttp "GET /logout/ HTTP/1.1" 302 0
INFO 2025-04-05 01:11:44,394 basehttp "GET /home/ HTTP/1.1" 200 9214
INFO 2025-04-05 01:11:47,118 basehttp "GET /auth/login/google-oauth2/?next=/dashboard/ HTTP/1.1" 302 0
INFO 2025-04-05 01:11:57,698 basehttp "GET /auth/complete/google-oauth2/?state=462R6H5gSUYUXJiwgQQ3KfAYEtp2Tyxu&code=4/0Ab_5qlmfOaqkh2gPH1KkNOL8hUHJ5VMz7ic38ylPlFD5xtPh0MdL5_EeQSMmIK17jF__jg&scope=email%20profile%20openid%20https://www.googleapis.com/auth/youtube.readonly%20https://www.googleapis.com/auth/yt-analytics.readonly%20https://www.googleapis.com/auth/userinfo.profile%20https://www.googleapis.com/auth/userinfo.email&authuser=0&prompt=consent HTTP/1.1" 302 0
INFO 2025-04-05 01:11:57,721 youtube_analytics Access token available: True
INFO 2025-04-05 01:11:57,721 youtube_analytics Refresh token available: True
INFO 2025-04-05 01:11:57,721 youtube_analytics Client ID available: False
INFO 2025-04-05 01:11:57,721 youtube_analytics Client secret available: False
INFO 2025-04-05 01:11:58,059 youtube_analytics Found channel 'Astral' for user navid23rahimib91f43aa088446a2
ERROR 2025-04-05 01:11:58,293 youtube_analytics User navid23rahimib91f43aa088446a2 doesn't have access to YouTube Analytics
INFO 2025-04-05 01:11:58,308 basehttp "GET /dashboard/ HTTP/1.1" 200 41371
INFO 2025-04-05 01:11:59,207 youtube_analytics Access token available: True
INFO 2025-04-05 01:11:59,208 youtube_analytics Refresh token available: True
INFO 2025-04-05 01:11:59,208 youtube_analytics Client ID available: False
INFO 2025-04-05 01:11:59,208 youtube_analytics Client secret available: False
INFO 2025-04-05 01:11:59,339 youtube_analytics Found channel 'Astral' for user navid23rahimib91f43aa088446a2
ERROR 2025-04-05 01:11:59,577 youtube_analytics User navid23rahimib91f43aa088446a2 doesn't have access to YouTube Analytics
INFO 2025-04-05 01:11:59,589 basehttp "GET /dashboard/statistics/ HTTP/1.1" 200 50158
INFO 2025-04-05 01:12:00,768 basehttp "GET /users/ HTTP/1.1" 200 50899
INFO 2025-04-05 01:12:00,818 basehttp "GET /media/profile_pics/f1d63732b1aa398f32f2b30cb0313d10.jpg HTTP/1.1" 304 0
INFO 2025-04-05 01:12:00,819 basehttp "GET /media/profile_pics/wp4737303.jpg HTTP/1.1" 304 0
INFO 2025-04-05 01:12:00,820 basehttp "GET /media/profile_pics/wp3064746.jpg HTTP/1.1" 304 0
INFO 2025-04-05 01:12:04,442 views Edit profile accessed by user: navid23rahimib91f43aa088446a2
INFO 2025-04-05 01:12:04,444 views Loading profile form via AJAX for user: navid23rahimib91f43aa088446a2
DEBUG 2025-04-05 01:12:04,470 views Submit button in HTML: True
INFO 2025-04-05 01:12:04,473 basehttp "GET /edit-profile/?ajax=1 HTTP/1.1" 200 6744
INFO 2025-04-05 01:45:06,502 basehttp "GET /home/ HTTP/1.1" 200 10749
INFO 2025-04-05 01:45:06,531 basehttp "GET /static/images/settings.png HTTP/1.1" 304 0
INFO 2025-04-05 01:45:08,626 basehttp "GET /logout/ HTTP/1.1" 302 0
INFO 2025-04-05 01:45:08,641 basehttp "GET /home/ HTTP/1.1" 200 9214
INFO 2025-04-05 01:45:09,567 basehttp "GET /auth/login/google-oauth2/?next=/dashboard/ HTTP/1.1" 302 0
INFO 2025-04-05 01:45:18,184 basehttp "GET /auth/complete/google-oauth2/?state=4FVBL3dnaN3Lnc5AmkiXktaYJbu2Xepz&code=4/0Ab_5qllKtsU7zIpxw5QQY70AERYRyy16UVhgtrwQhSz3OJyDZ6tC4rtk7w4MtPX0R3050A&scope=email%20profile%20openid%20https://www.googleapis.com/auth/youtube.readonly%20https://www.googleapis.com/auth/yt-analytics.readonly%20https://www.googleapis.com/auth/userinfo.profile%20https://www.googleapis.com/auth/userinfo.email&authuser=0&prompt=consent HTTP/1.1" 302 0
INFO 2025-04-05 01:45:18,190 youtube_analytics Access token available: True
INFO 2025-04-05 01:45:18,190 youtube_analytics Refresh token available: True
INFO 2025-04-05 01:45:18,191 youtube_analytics Client ID available: False
INFO 2025-04-05 01:45:18,191 youtube_analytics Client secret available: False
INFO 2025-04-05 01:45:18,386 youtube_analytics Found channel 'Astral' for user navid23rahimib91f43aa088446a2
ERROR 2025-04-05 01:45:18,611 youtube_analytics User navid23rahimib91f43aa088446a2 doesn't have access to YouTube Analytics
INFO 2025-04-05 01:45:18,617 basehttp "GET /dashboard/ HTTP/1.1" 200 41371
INFO 2025-04-05 01:45:20,949 views Edit profile accessed by user: navid23rahimib91f43aa088446a2
INFO 2025-04-05 01:45:20,951 views Loading profile form via AJAX for user: navid23rahimib91f43aa088446a2
DEBUG 2025-04-05 01:45:20,963 views Submit button in HTML: True
INFO 2025-04-05 01:45:20,964 basehttp "GET /edit-profile/?ajax=1 HTTP/1.1" 200 6744
INFO 2025-04-05 01:45:24,085 youtube_analytics Access token available: True
INFO 2025-04-05 01:45:24,086 youtube_analytics Refresh token available: True
INFO 2025-04-05 01:45:24,086 youtube_analytics Client ID available: False
INFO 2025-04-05 01:45:24,086 youtube_analytics Client secret available: False
INFO 2025-04-05 01:45:24,212 youtube_analytics Found channel 'Astral' for user navid23rahimib91f43aa088446a2
ERROR 2025-04-05 01:45:24,421 youtube_analytics User navid23rahimib91f43aa088446a2 doesn't have access to YouTube Analytics
INFO 2025-04-05 01:45:24,433 basehttp "GET /dashboard/statistics/ HTTP/1.1" 200 50158
INFO 2025-04-05 01:45:25,162 basehttp "GET /users/ HTTP/1.1" 200 50899
INFO 2025-04-05 01:45:26,091 youtube_analytics Access token available: True
INFO 2025-04-05 01:45:26,092 youtube_analytics Refresh token available: True
INFO 2025-04-05 01:45:26,092 youtube_analytics Client ID available: False
INFO 2025-04-05 01:45:26,092 youtube_analytics Client secret available: False
INFO 2025-04-05 01:45:26,230 youtube_analytics Found channel 'Astral' for user navid23rahimib91f43aa088446a2
ERROR 2025-04-05 01:45:26,436 youtube_analytics User navid23rahimib91f43aa088446a2 doesn't have access to YouTube Analytics
INFO 2025-04-05 01:45:26,444 basehttp "GET /dashboard/statistics/ HTTP/1.1" 200 50158
INFO 2025-04-05 01:45:26,905 youtube_analytics Access token available: True
INFO 2025-04-05 01:45:26,905 youtube_analytics Refresh token available: True
INFO 2025-04-05 01:45:26,905 youtube_analytics Client ID available: False
INFO 2025-04-05 01:45:26,906 youtube_analytics Client secret available: False
INFO 2025-04-05 01:45:27,078 youtube_analytics Found channel 'Astral' for user navid23rahimib91f43aa088446a2
ERROR 2025-04-05 01:45:27,283 youtube_analytics User navid23rahimib91f43aa088446a2 doesn't have access to YouTube Analytics
INFO 2025-04-05 01:45:27,288 basehttp "GET /dashboard/ HTTP/1.1" 200 41371
INFO 2025-04-05 01:45:28,341 basehttp "GET /users/ HTTP/1.1" 200 50899
INFO 2025-04-05 01:45:29,314 basehttp "GET /profile/dasoccer/ HTTP/1.1" 200 45342
INFO 2025-04-05 01:45:31,057 basehttp "GET /users/ HTTP/1.1" 200 50899
INFO 2025-04-05 01:45:33,052 views Edit profile accessed by user: navid23rahimib91f43aa088446a2
INFO 2025-04-05 01:45:33,056 views Loading profile form via AJAX for user: navid23rahimib91f43aa088446a2
DEBUG 2025-04-05 01:45:33,065 views Submit button in HTML: True
INFO 2025-04-05 01:45:33,066 basehttp "GET /edit-profile/?ajax=1 HTTP/1.1" 200 6744
INFO 2025-04-05 01:45:38,466 youtube_analytics Access token available: True
INFO 2025-04-05 01:45:38,467 youtube_analytics Refresh token available: True
INFO 2025-04-05 01:45:38,467 youtube_analytics Client ID available: False
INFO 2025-04-05 01:45:38,467 youtube_analytics Client secret available: False
INFO 2025-04-05 01:45:38,587 youtube_analytics Found channel 'Astral' for user navid23rahimib91f43aa088446a2
ERROR 2025-04-05 01:45:38,801 youtube_analytics User navid23rahimib91f43aa088446a2 doesn't have access to YouTube Analytics
INFO 2025-04-05 01:45:38,814 basehttp "GET /dashboard/statistics/ HTTP/1.1" 200 50158
INFO 2025-04-05 02:11:55,709 youtube_analytics Access token available: True
INFO 2025-04-05 02:11:55,710 youtube_analytics Refresh token available: True
INFO 2025-04-05 02:11:55,710 youtube_analytics Client ID available: False
INFO 2025-04-05 02:11:55,711 youtube_analytics Client secret available: False
INFO 2025-04-05 02:11:55,941 youtube_analytics Found channel 'Astral' for user navid23rahimib91f43aa088446a2
ERROR 2025-04-05 02:11:56,174 youtube_analytics User navid23rahimib91f43aa088446a2 doesn't have access to YouTube Analytics
INFO 2025-04-05 02:11:56,180 basehttp "GET /dashboard/ HTTP/1.1" 200 41371
INFO 2025-04-05 04:33:37,270 youtube_analytics Access token available: True
INFO 2025-04-05 04:33:37,272 youtube_analytics Refresh token available: True
INFO 2025-04-05 04:33:37,272 youtube_analytics Client ID available: False
INFO 2025-04-05 04:33:37,272 youtube_analytics Client secret available: False
INFO 2025-04-05 04:33:37,453 youtube_analytics Found channel 'Astral' for user navid23rahimib91f43aa088446a2
ERROR 2025-04-05 04:33:37,732 youtube_analytics User navid23rahimib91f43aa088446a2 doesn't have access to YouTube Analytics
INFO 2025-04-05 04:33:37,742 basehttp "GET /dashboard/statistics/ HTTP/1.1" 200 50158
INFO 2025-04-05 04:33:37,879 basehttp "GET /media/profile_pics/6f482244cc2b96860300160f33abcb8f.jpg HTTP/1.1" 304 0
INFO 2025-04-05 04:33:39,090 youtube_analytics Access token available: True
INFO 2025-04-05 04:33:39,091 youtube_analytics Refresh token available: True
INFO 2025-04-05 04:33:39,094 youtube_analytics Client ID available: False
INFO 2025-04-05 04:33:39,094 youtube_analytics Client secret available: False
INFO 2025-04-05 04:33:39,456 youtube_analytics Found channel 'Astral' for user navid23rahimib91f43aa088446a2
ERROR 2025-04-05 04:33:39,776 youtube_analytics User navid23rahimib91f43aa088446a2 doesn't have access to YouTube Analytics
INFO 2025-04-05 04:33:39,783 basehttp "GET /dashboard/ HTTP/1.1" 200 41371
INFO 2025-04-05 04:33:42,754 views Edit profile accessed by user: navid23rahimib91f43aa088446a2
INFO 2025-04-05 04:33:42,757 views Loading profile form via AJAX for user: navid23rahimib91f43aa088446a2
DEBUG 2025-04-05 04:33:42,762 views Submit button in HTML: True
INFO 2025-04-05 04:33:42,763 basehttp "GET /edit-profile/?ajax=1 HTTP/1.1" 200 6744
INFO 2025-04-05 04:33:49,066 basehttp "GET /connect-accounts/ HTTP/1.1" 200 18031
ERROR 2025-04-05 04:33:51,159 log Internal Server Error: /connect/youtube/
Traceback (most recent call last):
  File "/Users/navidrahimi/ytanalytics/ytanalytics/.venv/lib/python3.12/site-packages/django/core/handlers/exception.py", line 55, in inner
    response = get_response(request)
               ^^^^^^^^^^^^^^^^^^^^^
  File "/Users/navidrahimi/ytanalytics/ytanalytics/.venv/lib/python3.12/site-packages/django/core/handlers/base.py", line 197, in _get_response
    response = wrapped_callback(request, *callback_args, **callback_kwargs)
               ^^^^^^^^^^^^^^^^^^^^^^^^^^^^^^^^^^^^^^^^^^^^^^^^^^^^^^^^^^^^
  File "/Users/navidrahimi/ytanalytics/ytanalytics/.venv/lib/python3.12/site-packages/django/contrib/auth/decorators.py", line 60, in _view_wrapper
    return view_func(request, *args, **kwargs)
           ^^^^^^^^^^^^^^^^^^^^^^^^^^^^^^^^^^^
  File "/Users/navidrahimi/ytanalytics/dashboard/views.py", line 341, in connect_youtube
    return redirect('youtube_oauth_url')
           ^^^^^^^^^^^^^^^^^^^^^^^^^^^^^
  File "/Users/navidrahimi/ytanalytics/ytanalytics/.venv/lib/python3.12/site-packages/django/shortcuts.py", line 49, in redirect
    return redirect_class(resolve_url(to, *args, **kwargs))
                          ^^^^^^^^^^^^^^^^^^^^^^^^^^^^^^^^
  File "/Users/navidrahimi/ytanalytics/ytanalytics/.venv/lib/python3.12/site-packages/django/shortcuts.py", line 180, in resolve_url
    return reverse(to, args=args, kwargs=kwargs)
           ^^^^^^^^^^^^^^^^^^^^^^^^^^^^^^^^^^^^^
  File "/Users/navidrahimi/ytanalytics/ytanalytics/.venv/lib/python3.12/site-packages/django/urls/base.py", line 88, in reverse
    return resolver._reverse_with_prefix(view, prefix, *args, **kwargs)
           ^^^^^^^^^^^^^^^^^^^^^^^^^^^^^^^^^^^^^^^^^^^^^^^^^^^^^^^^^^^^
  File "/Users/navidrahimi/ytanalytics/ytanalytics/.venv/lib/python3.12/site-packages/django/urls/resolvers.py", line 831, in _reverse_with_prefix
    raise NoReverseMatch(msg)
django.urls.exceptions.NoReverseMatch: Reverse for 'youtube_oauth_url' not found. 'youtube_oauth_url' is not a valid view function or pattern name.
ERROR 2025-04-05 04:33:51,167 basehttp "GET /connect/youtube/ HTTP/1.1" 500 91652
ERROR 2025-04-05 20:17:34,605 log Internal Server Error: /connect/youtube/
Traceback (most recent call last):
  File "/Users/navidrahimi/ytanalytics/ytanalytics/.venv/lib/python3.12/site-packages/django/core/handlers/exception.py", line 55, in inner
    response = get_response(request)
               ^^^^^^^^^^^^^^^^^^^^^
  File "/Users/navidrahimi/ytanalytics/ytanalytics/.venv/lib/python3.12/site-packages/django/core/handlers/base.py", line 197, in _get_response
    response = wrapped_callback(request, *callback_args, **callback_kwargs)
               ^^^^^^^^^^^^^^^^^^^^^^^^^^^^^^^^^^^^^^^^^^^^^^^^^^^^^^^^^^^^
  File "/Users/navidrahimi/ytanalytics/ytanalytics/.venv/lib/python3.12/site-packages/django/contrib/auth/decorators.py", line 60, in _view_wrapper
    return view_func(request, *args, **kwargs)
           ^^^^^^^^^^^^^^^^^^^^^^^^^^^^^^^^^^^
  File "/Users/navidrahimi/ytanalytics/dashboard/views.py", line 341, in connect_youtube
    return redirect('youtube_oauth_url')
           ^^^^^^^^^^^^^^^^^^^^^^^^^^^^^
  File "/Users/navidrahimi/ytanalytics/ytanalytics/.venv/lib/python3.12/site-packages/django/shortcuts.py", line 49, in redirect
    return redirect_class(resolve_url(to, *args, **kwargs))
                          ^^^^^^^^^^^^^^^^^^^^^^^^^^^^^^^^
  File "/Users/navidrahimi/ytanalytics/ytanalytics/.venv/lib/python3.12/site-packages/django/shortcuts.py", line 180, in resolve_url
    return reverse(to, args=args, kwargs=kwargs)
           ^^^^^^^^^^^^^^^^^^^^^^^^^^^^^^^^^^^^^
  File "/Users/navidrahimi/ytanalytics/ytanalytics/.venv/lib/python3.12/site-packages/django/urls/base.py", line 88, in reverse
    return resolver._reverse_with_prefix(view, prefix, *args, **kwargs)
           ^^^^^^^^^^^^^^^^^^^^^^^^^^^^^^^^^^^^^^^^^^^^^^^^^^^^^^^^^^^^
  File "/Users/navidrahimi/ytanalytics/ytanalytics/.venv/lib/python3.12/site-packages/django/urls/resolvers.py", line 831, in _reverse_with_prefix
    raise NoReverseMatch(msg)
django.urls.exceptions.NoReverseMatch: Reverse for 'youtube_oauth_url' not found. 'youtube_oauth_url' is not a valid view function or pattern name.
ERROR 2025-04-05 20:17:34,621 basehttp "GET /connect/youtube/ HTTP/1.1" 500 91652
INFO 2025-04-05 20:22:45,888 autoreload /Users/navidrahimi/ytanalytics/dashboard/views.py changed, reloading.
INFO 2025-04-05 20:22:47,005 autoreload Watching for file changes with StatReloader
INFO 2025-04-05 20:22:58,338 autoreload /Users/navidrahimi/ytanalytics/dashboard/views.py changed, reloading.
INFO 2025-04-05 20:23:00,598 autoreload Watching for file changes with StatReloader
INFO 2025-04-05 20:23:11,501 autoreload /Users/navidrahimi/ytanalytics/dashboard/views.py changed, reloading.
INFO 2025-04-05 20:23:13,370 autoreload Watching for file changes with StatReloader
INFO 2025-04-05 20:37:23,422 autoreload Watching for file changes with StatReloader
INFO 2025-04-05 20:37:36,286 views Attempting to fetch YouTube channel info for user: navid23rahimib91f43aa088446a2
INFO 2025-04-05 20:37:36,511 views Found YouTube channel for navid23rahimib91f43aa088446a2: Astral (UCN20YF9lZ6THYPZV8QkxgcQ)
INFO 2025-04-05 20:37:36,515 views Successfully connected YouTube channel for user: navid23rahimib91f43aa088446a2
INFO 2025-04-05 20:37:36,515 youtube_analytics Access token available: True
INFO 2025-04-05 20:37:36,515 youtube_analytics Refresh token available: True
INFO 2025-04-05 20:37:36,515 youtube_analytics Client ID available: False
INFO 2025-04-05 20:37:36,515 youtube_analytics Client secret available: False
INFO 2025-04-05 20:37:36,645 youtube_analytics Found channel 'Astral' for user navid23rahimib91f43aa088446a2
ERROR 2025-04-05 20:37:36,877 youtube_analytics User navid23rahimib91f43aa088446a2 doesn't have access to YouTube Analytics
INFO 2025-04-05 20:37:36,901 basehttp "GET /dashboard/ HTTP/1.1" 200 41371
INFO 2025-04-05 20:37:36,935 basehttp "GET /static/images/grid-circle.png HTTP/1.1" 304 0
INFO 2025-04-05 20:37:36,935 basehttp "GET /media/profile_pics/6f482244cc2b96860300160f33abcb8f.jpg HTTP/1.1" 304 0
INFO 2025-04-05 20:37:38,488 youtube_analytics Access token available: True
INFO 2025-04-05 20:37:38,488 youtube_analytics Refresh token available: True
INFO 2025-04-05 20:37:38,489 youtube_analytics Client ID available: False
INFO 2025-04-05 20:37:38,489 youtube_analytics Client secret available: False
INFO 2025-04-05 20:37:38,611 youtube_analytics Found channel 'Astral' for user navid23rahimib91f43aa088446a2
ERROR 2025-04-05 20:37:38,825 youtube_analytics User navid23rahimib91f43aa088446a2 doesn't have access to YouTube Analytics
INFO 2025-04-05 20:37:38,829 basehttp "GET /dashboard/ HTTP/1.1" 200 41371
INFO 2025-04-05 20:37:43,270 basehttp "GET /logout/ HTTP/1.1" 302 0
INFO 2025-04-05 20:37:43,274 basehttp "GET /home/ HTTP/1.1" 200 9214
INFO 2025-04-05 20:37:45,295 basehttp "GET /auth/login/google-oauth2/?next=/dashboard/ HTTP/1.1" 302 0
INFO 2025-04-05 20:37:48,637 basehttp "GET /home/ HTTP/1.1" 200 9214
INFO 2025-04-05 20:37:49,293 basehttp "GET /home/ HTTP/1.1" 200 9214
INFO 2025-04-05 20:37:50,254 basehttp "GET /home/ HTTP/1.1" 200 9214
INFO 2025-04-05 20:37:51,066 basehttp "GET /home/ HTTP/1.1" 200 9214
INFO 2025-04-05 20:37:53,057 basehttp "GET /dashboard/ HTTP/1.1" 302 0
WARNING 2025-04-05 20:37:53,066 log Not Found: /dashboard/auth/login/google-oauth2/
WARNING 2025-04-05 20:37:53,068 basehttp "GET /dashboard/auth/login/google-oauth2/?next=/dashboard/ HTTP/1.1" 404 5909
INFO 2025-04-05 20:37:55,372 basehttp "GET /dashboard/ HTTP/1.1" 302 0
WARNING 2025-04-05 20:37:55,380 log Not Found: /dashboard/auth/login/google-oauth2/
WARNING 2025-04-05 20:37:55,380 basehttp "GET /dashboard/auth/login/google-oauth2/?next=/dashboard/ HTTP/1.1" 404 5909
INFO 2025-04-05 20:37:58,410 basehttp "GET /auth/login/google-oauth2/?next=/dashboard/ HTTP/1.1" 302 0
INFO 2025-04-05 20:39:06,851 basehttp "GET /home/ HTTP/1.1" 200 9214
INFO 2025-04-05 20:47:38,241 basehttp "GET /home/ HTTP/1.1" 200 9214
INFO 2025-04-05 20:47:40,628 basehttp "GET /auth/login/google-oauth2/?next=/dashboard/ HTTP/1.1" 302 0
INFO 2025-04-05 20:47:53,369 autoreload Watching for file changes with StatReloader
INFO 2025-04-05 20:47:56,397 basehttp "GET /auth/login/google-oauth2/?next=/dashboard/ HTTP/1.1" 302 0
INFO 2025-04-05 20:48:08,381 basehttp "GET /auth/complete/google-oauth2/?state=Ej1mpGL2SmDNuGklxDZ4vP9Nun45dsZc&code=4/0Ab_5qlld6o29eg4vP670TTDGkD7QhOJVTD3ipItqD9vd3Cg6ujutlZlAFXJfSchDLLhKlg&scope=email%20profile%20openid%20https://www.googleapis.com/auth/youtube.readonly%20https://www.googleapis.com/auth/yt-analytics.readonly%20https://www.googleapis.com/auth/userinfo.profile%20https://www.googleapis.com/auth/userinfo.email&authuser=0&prompt=consent HTTP/1.1" 302 0
INFO 2025-04-05 20:48:08,394 youtube_analytics Access token available: True
INFO 2025-04-05 20:48:08,394 youtube_analytics Refresh token available: True
INFO 2025-04-05 20:48:08,395 youtube_analytics Client ID available: False
INFO 2025-04-05 20:48:08,395 youtube_analytics Client secret available: False
INFO 2025-04-05 20:48:08,629 youtube_analytics Found channel 'Astral' for user navid23rahimib91f43aa088446a2
ERROR 2025-04-05 20:48:08,870 youtube_analytics User navid23rahimib91f43aa088446a2 doesn't have access to YouTube Analytics
INFO 2025-04-05 20:48:08,890 basehttp "GET /dashboard/ HTTP/1.1" 200 41371
INFO 2025-04-05 20:48:15,633 views Edit profile accessed by user: navid23rahimib91f43aa088446a2
INFO 2025-04-05 20:48:15,636 views Loading profile form via AJAX for user: navid23rahimib91f43aa088446a2
DEBUG 2025-04-05 20:48:15,661 views Submit button in HTML: True
INFO 2025-04-05 20:48:15,674 basehttp "GET /edit-profile/?ajax=1 HTTP/1.1" 200 6779
INFO 2025-04-05 20:48:26,481 basehttp "GET /connect-accounts/ HTTP/1.1" 200 18040
INFO 2025-04-05 20:48:32,918 basehttp "GET /users/ HTTP/1.1" 200 50899
INFO 2025-04-05 20:48:32,938 basehttp "GET /media/profile_pics/wp4737303.jpg HTTP/1.1" 304 0
INFO 2025-04-05 20:48:32,941 basehttp "GET /media/profile_pics/wp3064746.jpg HTTP/1.1" 304 0
INFO 2025-04-05 20:48:32,946 basehttp "GET /media/profile_pics/f1d63732b1aa398f32f2b30cb0313d10.jpg HTTP/1.1" 304 0
INFO 2025-04-05 20:48:35,209 basehttp "GET /profile/dasoccer/ HTTP/1.1" 200 45342
INFO 2025-04-05 20:48:38,717 youtube_analytics Access token available: True
INFO 2025-04-05 20:48:38,717 youtube_analytics Refresh token available: True
INFO 2025-04-05 20:48:38,718 youtube_analytics Client ID available: False
INFO 2025-04-05 20:48:38,718 youtube_analytics Client secret available: False
INFO 2025-04-05 20:48:38,867 youtube_analytics Found channel 'Astral' for user navid23rahimib91f43aa088446a2
ERROR 2025-04-05 20:48:39,077 youtube_analytics User navid23rahimib91f43aa088446a2 doesn't have access to YouTube Analytics
INFO 2025-04-05 20:48:39,081 basehttp "GET /dashboard/ HTTP/1.1" 200 41371
INFO 2025-04-05 20:48:44,135 basehttp "GET /logout/ HTTP/1.1" 302 0
INFO 2025-04-05 20:48:44,140 basehttp "GET /home/ HTTP/1.1" 200 9214
INFO 2025-04-05 20:48:45,430 basehttp "GET /auth/login/google-oauth2/?next=/dashboard/ HTTP/1.1" 302 0
INFO 2025-04-05 20:48:53,256 basehttp "GET /auth/login/google-oauth2/?next=/dashboard/ HTTP/1.1" 302 0
INFO 2025-04-05 20:49:02,718 basehttp "GET /auth/complete/google-oauth2/?state=UQSrdHzaAxKkPd78qp9lOjoQQMg18vIB&code=4/0Ab_5qlmBXMTsL1BGoKjKGPahEp3Nkiv5agXcCOirnNDk0q6O4PpN97SDYKS2_s9OZX6GJA&scope=email%20profile%20openid%20https://www.googleapis.com/auth/youtube.readonly%20https://www.googleapis.com/auth/yt-analytics.readonly%20https://www.googleapis.com/auth/userinfo.profile%20https://www.googleapis.com/auth/userinfo.email&authuser=0&prompt=consent HTTP/1.1" 302 0
INFO 2025-04-05 20:49:02,739 youtube_analytics Access token available: True
INFO 2025-04-05 20:49:02,739 youtube_analytics Refresh token available: True
INFO 2025-04-05 20:49:02,739 youtube_analytics Client ID available: False
INFO 2025-04-05 20:49:02,739 youtube_analytics Client secret available: False
INFO 2025-04-05 20:49:02,937 youtube_analytics Found channel 'Astral' for user navid23rahimib91f43aa088446a2
ERROR 2025-04-05 20:49:03,161 youtube_analytics User navid23rahimib91f43aa088446a2 doesn't have access to YouTube Analytics
INFO 2025-04-05 20:49:03,164 basehttp "GET /dashboard/ HTTP/1.1" 200 41371
INFO 2025-04-05 20:49:10,083 basehttp "GET /home/ HTTP/1.1" 200 10749
INFO 2025-04-05 20:49:10,223 basehttp "GET /static/images/settings.png HTTP/1.1" 304 0
INFO 2025-04-05 20:49:13,483 basehttp "GET /logout/ HTTP/1.1" 302 0
INFO 2025-04-05 20:49:13,489 basehttp "GET /home/ HTTP/1.1" 200 9214
INFO 2025-04-05 20:51:07,027 autoreload Watching for file changes with StatReloader
INFO 2025-04-05 20:51:10,100 basehttp "GET /home/ HTTP/1.1" 200 9214
INFO 2025-04-05 20:53:04,263 autoreload Watching for file changes with StatReloader
INFO 2025-04-05 20:53:41,603 basehttp "GET /home/ HTTP/1.1" 200 15659
INFO 2025-04-05 20:53:41,664 basehttp "GET /static/images/grid-circle.png HTTP/1.1" 200 300460
INFO 2025-04-05 20:54:56,995 basehttp "GET /admin/auth/user/ HTTP/1.1" 302 0
INFO 2025-04-05 20:54:57,826 basehttp "GET /admin/login/?next=/admin/auth/user/ HTTP/1.1" 200 3697
WARNING 2025-04-05 20:54:59,353 log Not Found: /favicon.ico
WARNING 2025-04-05 20:54:59,353 basehttp "GET /favicon.ico HTTP/1.1" 404 5820
INFO 2025-04-05 21:03:40,610 basehttp "GET /home/ HTTP/1.1" 200 16434
INFO 2025-04-05 21:03:58,301 basehttp "POST /accounts/login/ HTTP/1.1" 200 12209
INFO 2025-04-05 21:04:00,250 basehttp "GET /signup/ HTTP/1.1" 200 12224
ERROR 2025-04-05 21:04:17,428 log Internal Server Error: /signup/
Traceback (most recent call last):
  File "/Users/navidrahimi/ytanalytics/ytanalytics/.venv/lib/python3.12/site-packages/django/db/backends/utils.py", line 105, in _execute
    return self.cursor.execute(sql, params)
           ^^^^^^^^^^^^^^^^^^^^^^^^^^^^^^^^
  File "/Users/navidrahimi/ytanalytics/ytanalytics/.venv/lib/python3.12/site-packages/django/db/backends/sqlite3/base.py", line 354, in execute
    return super().execute(query, params)
           ^^^^^^^^^^^^^^^^^^^^^^^^^^^^^^
sqlite3.IntegrityError: UNIQUE constraint failed: dashboard_userprofile.user_id

The above exception was the direct cause of the following exception:

Traceback (most recent call last):
  File "/Users/navidrahimi/ytanalytics/ytanalytics/.venv/lib/python3.12/site-packages/django/core/handlers/exception.py", line 55, in inner
    response = get_response(request)
               ^^^^^^^^^^^^^^^^^^^^^
  File "/Users/navidrahimi/ytanalytics/ytanalytics/.venv/lib/python3.12/site-packages/django/core/handlers/base.py", line 197, in _get_response
    response = wrapped_callback(request, *callback_args, **callback_kwargs)
               ^^^^^^^^^^^^^^^^^^^^^^^^^^^^^^^^^^^^^^^^^^^^^^^^^^^^^^^^^^^^
  File "/Users/navidrahimi/ytanalytics/dashboard/views.py", line 380, in signup_view
    user = form.save()
           ^^^^^^^^^^^
  File "/Users/navidrahimi/ytanalytics/dashboard/forms.py", line 41, in save
    UserProfile.objects.create(user=user)
  File "/Users/navidrahimi/ytanalytics/ytanalytics/.venv/lib/python3.12/site-packages/django/db/models/manager.py", line 87, in manager_method
    return getattr(self.get_queryset(), name)(*args, **kwargs)
           ^^^^^^^^^^^^^^^^^^^^^^^^^^^^^^^^^^^^^^^^^^^^^^^^^^^
  File "/Users/navidrahimi/ytanalytics/ytanalytics/.venv/lib/python3.12/site-packages/django/db/models/query.py", line 679, in create
    obj.save(force_insert=True, using=self.db)
  File "/Users/navidrahimi/ytanalytics/ytanalytics/.venv/lib/python3.12/site-packages/django/db/models/base.py", line 892, in save
    self.save_base(
  File "/Users/navidrahimi/ytanalytics/ytanalytics/.venv/lib/python3.12/site-packages/django/db/models/base.py", line 998, in save_base
    updated = self._save_table(
              ^^^^^^^^^^^^^^^^^
  File "/Users/navidrahimi/ytanalytics/ytanalytics/.venv/lib/python3.12/site-packages/django/db/models/base.py", line 1161, in _save_table
    results = self._do_insert(
              ^^^^^^^^^^^^^^^^
  File "/Users/navidrahimi/ytanalytics/ytanalytics/.venv/lib/python3.12/site-packages/django/db/models/base.py", line 1202, in _do_insert
    return manager._insert(
           ^^^^^^^^^^^^^^^^
  File "/Users/navidrahimi/ytanalytics/ytanalytics/.venv/lib/python3.12/site-packages/django/db/models/manager.py", line 87, in manager_method
    return getattr(self.get_queryset(), name)(*args, **kwargs)
           ^^^^^^^^^^^^^^^^^^^^^^^^^^^^^^^^^^^^^^^^^^^^^^^^^^^
  File "/Users/navidrahimi/ytanalytics/ytanalytics/.venv/lib/python3.12/site-packages/django/db/models/query.py", line 1847, in _insert
    return query.get_compiler(using=using).execute_sql(returning_fields)
           ^^^^^^^^^^^^^^^^^^^^^^^^^^^^^^^^^^^^^^^^^^^^^^^^^^^^^^^^^^^^^
  File "/Users/navidrahimi/ytanalytics/ytanalytics/.venv/lib/python3.12/site-packages/django/db/models/sql/compiler.py", line 1836, in execute_sql
    cursor.execute(sql, params)
  File "/Users/navidrahimi/ytanalytics/ytanalytics/.venv/lib/python3.12/site-packages/django/db/backends/utils.py", line 122, in execute
    return super().execute(sql, params)
           ^^^^^^^^^^^^^^^^^^^^^^^^^^^^
  File "/Users/navidrahimi/ytanalytics/ytanalytics/.venv/lib/python3.12/site-packages/django/db/backends/utils.py", line 79, in execute
    return self._execute_with_wrappers(
           ^^^^^^^^^^^^^^^^^^^^^^^^^^^^
  File "/Users/navidrahimi/ytanalytics/ytanalytics/.venv/lib/python3.12/site-packages/django/db/backends/utils.py", line 92, in _execute_with_wrappers
    return executor(sql, params, many, context)
           ^^^^^^^^^^^^^^^^^^^^^^^^^^^^^^^^^^^^
  File "/Users/navidrahimi/ytanalytics/ytanalytics/.venv/lib/python3.12/site-packages/django/db/backends/utils.py", line 100, in _execute
    with self.db.wrap_database_errors:
  File "/Users/navidrahimi/ytanalytics/ytanalytics/.venv/lib/python3.12/site-packages/django/db/utils.py", line 91, in __exit__
    raise dj_exc_value.with_traceback(traceback) from exc_value
  File "/Users/navidrahimi/ytanalytics/ytanalytics/.venv/lib/python3.12/site-packages/django/db/backends/utils.py", line 105, in _execute
    return self.cursor.execute(sql, params)
           ^^^^^^^^^^^^^^^^^^^^^^^^^^^^^^^^
  File "/Users/navidrahimi/ytanalytics/ytanalytics/.venv/lib/python3.12/site-packages/django/db/backends/sqlite3/base.py", line 354, in execute
    return super().execute(query, params)
           ^^^^^^^^^^^^^^^^^^^^^^^^^^^^^^
django.db.utils.IntegrityError: UNIQUE constraint failed: dashboard_userprofile.user_id
ERROR 2025-04-05 21:04:17,435 basehttp "POST /signup/ HTTP/1.1" 500 172581
ERROR 2025-04-05 21:05:01,844 log Internal Server Error: /signup/
Traceback (most recent call last):
  File "/Users/navidrahimi/ytanalytics/ytanalytics/.venv/lib/python3.12/site-packages/django/db/backends/utils.py", line 105, in _execute
    return self.cursor.execute(sql, params)
           ^^^^^^^^^^^^^^^^^^^^^^^^^^^^^^^^
  File "/Users/navidrahimi/ytanalytics/ytanalytics/.venv/lib/python3.12/site-packages/django/db/backends/sqlite3/base.py", line 354, in execute
    return super().execute(query, params)
           ^^^^^^^^^^^^^^^^^^^^^^^^^^^^^^
sqlite3.IntegrityError: UNIQUE constraint failed: dashboard_userprofile.user_id

The above exception was the direct cause of the following exception:

Traceback (most recent call last):
  File "/Users/navidrahimi/ytanalytics/ytanalytics/.venv/lib/python3.12/site-packages/django/core/handlers/exception.py", line 55, in inner
    response = get_response(request)
               ^^^^^^^^^^^^^^^^^^^^^
  File "/Users/navidrahimi/ytanalytics/ytanalytics/.venv/lib/python3.12/site-packages/django/core/handlers/base.py", line 197, in _get_response
    response = wrapped_callback(request, *callback_args, **callback_kwargs)
               ^^^^^^^^^^^^^^^^^^^^^^^^^^^^^^^^^^^^^^^^^^^^^^^^^^^^^^^^^^^^
  File "/Users/navidrahimi/ytanalytics/dashboard/views.py", line 380, in signup_view
    user = form.save()
           ^^^^^^^^^^^
  File "/Users/navidrahimi/ytanalytics/dashboard/forms.py", line 41, in save
    UserProfile.objects.create(user=user)
  File "/Users/navidrahimi/ytanalytics/ytanalytics/.venv/lib/python3.12/site-packages/django/db/models/manager.py", line 87, in manager_method
    return getattr(self.get_queryset(), name)(*args, **kwargs)
           ^^^^^^^^^^^^^^^^^^^^^^^^^^^^^^^^^^^^^^^^^^^^^^^^^^^
  File "/Users/navidrahimi/ytanalytics/ytanalytics/.venv/lib/python3.12/site-packages/django/db/models/query.py", line 679, in create
    obj.save(force_insert=True, using=self.db)
  File "/Users/navidrahimi/ytanalytics/ytanalytics/.venv/lib/python3.12/site-packages/django/db/models/base.py", line 892, in save
    self.save_base(
  File "/Users/navidrahimi/ytanalytics/ytanalytics/.venv/lib/python3.12/site-packages/django/db/models/base.py", line 998, in save_base
    updated = self._save_table(
              ^^^^^^^^^^^^^^^^^
  File "/Users/navidrahimi/ytanalytics/ytanalytics/.venv/lib/python3.12/site-packages/django/db/models/base.py", line 1161, in _save_table
    results = self._do_insert(
              ^^^^^^^^^^^^^^^^
  File "/Users/navidrahimi/ytanalytics/ytanalytics/.venv/lib/python3.12/site-packages/django/db/models/base.py", line 1202, in _do_insert
    return manager._insert(
           ^^^^^^^^^^^^^^^^
  File "/Users/navidrahimi/ytanalytics/ytanalytics/.venv/lib/python3.12/site-packages/django/db/models/manager.py", line 87, in manager_method
    return getattr(self.get_queryset(), name)(*args, **kwargs)
           ^^^^^^^^^^^^^^^^^^^^^^^^^^^^^^^^^^^^^^^^^^^^^^^^^^^
  File "/Users/navidrahimi/ytanalytics/ytanalytics/.venv/lib/python3.12/site-packages/django/db/models/query.py", line 1847, in _insert
    return query.get_compiler(using=using).execute_sql(returning_fields)
           ^^^^^^^^^^^^^^^^^^^^^^^^^^^^^^^^^^^^^^^^^^^^^^^^^^^^^^^^^^^^^
  File "/Users/navidrahimi/ytanalytics/ytanalytics/.venv/lib/python3.12/site-packages/django/db/models/sql/compiler.py", line 1836, in execute_sql
    cursor.execute(sql, params)
  File "/Users/navidrahimi/ytanalytics/ytanalytics/.venv/lib/python3.12/site-packages/django/db/backends/utils.py", line 122, in execute
    return super().execute(sql, params)
           ^^^^^^^^^^^^^^^^^^^^^^^^^^^^
  File "/Users/navidrahimi/ytanalytics/ytanalytics/.venv/lib/python3.12/site-packages/django/db/backends/utils.py", line 79, in execute
    return self._execute_with_wrappers(
           ^^^^^^^^^^^^^^^^^^^^^^^^^^^^
  File "/Users/navidrahimi/ytanalytics/ytanalytics/.venv/lib/python3.12/site-packages/django/db/backends/utils.py", line 92, in _execute_with_wrappers
    return executor(sql, params, many, context)
           ^^^^^^^^^^^^^^^^^^^^^^^^^^^^^^^^^^^^
  File "/Users/navidrahimi/ytanalytics/ytanalytics/.venv/lib/python3.12/site-packages/django/db/backends/utils.py", line 100, in _execute
    with self.db.wrap_database_errors:
  File "/Users/navidrahimi/ytanalytics/ytanalytics/.venv/lib/python3.12/site-packages/django/db/utils.py", line 91, in __exit__
    raise dj_exc_value.with_traceback(traceback) from exc_value
  File "/Users/navidrahimi/ytanalytics/ytanalytics/.venv/lib/python3.12/site-packages/django/db/backends/utils.py", line 105, in _execute
    return self.cursor.execute(sql, params)
           ^^^^^^^^^^^^^^^^^^^^^^^^^^^^^^^^
  File "/Users/navidrahimi/ytanalytics/ytanalytics/.venv/lib/python3.12/site-packages/django/db/backends/sqlite3/base.py", line 354, in execute
    return super().execute(query, params)
           ^^^^^^^^^^^^^^^^^^^^^^^^^^^^^^
django.db.utils.IntegrityError: UNIQUE constraint failed: dashboard_userprofile.user_id
ERROR 2025-04-05 21:05:01,871 basehttp "POST /signup/ HTTP/1.1" 500 172654
INFO 2025-04-05 21:05:04,577 autoreload /Users/navidrahimi/ytanalytics/dashboard/forms.py changed, reloading.
INFO 2025-04-05 21:05:05,975 autoreload Watching for file changes with StatReloader
INFO 2025-04-05 21:05:23,928 autoreload /Users/navidrahimi/ytanalytics/dashboard/views.py changed, reloading.
INFO 2025-04-05 21:05:24,400 autoreload Watching for file changes with StatReloader
INFO 2025-04-05 21:05:40,892 autoreload /Users/navidrahimi/ytanalytics/dashboard/admin.py changed, reloading.
INFO 2025-04-05 21:05:41,377 autoreload Watching for file changes with StatReloader
INFO 2025-04-05 21:05:48,757 autoreload /Users/navidrahimi/ytanalytics/dashboard/models.py changed, reloading.
INFO 2025-04-05 21:05:49,208 autoreload Watching for file changes with StatReloader
INFO 2025-04-05 21:07:32,419 autoreload Watching for file changes with StatReloader
INFO 2025-04-05 21:07:36,196 basehttp "GET /home/ HTTP/1.1" 200 16434
INFO 2025-04-05 21:07:41,305 basehttp "GET /signup/ HTTP/1.1" 200 12224
INFO 2025-04-05 21:08:25,882 views New user account created: Jung
INFO 2025-04-05 21:08:25,884 basehttp "POST /signup/ HTTP/1.1" 302 0
ERROR 2025-04-05 21:08:25,892 youtube_analytics Error in YouTube analytics for user Jung: UserSocialAuth matching query does not exist.
INFO 2025-04-05 21:08:25,895 basehttp "GET /dashboard/ HTTP/1.1" 200 41329
ERROR 2025-04-05 21:08:30,053 youtube_analytics Error in YouTube analytics for user Jung: UserSocialAuth matching query does not exist.
INFO 2025-04-05 21:08:30,059 basehttp "GET /dashboard/statistics/ HTTP/1.1" 200 49955
INFO 2025-04-05 21:08:31,725 basehttp "GET /users/ HTTP/1.1" 200 55539
INFO 2025-04-05 21:08:31,761 basehttp "GET /media/profile_pics/6f482244cc2b96860300160f33abcb8f.jpg HTTP/1.1" 200 15201
INFO 2025-04-05 21:08:31,762 basehttp "GET /media/profile_pics/f1d63732b1aa398f32f2b30cb0313d10.jpg HTTP/1.1" 200 50152
INFO 2025-04-05 21:08:31,775 basehttp "GET /media/profile_pics/wp3064746.jpg HTTP/1.1" 200 665741
INFO 2025-04-05 21:08:31,777 basehttp "GET /media/profile_pics/wp4737303.jpg HTTP/1.1" 200 801829
ERROR 2025-04-05 21:08:45,963 youtube_analytics Error in YouTube analytics for user Jung: UserSocialAuth matching query does not exist.
INFO 2025-04-05 21:08:45,969 basehttp "GET /dashboard/statistics/ HTTP/1.1" 200 49955
ERROR 2025-04-05 21:08:46,686 youtube_analytics Error in YouTube analytics for user Jung: UserSocialAuth matching query does not exist.
INFO 2025-04-05 21:08:46,689 basehttp "GET /dashboard/ HTTP/1.1" 200 41329
INFO 2025-04-05 21:08:49,529 basehttp "GET /connect-accounts/ HTTP/1.1" 200 18185
INFO 2025-04-05 21:10:00,099 basehttp "GET /connect-accounts/ HTTP/1.1" 200 18185
INFO 2025-04-05 21:14:56,116 autoreload Watching for file changes with StatReloader
ERROR 2025-04-05 21:14:57,203 youtube_analytics Error in YouTube analytics for user Jung: UserSocialAuth matching query does not exist.
INFO 2025-04-05 21:14:57,228 basehttp "GET /dashboard/ HTTP/1.1" 200 41329
INFO 2025-04-05 21:15:00,306 basehttp "GET /connect-accounts/ HTTP/1.1" 200 13853
ERROR 2025-04-05 21:16:15,195 log Internal Server Error: /connect/instagram/
Traceback (most recent call last):
  File "/Users/navidrahimi/ytanalytics/ytanalytics/.venv/lib/python3.12/site-packages/django/core/handlers/exception.py", line 55, in inner
    response = get_response(request)
               ^^^^^^^^^^^^^^^^^^^^^
  File "/Users/navidrahimi/ytanalytics/ytanalytics/.venv/lib/python3.12/site-packages/django/core/handlers/base.py", line 197, in _get_response
    response = wrapped_callback(request, *callback_args, **callback_kwargs)
               ^^^^^^^^^^^^^^^^^^^^^^^^^^^^^^^^^^^^^^^^^^^^^^^^^^^^^^^^^^^^
  File "/Users/navidrahimi/ytanalytics/ytanalytics/.venv/lib/python3.12/site-packages/django/contrib/auth/decorators.py", line 60, in _view_wrapper
    return view_func(request, *args, **kwargs)
           ^^^^^^^^^^^^^^^^^^^^^^^^^^^^^^^^^^^
  File "/Users/navidrahimi/ytanalytics/dashboard/views.py", line 436, in connect_instagram
    return redirect('instagram_oauth_url')
           ^^^^^^^^^^^^^^^^^^^^^^^^^^^^^^^
  File "/Users/navidrahimi/ytanalytics/ytanalytics/.venv/lib/python3.12/site-packages/django/shortcuts.py", line 49, in redirect
    return redirect_class(resolve_url(to, *args, **kwargs))
                          ^^^^^^^^^^^^^^^^^^^^^^^^^^^^^^^^
  File "/Users/navidrahimi/ytanalytics/ytanalytics/.venv/lib/python3.12/site-packages/django/shortcuts.py", line 180, in resolve_url
    return reverse(to, args=args, kwargs=kwargs)
           ^^^^^^^^^^^^^^^^^^^^^^^^^^^^^^^^^^^^^
  File "/Users/navidrahimi/ytanalytics/ytanalytics/.venv/lib/python3.12/site-packages/django/urls/base.py", line 88, in reverse
    return resolver._reverse_with_prefix(view, prefix, *args, **kwargs)
           ^^^^^^^^^^^^^^^^^^^^^^^^^^^^^^^^^^^^^^^^^^^^^^^^^^^^^^^^^^^^
  File "/Users/navidrahimi/ytanalytics/ytanalytics/.venv/lib/python3.12/site-packages/django/urls/resolvers.py", line 831, in _reverse_with_prefix
    raise NoReverseMatch(msg)
django.urls.exceptions.NoReverseMatch: Reverse for 'instagram_oauth_url' not found. 'instagram_oauth_url' is not a valid view function or pattern name.
ERROR 2025-04-05 21:16:15,200 basehttp "GET /connect/instagram/ HTTP/1.1" 500 91994
ERROR 2025-04-05 21:16:17,370 log Internal Server Error: /connect/youtube/
Traceback (most recent call last):
  File "/Users/navidrahimi/ytanalytics/ytanalytics/.venv/lib/python3.12/site-packages/django/core/handlers/exception.py", line 55, in inner
    response = get_response(request)
               ^^^^^^^^^^^^^^^^^^^^^
  File "/Users/navidrahimi/ytanalytics/ytanalytics/.venv/lib/python3.12/site-packages/django/core/handlers/base.py", line 197, in _get_response
    response = wrapped_callback(request, *callback_args, **callback_kwargs)
               ^^^^^^^^^^^^^^^^^^^^^^^^^^^^^^^^^^^^^^^^^^^^^^^^^^^^^^^^^^^^
  File "/Users/navidrahimi/ytanalytics/ytanalytics/.venv/lib/python3.12/site-packages/django/contrib/auth/decorators.py", line 60, in _view_wrapper
    return view_func(request, *args, **kwargs)
           ^^^^^^^^^^^^^^^^^^^^^^^^^^^^^^^^^^^
  File "/Users/navidrahimi/ytanalytics/dashboard/views.py", line 412, in connect_youtube
    return redirect('youtube_oauth_url')
           ^^^^^^^^^^^^^^^^^^^^^^^^^^^^^
  File "/Users/navidrahimi/ytanalytics/ytanalytics/.venv/lib/python3.12/site-packages/django/shortcuts.py", line 49, in redirect
    return redirect_class(resolve_url(to, *args, **kwargs))
                          ^^^^^^^^^^^^^^^^^^^^^^^^^^^^^^^^
  File "/Users/navidrahimi/ytanalytics/ytanalytics/.venv/lib/python3.12/site-packages/django/shortcuts.py", line 180, in resolve_url
    return reverse(to, args=args, kwargs=kwargs)
           ^^^^^^^^^^^^^^^^^^^^^^^^^^^^^^^^^^^^^
  File "/Users/navidrahimi/ytanalytics/ytanalytics/.venv/lib/python3.12/site-packages/django/urls/base.py", line 88, in reverse
    return resolver._reverse_with_prefix(view, prefix, *args, **kwargs)
           ^^^^^^^^^^^^^^^^^^^^^^^^^^^^^^^^^^^^^^^^^^^^^^^^^^^^^^^^^^^^
  File "/Users/navidrahimi/ytanalytics/ytanalytics/.venv/lib/python3.12/site-packages/django/urls/resolvers.py", line 831, in _reverse_with_prefix
    raise NoReverseMatch(msg)
django.urls.exceptions.NoReverseMatch: Reverse for 'youtube_oauth_url' not found. 'youtube_oauth_url' is not a valid view function or pattern name.
ERROR 2025-04-05 21:16:17,372 basehttp "GET /connect/youtube/ HTTP/1.1" 500 91886
ERROR 2025-04-05 21:26:30,451 youtube_analytics Error in YouTube analytics for user Jung: UserSocialAuth matching query does not exist.
INFO 2025-04-05 21:26:30,500 basehttp "GET /dashboard/ HTTP/1.1" 200 41329
INFO 2025-04-05 21:26:34,387 basehttp "GET /connect-accounts/ HTTP/1.1" 200 14769
ERROR 2025-04-05 21:28:18,170 youtube_analytics Error in YouTube analytics for user Jung: UserSocialAuth matching query does not exist.
INFO 2025-04-05 21:28:18,187 basehttp "GET /dashboard/ HTTP/1.1" 200 41329
INFO 2025-04-05 21:28:22,081 basehttp "GET /connect-accounts/ HTTP/1.1" 200 15005
INFO 2025-04-05 21:28:30,729 autoreload Watching for file changes with StatReloader
INFO 2025-04-05 21:28:36,131 basehttp "GET /connect-accounts/ HTTP/1.1" 200 15005
INFO 2025-04-05 21:30:55,268 autoreload /Users/navidrahimi/ytanalytics/dashboard/views.py changed, reloading.
INFO 2025-04-05 21:30:55,894 autoreload Watching for file changes with StatReloader
ERROR 2025-04-05 21:42:44,199 youtube_analytics Error in YouTube analytics for user Jung: UserSocialAuth matching query does not exist.
INFO 2025-04-05 21:42:44,237 basehttp "GET /dashboard/ HTTP/1.1" 200 44710
INFO 2025-04-05 21:42:47,048 basehttp "GET /connect-accounts/ HTTP/1.1" 200 15118
INFO 2025-04-05 21:42:53,430 autoreload Watching for file changes with StatReloader
ERROR 2025-04-05 21:42:55,499 youtube_analytics Error in YouTube analytics for user Jung: UserSocialAuth matching query does not exist.
INFO 2025-04-05 21:42:55,522 basehttp "GET /dashboard/ HTTP/1.1" 200 44710
ERROR 2025-04-05 21:42:55,753 youtube_analytics Error in YouTube analytics for user Jung: UserSocialAuth matching query does not exist.
INFO 2025-04-05 21:42:55,756 basehttp "GET /dashboard/ HTTP/1.1" 200 44710
INFO 2025-04-05 21:42:58,823 basehttp "GET /connect-accounts/ HTTP/1.1" 200 15118
INFO 2025-04-05 21:43:26,211 basehttp "GET /dashboard/ HTTP/1.1" 302 0
WARNING 2025-04-05 21:43:26,258 log Not Found: /dashboard/auth/login/google-oauth2/
WARNING 2025-04-05 21:43:26,259 basehttp "GET /dashboard/auth/login/google-oauth2/?next=/dashboard/ HTTP/1.1" 404 5909
INFO 2025-04-05 21:43:32,753 basehttp "GET /home HTTP/1.1" 301 0
INFO 2025-04-05 21:43:32,771 basehttp "GET /home/ HTTP/1.1" 200 16434
INFO 2025-04-05 21:43:32,964 basehttp "GET /static/images/grid-circle.png HTTP/1.1" 200 300460
INFO 2025-04-05 21:43:35,789 basehttp "GET /auth/login/google-oauth2/?next=/dashboard/ HTTP/1.1" 302 0
INFO 2025-04-05 21:44:14,798 views Attempting to fetch YouTube channel info for user: dasoccer
INFO 2025-04-05 21:44:15,008 views Found YouTube channel for dasoccer: ikyy (UCsDQAU5nsydVnxJZkAVGHdQ)
INFO 2025-04-05 21:44:15,010 views Successfully connected YouTube channel for user: dasoccer
INFO 2025-04-05 21:44:15,026 basehttp "GET /auth/complete/google-oauth2/?state=70BnqssUFAWhewOaZwtnvsSUm2KtGoiE&code=4/0Ab_5qlkqIQd6fKIzCuHb0TCe4akAAGJh6ghHfxIhcSyI8rwGuQDzv6f9-irK-s0CJc7Eqg&scope=email%20profile%20openid%20https://www.googleapis.com/auth/youtube.readonly%20https://www.googleapis.com/auth/yt-analytics.readonly%20https://www.googleapis.com/auth/userinfo.profile%20https://www.googleapis.com/auth/userinfo.email&authuser=0&prompt=consent HTTP/1.1" 302 0
INFO 2025-04-05 21:44:15,037 youtube_analytics Access token available: True
INFO 2025-04-05 21:44:15,037 youtube_analytics Refresh token available: True
INFO 2025-04-05 21:44:15,037 youtube_analytics Client ID available: False
INFO 2025-04-05 21:44:15,037 youtube_analytics Client secret available: False
INFO 2025-04-05 21:44:15,159 youtube_analytics Found channel 'ikyy' for user dasoccer
ERROR 2025-04-05 21:44:15,382 youtube_analytics User dasoccer doesn't have access to YouTube Analytics
INFO 2025-04-05 21:44:15,389 basehttp "GET /dashboard/ HTTP/1.1" 200 44843
INFO 2025-04-05 21:44:15,457 basehttp "GET /media/profile_pics/f1d63732b1aa398f32f2b30cb0313d10.jpg HTTP/1.1" 200 50152
INFO 2025-04-05 21:44:17,792 youtube_analytics Access token available: True
INFO 2025-04-05 21:44:17,793 youtube_analytics Refresh token available: True
INFO 2025-04-05 21:44:17,793 youtube_analytics Client ID available: False
INFO 2025-04-05 21:44:17,794 youtube_analytics Client secret available: False
INFO 2025-04-05 21:44:17,925 youtube_analytics Found channel 'ikyy' for user dasoccer
ERROR 2025-04-05 21:44:18,136 youtube_analytics User dasoccer doesn't have access to YouTube Analytics
INFO 2025-04-05 21:44:18,152 basehttp "GET /dashboard/statistics/ HTTP/1.1" 200 53626
INFO 2025-04-05 21:44:22,904 basehttp "GET /connect-accounts/ HTTP/1.1" 200 15102
ERROR 2025-04-05 21:44:27,818 log Internal Server Error: /connect/tiktok/
Traceback (most recent call last):
  File "/Users/navidrahimi/ytanalytics/ytanalytics/.venv/lib/python3.12/site-packages/django/core/handlers/exception.py", line 55, in inner
    response = get_response(request)
               ^^^^^^^^^^^^^^^^^^^^^
  File "/Users/navidrahimi/ytanalytics/ytanalytics/.venv/lib/python3.12/site-packages/django/core/handlers/base.py", line 197, in _get_response
    response = wrapped_callback(request, *callback_args, **callback_kwargs)
               ^^^^^^^^^^^^^^^^^^^^^^^^^^^^^^^^^^^^^^^^^^^^^^^^^^^^^^^^^^^^
  File "/Users/navidrahimi/ytanalytics/ytanalytics/.venv/lib/python3.12/site-packages/django/contrib/auth/decorators.py", line 60, in _view_wrapper
    return view_func(request, *args, **kwargs)
           ^^^^^^^^^^^^^^^^^^^^^^^^^^^^^^^^^^^
  File "/Users/navidrahimi/ytanalytics/dashboard/views.py", line 425, in connect_tiktok
    return redirect('tiktok_oauth_url')
           ^^^^^^^^^^^^^^^^^^^^^^^^^^^^
  File "/Users/navidrahimi/ytanalytics/ytanalytics/.venv/lib/python3.12/site-packages/django/shortcuts.py", line 49, in redirect
    return redirect_class(resolve_url(to, *args, **kwargs))
                          ^^^^^^^^^^^^^^^^^^^^^^^^^^^^^^^^
  File "/Users/navidrahimi/ytanalytics/ytanalytics/.venv/lib/python3.12/site-packages/django/shortcuts.py", line 180, in resolve_url
    return reverse(to, args=args, kwargs=kwargs)
           ^^^^^^^^^^^^^^^^^^^^^^^^^^^^^^^^^^^^^
  File "/Users/navidrahimi/ytanalytics/ytanalytics/.venv/lib/python3.12/site-packages/django/urls/base.py", line 88, in reverse
    return resolver._reverse_with_prefix(view, prefix, *args, **kwargs)
           ^^^^^^^^^^^^^^^^^^^^^^^^^^^^^^^^^^^^^^^^^^^^^^^^^^^^^^^^^^^^
  File "/Users/navidrahimi/ytanalytics/ytanalytics/.venv/lib/python3.12/site-packages/django/urls/resolvers.py", line 831, in _reverse_with_prefix
    raise NoReverseMatch(msg)
django.urls.exceptions.NoReverseMatch: Reverse for 'tiktok_oauth_url' not found. 'tiktok_oauth_url' is not a valid view function or pattern name.
ERROR 2025-04-05 21:44:27,823 basehttp "GET /connect/tiktok/ HTTP/1.1" 500 91689
INFO 2025-04-05 21:51:23,553 autoreload /Users/navidrahimi/ytanalytics/dashboard/views.py changed, reloading.
INFO 2025-04-05 21:51:26,235 autoreload Watching for file changes with StatReloader
ERROR 2025-04-05 21:52:28,657 youtube_analytics Error in YouTube analytics for user Jung: UserSocialAuth matching query does not exist.
INFO 2025-04-05 21:52:28,706 basehttp "GET /dashboard/ HTTP/1.1" 200 44710
INFO 2025-04-05 21:52:30,786 views Edit profile accessed by user: Jung
INFO 2025-04-05 21:52:30,790 views Loading profile form via AJAX for user: Jung
DEBUG 2025-04-05 21:52:30,841 views Submit button in HTML: True
INFO 2025-04-05 21:52:30,842 basehttp "GET /edit-profile/?ajax=1 HTTP/1.1" 200 6714
INFO 2025-04-05 21:52:38,268 basehttp "GET /connect-accounts/ HTTP/1.1" 200 17821
INFO 2025-04-05 21:53:15,737 youtube_analytics Access token available: True
INFO 2025-04-05 21:53:15,738 youtube_analytics Refresh token available: True
INFO 2025-04-05 21:53:15,739 youtube_analytics Client ID available: False
INFO 2025-04-05 21:53:15,739 youtube_analytics Client secret available: False
INFO 2025-04-05 21:53:15,994 youtube_analytics Found channel 'ikyy' for user dasoccer
ERROR 2025-04-05 21:53:16,235 youtube_analytics User dasoccer doesn't have access to YouTube Analytics
INFO 2025-04-05 21:53:16,241 basehttp "GET /dashboard/statistics/ HTTP/1.1" 200 53626
INFO 2025-04-05 21:53:19,536 basehttp "GET /connect-accounts/ HTTP/1.1" 200 17824
INFO 2025-04-05 21:55:34,057 autoreload /Users/navidrahimi/ytanalytics/dashboard/youtube_analytics.py changed, reloading.
INFO 2025-04-05 21:55:34,688 autoreload Watching for file changes with StatReloader
INFO 2025-04-05 21:56:10,582 autoreload /Users/navidrahimi/ytanalytics/dashboard/views.py changed, reloading.
INFO 2025-04-05 21:56:11,102 autoreload Watching for file changes with StatReloader
INFO 2025-04-05 21:56:31,649 autoreload /Users/navidrahimi/ytanalytics/dashboard/views.py changed, reloading.
INFO 2025-04-05 21:56:32,106 autoreload Watching for file changes with StatReloader
INFO 2025-04-05 21:56:43,513 autoreload /Users/navidrahimi/ytanalytics/dashboard/views.py changed, reloading.
INFO 2025-04-05 21:56:44,055 autoreload Watching for file changes with StatReloader
INFO 2025-04-05 21:57:43,217 autoreload /Users/navidrahimi/ytanalytics/dashboard/views.py changed, reloading.
INFO 2025-04-05 21:57:43,843 autoreload Watching for file changes with StatReloader
INFO 2025-04-05 21:57:59,545 autoreload /Users/navidrahimi/ytanalytics/dashboard/views.py changed, reloading.
INFO 2025-04-05 21:58:00,048 autoreload Watching for file changes with StatReloader
INFO 2025-04-05 21:58:14,923 autoreload /Users/navidrahimi/ytanalytics/dashboard/views.py changed, reloading.
INFO 2025-04-05 21:58:15,771 autoreload Watching for file changes with StatReloader
INFO 2025-04-05 22:00:46,483 autoreload Watching for file changes with StatReloader
INFO 2025-04-05 22:00:51,841 youtube_analytics Access token available: True
INFO 2025-04-05 22:00:51,841 youtube_analytics Refresh token available: True
INFO 2025-04-05 22:00:51,842 youtube_analytics Client ID available: False
INFO 2025-04-05 22:00:51,842 youtube_analytics Client secret available: False
INFO 2025-04-05 22:00:52,780 youtube_analytics Found channel 'ikyy' for user dasoccer
ERROR 2025-04-05 22:00:53,178 youtube_analytics User dasoccer doesn't have access to YouTube Analytics
INFO 2025-04-05 22:00:53,178 youtube_analytics Using mock data for user dasoccer due to permission error
INFO 2025-04-05 22:00:53,210 basehttp "GET /dashboard/statistics/ HTTP/1.1" 200 56618
INFO 2025-04-05 22:01:05,811 youtube_analytics Access token available: True
INFO 2025-04-05 22:01:05,812 youtube_analytics Refresh token available: True
INFO 2025-04-05 22:01:05,812 youtube_analytics Client ID available: False
INFO 2025-04-05 22:01:05,812 youtube_analytics Client secret available: False
INFO 2025-04-05 22:01:06,191 youtube_analytics Found channel 'ikyy' for user dasoccer
ERROR 2025-04-05 22:01:06,572 youtube_analytics User dasoccer doesn't have access to YouTube Analytics
INFO 2025-04-05 22:01:06,572 youtube_analytics Using mock data for user dasoccer due to permission error
INFO 2025-04-05 22:01:06,593 basehttp "GET /dashboard/statistics/ HTTP/1.1" 200 56618
INFO 2025-04-05 22:01:09,996 youtube_analytics Access token available: True
INFO 2025-04-05 22:01:09,996 youtube_analytics Refresh token available: True
INFO 2025-04-05 22:01:09,996 youtube_analytics Client ID available: False
INFO 2025-04-05 22:01:09,996 youtube_analytics Client secret available: False
INFO 2025-04-05 22:01:10,434 youtube_analytics Found channel 'ikyy' for user dasoccer
ERROR 2025-04-05 22:01:10,766 youtube_analytics User dasoccer doesn't have access to YouTube Analytics
INFO 2025-04-05 22:01:10,766 youtube_analytics Using mock data for user dasoccer due to permission error
INFO 2025-04-05 22:01:10,782 basehttp "GET /dashboard/ HTTP/1.1" 200 46520
INFO 2025-04-05 22:01:15,864 youtube_analytics Access token available: True
INFO 2025-04-05 22:01:15,864 youtube_analytics Refresh token available: True
INFO 2025-04-05 22:01:15,864 youtube_analytics Client ID available: False
INFO 2025-04-05 22:01:15,864 youtube_analytics Client secret available: False
INFO 2025-04-05 22:01:16,122 youtube_analytics Found channel 'ikyy' for user dasoccer
ERROR 2025-04-05 22:01:16,363 youtube_analytics User dasoccer doesn't have access to YouTube Analytics
INFO 2025-04-05 22:01:16,363 youtube_analytics Using mock data for user dasoccer due to permission error
INFO 2025-04-05 22:01:16,375 basehttp "GET /dashboard/statistics/ HTTP/1.1" 200 56618
INFO 2025-04-05 22:01:19,030 youtube_analytics Access token available: True
INFO 2025-04-05 22:01:19,031 youtube_analytics Refresh token available: True
INFO 2025-04-05 22:01:19,031 youtube_analytics Client ID available: False
INFO 2025-04-05 22:01:19,031 youtube_analytics Client secret available: False
INFO 2025-04-05 22:01:19,250 youtube_analytics Found channel 'ikyy' for user dasoccer
ERROR 2025-04-05 22:01:19,452 youtube_analytics User dasoccer doesn't have access to YouTube Analytics
INFO 2025-04-05 22:01:19,452 youtube_analytics Using mock data for user dasoccer due to permission error
INFO 2025-04-05 22:01:19,456 basehttp "GET /dashboard/ HTTP/1.1" 200 46520
INFO 2025-04-05 22:01:37,151 youtube_analytics Access token available: True
INFO 2025-04-05 22:01:37,151 youtube_analytics Refresh token available: True
INFO 2025-04-05 22:01:37,152 youtube_analytics Client ID available: False
INFO 2025-04-05 22:01:37,152 youtube_analytics Client secret available: False
INFO 2025-04-05 22:01:37,302 youtube_analytics Found channel 'ikyy' for user dasoccer
ERROR 2025-04-05 22:01:37,537 youtube_analytics User dasoccer doesn't have access to YouTube Analytics
INFO 2025-04-05 22:01:37,538 youtube_analytics Using mock data for user dasoccer due to permission error
INFO 2025-04-05 22:01:37,544 basehttp "GET /dashboard/ HTTP/1.1" 200 46520
INFO 2025-04-05 22:02:11,309 autoreload /Users/navidrahimi/ytanalytics/ytanalytics/settings.py changed, reloading.
INFO 2025-04-05 22:02:11,889 autoreload Watching for file changes with StatReloader
INFO 2025-04-05 22:02:39,995 autoreload /Users/navidrahimi/ytanalytics/dashboard/youtube_analytics.py changed, reloading.
INFO 2025-04-05 22:02:40,521 autoreload Watching for file changes with StatReloader
INFO 2025-04-05 22:02:51,970 autoreload /Users/navidrahimi/ytanalytics/dashboard/views.py changed, reloading.
INFO 2025-04-05 22:02:52,456 autoreload Watching for file changes with StatReloader
INFO 2025-04-05 22:03:21,172 autoreload /Users/navidrahimi/ytanalytics/ytanalytics/settings.py changed, reloading.
INFO 2025-04-05 22:03:23,792 autoreload Watching for file changes with StatReloader
INFO 2025-04-05 22:03:25,642 basehttp "GET /logout/ HTTP/1.1" 302 0
INFO 2025-04-05 22:03:25,706 basehttp "GET /home/ HTTP/1.1" 200 16434
INFO 2025-04-05 22:03:28,981 basehttp "GET /auth/login/google-oauth2/?next=/dashboard/ HTTP/1.1" 302 0
INFO 2025-04-05 22:03:52,653 basehttp "GET /auth/complete/google-oauth2/?state=7aWu6nJ7mLYJFfhhzSxeJLtrFnD8TvYC&code=4/0Ab_5qllaZwVB3rgiBZJLNyNZodC6EbVWQNhkg0qZvMTispR7f60-hgH4kbCwFUyUh8SFZA&scope=email%20profile%20openid%20https://www.googleapis.com/auth/youtube.readonly%20https://www.googleapis.com/auth/youtubepartner%20https://www.googleapis.com/auth/yt-analytics.readonly%20https://www.googleapis.com/auth/youtube%20https://www.googleapis.com/auth/userinfo.profile%20https://www.googleapis.com/auth/userinfo.email&authuser=0&prompt=consent HTTP/1.1" 302 0
INFO 2025-04-05 22:03:52,661 youtube_analytics Access token available: True
INFO 2025-04-05 22:03:52,662 youtube_analytics Refresh token available: True
INFO 2025-04-05 22:03:52,662 youtube_analytics Client ID available: False
INFO 2025-04-05 22:03:52,662 youtube_analytics Client secret available: False
INFO 2025-04-05 22:03:52,841 youtube_analytics Found channel 'ikyy' for user dasoccer
ERROR 2025-04-05 22:03:53,045 youtube_analytics User dasoccer doesn't have access to YouTube Analytics: <HttpError 403 when requesting https://youtubeanalytics.googleapis.com/v2/reports?ids=channel%3D%3DUCsDQAU5nsydVnxJZkAVGHdQ&startDate=2025-03-06&endDate=2025-04-05&metrics=views%2CestimatedMinutesWatched%2CaverageViewDuration%2CsubscribersGained&dimensions=day&alt=json returned "YouTube Analytics API has not been used in project 1003808745084 before or it is disabled. Enable it by visiting https://console.developers.google.com/apis/api/youtubeanalytics.googleapis.com/overview?project=1003808745084 then retry. If you enabled this API recently, wait a few minutes for the action to propagate to our systems and retry.". Details: "[{'message': 'YouTube Analytics API has not been used in project 1003808745084 before or it is disabled. Enable it by visiting https://console.developers.google.com/apis/api/youtubeanalytics.googleapis.com/overview?project=1003808745084 then retry. If you enabled this API recently, wait a few minutes for the action to propagate to our systems and retry.', 'domain': 'usageLimits', 'reason': 'accessNotConfigured', 'extendedHelp': 'https://console.developers.google.com'}]">
ERROR 2025-04-05 22:03:53,045 youtube_analytics Error details: YouTube Analytics API has not been used in project 1003808745084 before or it is disabled. Enable it by visiting https://console.developers.google.com/apis/api/youtubeanalytics.googleapis.com/overview?project=1003808745084 then retry. If you enabled this API recently, wait a few minutes for the action to propagate to our systems and retry.
INFO 2025-04-05 22:03:53,046 youtube_analytics Using mock data for user dasoccer due to permission error
INFO 2025-04-05 22:03:53,057 basehttp "GET /dashboard/ HTTP/1.1" 200 46520
INFO 2025-04-05 22:03:55,120 youtube_analytics Access token available: True
INFO 2025-04-05 22:03:55,120 youtube_analytics Refresh token available: True
INFO 2025-04-05 22:03:55,120 youtube_analytics Client ID available: False
INFO 2025-04-05 22:03:55,120 youtube_analytics Client secret available: False
INFO 2025-04-05 22:03:55,239 youtube_analytics Found channel 'ikyy' for user dasoccer
ERROR 2025-04-05 22:03:55,459 youtube_analytics User dasoccer doesn't have access to YouTube Analytics: <HttpError 403 when requesting https://youtubeanalytics.googleapis.com/v2/reports?ids=channel%3D%3DUCsDQAU5nsydVnxJZkAVGHdQ&startDate=2025-03-06&endDate=2025-04-05&metrics=views%2CestimatedMinutesWatched%2CaverageViewDuration%2CsubscribersGained&dimensions=day&alt=json returned "YouTube Analytics API has not been used in project 1003808745084 before or it is disabled. Enable it by visiting https://console.developers.google.com/apis/api/youtubeanalytics.googleapis.com/overview?project=1003808745084 then retry. If you enabled this API recently, wait a few minutes for the action to propagate to our systems and retry.". Details: "[{'message': 'YouTube Analytics API has not been used in project 1003808745084 before or it is disabled. Enable it by visiting https://console.developers.google.com/apis/api/youtubeanalytics.googleapis.com/overview?project=1003808745084 then retry. If you enabled this API recently, wait a few minutes for the action to propagate to our systems and retry.', 'domain': 'usageLimits', 'reason': 'accessNotConfigured', 'extendedHelp': 'https://console.developers.google.com'}]">
ERROR 2025-04-05 22:03:55,460 youtube_analytics Error details: YouTube Analytics API has not been used in project 1003808745084 before or it is disabled. Enable it by visiting https://console.developers.google.com/apis/api/youtubeanalytics.googleapis.com/overview?project=1003808745084 then retry. If you enabled this API recently, wait a few minutes for the action to propagate to our systems and retry.
INFO 2025-04-05 22:03:55,460 youtube_analytics Using mock data for user dasoccer due to permission error
INFO 2025-04-05 22:03:55,476 basehttp "GET /dashboard/statistics/ HTTP/1.1" 200 56618
INFO 2025-04-05 22:03:58,037 youtube_analytics Access token available: True
INFO 2025-04-05 22:03:58,037 youtube_analytics Refresh token available: True
INFO 2025-04-05 22:03:58,037 youtube_analytics Client ID available: False
INFO 2025-04-05 22:03:58,037 youtube_analytics Client secret available: False
INFO 2025-04-05 22:03:58,152 youtube_analytics Found channel 'ikyy' for user dasoccer
ERROR 2025-04-05 22:03:58,365 youtube_analytics User dasoccer doesn't have access to YouTube Analytics: <HttpError 403 when requesting https://youtubeanalytics.googleapis.com/v2/reports?ids=channel%3D%3DUCsDQAU5nsydVnxJZkAVGHdQ&startDate=2025-03-06&endDate=2025-04-05&metrics=views%2CestimatedMinutesWatched%2CaverageViewDuration%2CsubscribersGained&dimensions=day&alt=json returned "YouTube Analytics API has not been used in project 1003808745084 before or it is disabled. Enable it by visiting https://console.developers.google.com/apis/api/youtubeanalytics.googleapis.com/overview?project=1003808745084 then retry. If you enabled this API recently, wait a few minutes for the action to propagate to our systems and retry.". Details: "[{'message': 'YouTube Analytics API has not been used in project 1003808745084 before or it is disabled. Enable it by visiting https://console.developers.google.com/apis/api/youtubeanalytics.googleapis.com/overview?project=1003808745084 then retry. If you enabled this API recently, wait a few minutes for the action to propagate to our systems and retry.', 'domain': 'usageLimits', 'reason': 'accessNotConfigured', 'extendedHelp': 'https://console.developers.google.com'}]">
ERROR 2025-04-05 22:03:58,365 youtube_analytics Error details: YouTube Analytics API has not been used in project 1003808745084 before or it is disabled. Enable it by visiting https://console.developers.google.com/apis/api/youtubeanalytics.googleapis.com/overview?project=1003808745084 then retry. If you enabled this API recently, wait a few minutes for the action to propagate to our systems and retry.
INFO 2025-04-05 22:03:58,365 youtube_analytics Using mock data for user dasoccer due to permission error
INFO 2025-04-05 22:03:58,372 basehttp "GET /dashboard/ HTTP/1.1" 200 46520
INFO 2025-04-05 22:04:19,637 basehttp "GET /connect-accounts/ HTTP/1.1" 200 17824
INFO 2025-04-05 22:04:20,406 basehttp "POST /disconnect/youtube/ HTTP/1.1" 200 73
INFO 2025-04-05 22:04:20,415 basehttp "GET /connect-accounts/ HTTP/1.1" 200 17821
INFO 2025-04-05 22:04:28,199 basehttp "GET /logout/ HTTP/1.1" 302 0
INFO 2025-04-05 22:04:28,218 basehttp "GET /home/ HTTP/1.1" 200 16434
INFO 2025-04-05 22:04:30,835 basehttp "GET /auth/login/google-oauth2/?next=/dashboard/ HTTP/1.1" 302 0
INFO 2025-04-05 22:04:43,343 views Attempting to fetch YouTube channel info for user: dasoccer
INFO 2025-04-05 22:04:43,466 views Found YouTube channel for dasoccer: ikyy (UCsDQAU5nsydVnxJZkAVGHdQ)
INFO 2025-04-05 22:04:43,468 views Successfully connected YouTube channel for user: dasoccer
INFO 2025-04-05 22:04:43,476 basehttp "GET /auth/complete/google-oauth2/?state=9wRISU83aRl9B8vQ9sAJSNvxRqAXQBZN&code=4/0Ab_5qlkK7N-VRvMYK0qza4V8oTnoRr0Pxa8qqBWsiT0i-UAIpZ4TUc33OrK4QfA5xZy_sA&scope=email%20profile%20openid%20https://www.googleapis.com/auth/youtube.readonly%20https://www.googleapis.com/auth/youtubepartner%20https://www.googleapis.com/auth/yt-analytics.readonly%20https://www.googleapis.com/auth/youtube%20https://www.googleapis.com/auth/userinfo.profile%20https://www.googleapis.com/auth/userinfo.email&authuser=0&prompt=consent HTTP/1.1" 302 0
INFO 2025-04-05 22:04:43,484 youtube_analytics Access token available: True
INFO 2025-04-05 22:04:43,484 youtube_analytics Refresh token available: True
INFO 2025-04-05 22:04:43,484 youtube_analytics Client ID available: False
INFO 2025-04-05 22:04:43,484 youtube_analytics Client secret available: False
INFO 2025-04-05 22:04:43,735 youtube_analytics Found channel 'ikyy' for user dasoccer
ERROR 2025-04-05 22:04:43,951 youtube_analytics User dasoccer doesn't have access to YouTube Analytics: <HttpError 403 when requesting https://youtubeanalytics.googleapis.com/v2/reports?ids=channel%3D%3DUCsDQAU5nsydVnxJZkAVGHdQ&startDate=2025-03-06&endDate=2025-04-05&metrics=views%2CestimatedMinutesWatched%2CaverageViewDuration%2CsubscribersGained&dimensions=day&alt=json returned "YouTube Analytics API has not been used in project 1003808745084 before or it is disabled. Enable it by visiting https://console.developers.google.com/apis/api/youtubeanalytics.googleapis.com/overview?project=1003808745084 then retry. If you enabled this API recently, wait a few minutes for the action to propagate to our systems and retry.". Details: "[{'message': 'YouTube Analytics API has not been used in project 1003808745084 before or it is disabled. Enable it by visiting https://console.developers.google.com/apis/api/youtubeanalytics.googleapis.com/overview?project=1003808745084 then retry. If you enabled this API recently, wait a few minutes for the action to propagate to our systems and retry.', 'domain': 'usageLimits', 'reason': 'accessNotConfigured', 'extendedHelp': 'https://console.developers.google.com'}]">
ERROR 2025-04-05 22:04:43,951 youtube_analytics Error details: YouTube Analytics API has not been used in project 1003808745084 before or it is disabled. Enable it by visiting https://console.developers.google.com/apis/api/youtubeanalytics.googleapis.com/overview?project=1003808745084 then retry. If you enabled this API recently, wait a few minutes for the action to propagate to our systems and retry.
INFO 2025-04-05 22:04:43,951 youtube_analytics Using mock data for user dasoccer due to permission error
INFO 2025-04-05 22:04:43,954 basehttp "GET /dashboard/ HTTP/1.1" 200 46520
INFO 2025-04-05 22:04:46,077 youtube_analytics Access token available: True
INFO 2025-04-05 22:04:46,077 youtube_analytics Refresh token available: True
INFO 2025-04-05 22:04:46,077 youtube_analytics Client ID available: False
INFO 2025-04-05 22:04:46,077 youtube_analytics Client secret available: False
INFO 2025-04-05 22:04:46,408 youtube_analytics Found channel 'ikyy' for user dasoccer
ERROR 2025-04-05 22:04:46,613 youtube_analytics User dasoccer doesn't have access to YouTube Analytics: <HttpError 403 when requesting https://youtubeanalytics.googleapis.com/v2/reports?ids=channel%3D%3DUCsDQAU5nsydVnxJZkAVGHdQ&startDate=2025-03-06&endDate=2025-04-05&metrics=views%2CestimatedMinutesWatched%2CaverageViewDuration%2CsubscribersGained&dimensions=day&alt=json returned "YouTube Analytics API has not been used in project 1003808745084 before or it is disabled. Enable it by visiting https://console.developers.google.com/apis/api/youtubeanalytics.googleapis.com/overview?project=1003808745084 then retry. If you enabled this API recently, wait a few minutes for the action to propagate to our systems and retry.". Details: "[{'message': 'YouTube Analytics API has not been used in project 1003808745084 before or it is disabled. Enable it by visiting https://console.developers.google.com/apis/api/youtubeanalytics.googleapis.com/overview?project=1003808745084 then retry. If you enabled this API recently, wait a few minutes for the action to propagate to our systems and retry.', 'domain': 'usageLimits', 'reason': 'accessNotConfigured', 'extendedHelp': 'https://console.developers.google.com'}]">
ERROR 2025-04-05 22:04:46,613 youtube_analytics Error details: YouTube Analytics API has not been used in project 1003808745084 before or it is disabled. Enable it by visiting https://console.developers.google.com/apis/api/youtubeanalytics.googleapis.com/overview?project=1003808745084 then retry. If you enabled this API recently, wait a few minutes for the action to propagate to our systems and retry.
INFO 2025-04-05 22:04:46,613 youtube_analytics Using mock data for user dasoccer due to permission error
INFO 2025-04-05 22:04:46,618 basehttp "GET /dashboard/statistics/ HTTP/1.1" 200 56618
INFO 2025-04-05 22:06:36,913 autoreload Watching for file changes with StatReloader
INFO 2025-04-05 22:06:37,869 basehttp "GET /logout/ HTTP/1.1" 302 0
INFO 2025-04-05 22:06:37,892 basehttp "GET /home/ HTTP/1.1" 200 16434
INFO 2025-04-05 22:06:40,170 basehttp "GET /auth/login/google-oauth2/?next=/dashboard/ HTTP/1.1" 302 0
INFO 2025-04-05 22:06:50,856 basehttp "GET /auth/complete/google-oauth2/?state=ZXylHTuYpwjHT6gHl3yP7AJCqKSd3jp0&code=4/0Ab_5qll00niWoAWSj5qAN2TZTQZb0cE_agW1eaoe0u2LTfTtyvVydPUQY8mM42gNtcgjzg&scope=email%20profile%20openid%20https://www.googleapis.com/auth/youtube.readonly%20https://www.googleapis.com/auth/youtubepartner%20https://www.googleapis.com/auth/yt-analytics.readonly%20https://www.googleapis.com/auth/youtube%20https://www.googleapis.com/auth/userinfo.profile%20https://www.googleapis.com/auth/userinfo.email&authuser=0&prompt=consent HTTP/1.1" 302 0
INFO 2025-04-05 22:06:50,866 youtube_analytics Access token available: True
INFO 2025-04-05 22:06:50,866 youtube_analytics Refresh token available: True
INFO 2025-04-05 22:06:50,866 youtube_analytics Client ID available: False
INFO 2025-04-05 22:06:50,866 youtube_analytics Client secret available: False
INFO 2025-04-05 22:06:50,986 youtube_analytics Found channel 'ikyy' for user dasoccer
ERROR 2025-04-05 22:06:51,444 youtube_analytics Error fetching YouTube analytics: <HttpError 400 when requesting https://youtubeanalytics.googleapis.com/v2/reports?ids=channel%3D%3DUCsDQAU5nsydVnxJZkAVGHdQ&startDate=2025-03-06&endDate=2025-04-05&metrics=views%2CestimatedMinutesWatched%2CviewerPercentage&dimensions=country&sort=-views&maxResults=25&alt=json returned "The query is not supported. Check the documentation at https://developers.google.com/youtube/analytics/v2/available_reports for a list of supported queries.". Details: "[{'message': 'The query is not supported. Check the documentation at https://developers.google.com/youtube/analytics/v2/available_reports for a list of supported queries.', 'domain': 'global', 'reason': 'badRequest'}]">
INFO 2025-04-05 22:06:51,462 basehttp "GET /dashboard/ HTTP/1.1" 200 45916
INFO 2025-04-05 22:06:53,317 youtube_analytics Access token available: True
INFO 2025-04-05 22:06:53,317 youtube_analytics Refresh token available: True
INFO 2025-04-05 22:06:53,317 youtube_analytics Client ID available: False
INFO 2025-04-05 22:06:53,318 youtube_analytics Client secret available: False
INFO 2025-04-05 22:06:53,499 youtube_analytics Found channel 'ikyy' for user dasoccer
ERROR 2025-04-05 22:06:53,837 youtube_analytics Error fetching YouTube analytics: <HttpError 400 when requesting https://youtubeanalytics.googleapis.com/v2/reports?ids=channel%3D%3DUCsDQAU5nsydVnxJZkAVGHdQ&startDate=2025-03-06&endDate=2025-04-05&metrics=views%2CestimatedMinutesWatched%2CviewerPercentage&dimensions=country&sort=-views&maxResults=25&alt=json returned "The query is not supported. Check the documentation at https://developers.google.com/youtube/analytics/v2/available_reports for a list of supported queries.". Details: "[{'message': 'The query is not supported. Check the documentation at https://developers.google.com/youtube/analytics/v2/available_reports for a list of supported queries.', 'domain': 'global', 'reason': 'badRequest'}]">
INFO 2025-04-05 22:06:53,853 basehttp "GET /dashboard/statistics/ HTTP/1.1" 200 53589
INFO 2025-04-05 22:06:55,311 youtube_analytics Access token available: True
INFO 2025-04-05 22:06:55,311 youtube_analytics Refresh token available: True
INFO 2025-04-05 22:06:55,311 youtube_analytics Client ID available: False
INFO 2025-04-05 22:06:55,311 youtube_analytics Client secret available: False
INFO 2025-04-05 22:06:55,450 youtube_analytics Found channel 'ikyy' for user dasoccer
ERROR 2025-04-05 22:06:55,789 youtube_analytics Error fetching YouTube analytics: <HttpError 400 when requesting https://youtubeanalytics.googleapis.com/v2/reports?ids=channel%3D%3DUCsDQAU5nsydVnxJZkAVGHdQ&startDate=2025-03-06&endDate=2025-04-05&metrics=views%2CestimatedMinutesWatched%2CviewerPercentage&dimensions=country&sort=-views&maxResults=25&alt=json returned "The query is not supported. Check the documentation at https://developers.google.com/youtube/analytics/v2/available_reports for a list of supported queries.". Details: "[{'message': 'The query is not supported. Check the documentation at https://developers.google.com/youtube/analytics/v2/available_reports for a list of supported queries.', 'domain': 'global', 'reason': 'badRequest'}]">
INFO 2025-04-05 22:06:55,799 basehttp "GET /dashboard/ HTTP/1.1" 200 45916
INFO 2025-04-05 22:06:56,449 youtube_analytics Access token available: True
INFO 2025-04-05 22:06:56,449 youtube_analytics Refresh token available: True
INFO 2025-04-05 22:06:56,450 youtube_analytics Client ID available: False
INFO 2025-04-05 22:06:56,450 youtube_analytics Client secret available: False
INFO 2025-04-05 22:06:56,570 youtube_analytics Found channel 'ikyy' for user dasoccer
ERROR 2025-04-05 22:06:56,874 youtube_analytics Error fetching YouTube analytics: <HttpError 400 when requesting https://youtubeanalytics.googleapis.com/v2/reports?ids=channel%3D%3DUCsDQAU5nsydVnxJZkAVGHdQ&startDate=2025-03-06&endDate=2025-04-05&metrics=views%2CestimatedMinutesWatched%2CviewerPercentage&dimensions=country&sort=-views&maxResults=25&alt=json returned "The query is not supported. Check the documentation at https://developers.google.com/youtube/analytics/v2/available_reports for a list of supported queries.". Details: "[{'message': 'The query is not supported. Check the documentation at https://developers.google.com/youtube/analytics/v2/available_reports for a list of supported queries.', 'domain': 'global', 'reason': 'badRequest'}]">
INFO 2025-04-05 22:06:56,887 basehttp "GET /dashboard/statistics/ HTTP/1.1" 200 53589
INFO 2025-04-05 22:10:19,992 autoreload Watching for file changes with StatReloader
INFO 2025-04-05 22:11:16,710 autoreload /Users/navidrahimi/ytanalytics/dashboard/youtube_analytics.py changed, reloading.
INFO 2025-04-05 22:11:17,281 autoreload Watching for file changes with StatReloader
INFO 2025-04-05 22:11:39,906 autoreload /Users/navidrahimi/ytanalytics/dashboard/youtube_analytics.py changed, reloading.
INFO 2025-04-05 22:11:40,452 autoreload Watching for file changes with StatReloader
INFO 2025-04-05 22:11:44,620 youtube_analytics Access token available: True
INFO 2025-04-05 22:11:44,620 youtube_analytics Refresh token available: True
INFO 2025-04-05 22:11:44,620 youtube_analytics Client ID available: False
INFO 2025-04-05 22:11:44,621 youtube_analytics Client secret available: False
INFO 2025-04-05 22:11:44,888 youtube_analytics Found channel 'ikyy' for user dasoccer
INFO 2025-04-05 22:11:45,568 basehttp "GET /dashboard/statistics/ HTTP/1.1" 200 54900
INFO 2025-04-05 22:11:48,164 youtube_analytics Access token available: True
INFO 2025-04-05 22:11:48,170 youtube_analytics Refresh token available: True
INFO 2025-04-05 22:11:48,172 youtube_analytics Client ID available: False
INFO 2025-04-05 22:11:48,190 youtube_analytics Client secret available: False
INFO 2025-04-05 22:11:48,748 youtube_analytics Found channel 'ikyy' for user dasoccer
INFO 2025-04-05 22:11:49,391 basehttp "GET /dashboard/ HTTP/1.1" 200 46376
INFO 2025-04-05 22:12:14,178 youtube_analytics Access token available: True
INFO 2025-04-05 22:12:14,179 youtube_analytics Refresh token available: True
INFO 2025-04-05 22:12:14,179 youtube_analytics Client ID available: False
INFO 2025-04-05 22:12:14,179 youtube_analytics Client secret available: False
INFO 2025-04-05 22:12:14,402 youtube_analytics Found channel 'ikyy' for user dasoccer
INFO 2025-04-05 22:12:14,899 basehttp "GET /dashboard/ HTTP/1.1" 200 46376
INFO 2025-04-05 22:12:16,412 youtube_analytics Access token available: True
INFO 2025-04-05 22:12:16,413 youtube_analytics Refresh token available: True
INFO 2025-04-05 22:12:16,413 youtube_analytics Client ID available: False
INFO 2025-04-05 22:12:16,413 youtube_analytics Client secret available: False
INFO 2025-04-05 22:12:16,596 youtube_analytics Found channel 'ikyy' for user dasoccer
INFO 2025-04-05 22:12:17,090 basehttp "GET /dashboard/statistics/ HTTP/1.1" 200 54900
INFO 2025-04-06 02:47:48,747 autoreload /Users/navidrahimi/ytanalytics/dashboard/views.py changed, reloading.
INFO 2025-04-06 02:47:49,468 autoreload Watching for file changes with StatReloader
INFO 2025-04-06 02:50:14,036 autoreload /Users/navidrahimi/ytanalytics/ytanalytics/settings.py changed, reloading.
INFO 2025-04-06 02:50:15,398 autoreload Watching for file changes with StatReloader
ERROR 2025-04-06 02:50:26,274 youtube_analytics Error in YouTube analytics for user Jung: UserSocialAuth matching query does not exist.
ERROR 2025-04-06 02:50:26,426 log Internal Server Error: /dashboard/statistics/
Traceback (most recent call last):
  File "/Users/navidrahimi/ytanalytics/ytanalytics/.venv/lib/python3.12/site-packages/django/core/handlers/exception.py", line 55, in inner
    response = get_response(request)
               ^^^^^^^^^^^^^^^^^^^^^
  File "/Users/navidrahimi/ytanalytics/ytanalytics/.venv/lib/python3.12/site-packages/django/core/handlers/base.py", line 197, in _get_response
    response = wrapped_callback(request, *callback_args, **callback_kwargs)
               ^^^^^^^^^^^^^^^^^^^^^^^^^^^^^^^^^^^^^^^^^^^^^^^^^^^^^^^^^^^^
  File "/Users/navidrahimi/ytanalytics/ytanalytics/.venv/lib/python3.12/site-packages/django/contrib/auth/decorators.py", line 60, in _view_wrapper
    return view_func(request, *args, **kwargs)
           ^^^^^^^^^^^^^^^^^^^^^^^^^^^^^^^^^^^
  File "/Users/navidrahimi/ytanalytics/ytanalytics/.venv/lib/python3.12/site-packages/django/contrib/auth/decorators.py", line 60, in _view_wrapper
    return view_func(request, *args, **kwargs)
           ^^^^^^^^^^^^^^^^^^^^^^^^^^^^^^^^^^^
  File "/Users/navidrahimi/ytanalytics/dashboard/views.py", line 249, in statistics_view
    return render(request, 'auth/statistics.html', context)
           ^^^^^^^^^^^^^^^^^^^^^^^^^^^^^^^^^^^^^^^^^^^^^^^^
  File "/Users/navidrahimi/ytanalytics/ytanalytics/.venv/lib/python3.12/site-packages/django/shortcuts.py", line 25, in render
    content = loader.render_to_string(template_name, context, request, using=using)
              ^^^^^^^^^^^^^^^^^^^^^^^^^^^^^^^^^^^^^^^^^^^^^^^^^^^^^^^^^^^^^^^^^^^^^
  File "/Users/navidrahimi/ytanalytics/ytanalytics/.venv/lib/python3.12/site-packages/django/template/loader.py", line 62, in render_to_string
    return template.render(context, request)
           ^^^^^^^^^^^^^^^^^^^^^^^^^^^^^^^^^
  File "/Users/navidrahimi/ytanalytics/ytanalytics/.venv/lib/python3.12/site-packages/django/template/backends/django.py", line 107, in render
    return self.template.render(context)
           ^^^^^^^^^^^^^^^^^^^^^^^^^^^^^
  File "/Users/navidrahimi/ytanalytics/ytanalytics/.venv/lib/python3.12/site-packages/django/template/base.py", line 171, in render
    return self._render(context)
           ^^^^^^^^^^^^^^^^^^^^^
  File "/Users/navidrahimi/ytanalytics/ytanalytics/.venv/lib/python3.12/site-packages/django/template/base.py", line 163, in _render
    return self.nodelist.render(context)
           ^^^^^^^^^^^^^^^^^^^^^^^^^^^^^
  File "/Users/navidrahimi/ytanalytics/ytanalytics/.venv/lib/python3.12/site-packages/django/template/base.py", line 1008, in render
    return SafeString("".join([node.render_annotated(context) for node in self]))
                               ^^^^^^^^^^^^^^^^^^^^^^^^^^^^^^
  File "/Users/navidrahimi/ytanalytics/ytanalytics/.venv/lib/python3.12/site-packages/django/template/base.py", line 969, in render_annotated
    return self.render(context)
           ^^^^^^^^^^^^^^^^^^^^
  File "/Users/navidrahimi/ytanalytics/ytanalytics/.venv/lib/python3.12/site-packages/django/template/loader_tags.py", line 159, in render
    return compiled_parent._render(context)
           ^^^^^^^^^^^^^^^^^^^^^^^^^^^^^^^^
  File "/Users/navidrahimi/ytanalytics/ytanalytics/.venv/lib/python3.12/site-packages/django/template/base.py", line 163, in _render
    return self.nodelist.render(context)
           ^^^^^^^^^^^^^^^^^^^^^^^^^^^^^
  File "/Users/navidrahimi/ytanalytics/ytanalytics/.venv/lib/python3.12/site-packages/django/template/base.py", line 1008, in render
    return SafeString("".join([node.render_annotated(context) for node in self]))
                               ^^^^^^^^^^^^^^^^^^^^^^^^^^^^^^
  File "/Users/navidrahimi/ytanalytics/ytanalytics/.venv/lib/python3.12/site-packages/django/template/base.py", line 969, in render_annotated
    return self.render(context)
           ^^^^^^^^^^^^^^^^^^^^
  File "/Users/navidrahimi/ytanalytics/ytanalytics/.venv/lib/python3.12/site-packages/django/template/loader_tags.py", line 159, in render
    return compiled_parent._render(context)
           ^^^^^^^^^^^^^^^^^^^^^^^^^^^^^^^^
  File "/Users/navidrahimi/ytanalytics/ytanalytics/.venv/lib/python3.12/site-packages/django/template/base.py", line 163, in _render
    return self.nodelist.render(context)
           ^^^^^^^^^^^^^^^^^^^^^^^^^^^^^
  File "/Users/navidrahimi/ytanalytics/ytanalytics/.venv/lib/python3.12/site-packages/django/template/base.py", line 1008, in render
    return SafeString("".join([node.render_annotated(context) for node in self]))
                               ^^^^^^^^^^^^^^^^^^^^^^^^^^^^^^
  File "/Users/navidrahimi/ytanalytics/ytanalytics/.venv/lib/python3.12/site-packages/django/template/base.py", line 969, in render_annotated
    return self.render(context)
           ^^^^^^^^^^^^^^^^^^^^
  File "/Users/navidrahimi/ytanalytics/ytanalytics/.venv/lib/python3.12/site-packages/django/template/loader_tags.py", line 65, in render
    result = block.nodelist.render(context)
             ^^^^^^^^^^^^^^^^^^^^^^^^^^^^^^
  File "/Users/navidrahimi/ytanalytics/ytanalytics/.venv/lib/python3.12/site-packages/django/template/base.py", line 1008, in render
    return SafeString("".join([node.render_annotated(context) for node in self]))
                               ^^^^^^^^^^^^^^^^^^^^^^^^^^^^^^
  File "/Users/navidrahimi/ytanalytics/ytanalytics/.venv/lib/python3.12/site-packages/django/template/base.py", line 969, in render_annotated
    return self.render(context)
           ^^^^^^^^^^^^^^^^^^^^
  File "/Users/navidrahimi/ytanalytics/ytanalytics/.venv/lib/python3.12/site-packages/django/template/defaulttags.py", line 480, in render
    url = reverse(view_name, args=args, kwargs=kwargs, current_app=current_app)
          ^^^^^^^^^^^^^^^^^^^^^^^^^^^^^^^^^^^^^^^^^^^^^^^^^^^^^^^^^^^^^^^^^^^^^
  File "/Users/navidrahimi/ytanalytics/ytanalytics/.venv/lib/python3.12/site-packages/django/urls/base.py", line 88, in reverse
    return resolver._reverse_with_prefix(view, prefix, *args, **kwargs)
           ^^^^^^^^^^^^^^^^^^^^^^^^^^^^^^^^^^^^^^^^^^^^^^^^^^^^^^^^^^^^
  File "/Users/navidrahimi/ytanalytics/ytanalytics/.venv/lib/python3.12/site-packages/django/urls/resolvers.py", line 831, in _reverse_with_prefix
    raise NoReverseMatch(msg)
django.urls.exceptions.NoReverseMatch: Reverse for 'youtube_search' not found. 'youtube_search' is not a valid view function or pattern name.
ERROR 2025-04-06 02:50:26,444 basehttp "GET /dashboard/statistics/ HTTP/1.1" 500 198158
INFO 2025-04-06 02:50:56,484 autoreload /Users/navidrahimi/ytanalytics/ytanalytics/settings.py changed, reloading.
INFO 2025-04-06 02:50:57,376 autoreload Watching for file changes with StatReloader
INFO 2025-04-06 02:53:05,472 youtube_analytics Access token available: True
INFO 2025-04-06 02:53:05,473 youtube_analytics Refresh token available: True
INFO 2025-04-06 02:53:05,473 youtube_analytics Client ID available: False
INFO 2025-04-06 02:53:05,473 youtube_analytics Client secret available: False
INFO 2025-04-06 02:53:05,624 youtube_analytics Found channel 'ikyy' for user dasoccer
ERROR 2025-04-06 02:53:06,277 log Internal Server Error: /dashboard/statistics/
Traceback (most recent call last):
  File "/Users/navidrahimi/ytanalytics/ytanalytics/.venv/lib/python3.12/site-packages/django/core/handlers/exception.py", line 55, in inner
    response = get_response(request)
               ^^^^^^^^^^^^^^^^^^^^^
  File "/Users/navidrahimi/ytanalytics/ytanalytics/.venv/lib/python3.12/site-packages/django/core/handlers/base.py", line 197, in _get_response
    response = wrapped_callback(request, *callback_args, **callback_kwargs)
               ^^^^^^^^^^^^^^^^^^^^^^^^^^^^^^^^^^^^^^^^^^^^^^^^^^^^^^^^^^^^
  File "/Users/navidrahimi/ytanalytics/ytanalytics/.venv/lib/python3.12/site-packages/django/contrib/auth/decorators.py", line 60, in _view_wrapper
    return view_func(request, *args, **kwargs)
           ^^^^^^^^^^^^^^^^^^^^^^^^^^^^^^^^^^^
  File "/Users/navidrahimi/ytanalytics/ytanalytics/.venv/lib/python3.12/site-packages/django/contrib/auth/decorators.py", line 60, in _view_wrapper
    return view_func(request, *args, **kwargs)
           ^^^^^^^^^^^^^^^^^^^^^^^^^^^^^^^^^^^
  File "/Users/navidrahimi/ytanalytics/dashboard/views.py", line 249, in statistics_view
    return render(request, 'auth/statistics.html', context)
           ^^^^^^^^^^^^^^^^^^^^^^^^^^^^^^^^^^^^^^^^^^^^^^^^
  File "/Users/navidrahimi/ytanalytics/ytanalytics/.venv/lib/python3.12/site-packages/django/shortcuts.py", line 25, in render
    content = loader.render_to_string(template_name, context, request, using=using)
              ^^^^^^^^^^^^^^^^^^^^^^^^^^^^^^^^^^^^^^^^^^^^^^^^^^^^^^^^^^^^^^^^^^^^^
  File "/Users/navidrahimi/ytanalytics/ytanalytics/.venv/lib/python3.12/site-packages/django/template/loader.py", line 62, in render_to_string
    return template.render(context, request)
           ^^^^^^^^^^^^^^^^^^^^^^^^^^^^^^^^^
  File "/Users/navidrahimi/ytanalytics/ytanalytics/.venv/lib/python3.12/site-packages/django/template/backends/django.py", line 107, in render
    return self.template.render(context)
           ^^^^^^^^^^^^^^^^^^^^^^^^^^^^^
  File "/Users/navidrahimi/ytanalytics/ytanalytics/.venv/lib/python3.12/site-packages/django/template/base.py", line 171, in render
    return self._render(context)
           ^^^^^^^^^^^^^^^^^^^^^
  File "/Users/navidrahimi/ytanalytics/ytanalytics/.venv/lib/python3.12/site-packages/django/template/base.py", line 163, in _render
    return self.nodelist.render(context)
           ^^^^^^^^^^^^^^^^^^^^^^^^^^^^^
  File "/Users/navidrahimi/ytanalytics/ytanalytics/.venv/lib/python3.12/site-packages/django/template/base.py", line 1008, in render
    return SafeString("".join([node.render_annotated(context) for node in self]))
                               ^^^^^^^^^^^^^^^^^^^^^^^^^^^^^^
  File "/Users/navidrahimi/ytanalytics/ytanalytics/.venv/lib/python3.12/site-packages/django/template/base.py", line 969, in render_annotated
    return self.render(context)
           ^^^^^^^^^^^^^^^^^^^^
  File "/Users/navidrahimi/ytanalytics/ytanalytics/.venv/lib/python3.12/site-packages/django/template/loader_tags.py", line 159, in render
    return compiled_parent._render(context)
           ^^^^^^^^^^^^^^^^^^^^^^^^^^^^^^^^
  File "/Users/navidrahimi/ytanalytics/ytanalytics/.venv/lib/python3.12/site-packages/django/template/base.py", line 163, in _render
    return self.nodelist.render(context)
           ^^^^^^^^^^^^^^^^^^^^^^^^^^^^^
  File "/Users/navidrahimi/ytanalytics/ytanalytics/.venv/lib/python3.12/site-packages/django/template/base.py", line 1008, in render
    return SafeString("".join([node.render_annotated(context) for node in self]))
                               ^^^^^^^^^^^^^^^^^^^^^^^^^^^^^^
  File "/Users/navidrahimi/ytanalytics/ytanalytics/.venv/lib/python3.12/site-packages/django/template/base.py", line 969, in render_annotated
    return self.render(context)
           ^^^^^^^^^^^^^^^^^^^^
  File "/Users/navidrahimi/ytanalytics/ytanalytics/.venv/lib/python3.12/site-packages/django/template/loader_tags.py", line 159, in render
    return compiled_parent._render(context)
           ^^^^^^^^^^^^^^^^^^^^^^^^^^^^^^^^
  File "/Users/navidrahimi/ytanalytics/ytanalytics/.venv/lib/python3.12/site-packages/django/template/base.py", line 163, in _render
    return self.nodelist.render(context)
           ^^^^^^^^^^^^^^^^^^^^^^^^^^^^^
  File "/Users/navidrahimi/ytanalytics/ytanalytics/.venv/lib/python3.12/site-packages/django/template/base.py", line 1008, in render
    return SafeString("".join([node.render_annotated(context) for node in self]))
                               ^^^^^^^^^^^^^^^^^^^^^^^^^^^^^^
  File "/Users/navidrahimi/ytanalytics/ytanalytics/.venv/lib/python3.12/site-packages/django/template/base.py", line 969, in render_annotated
    return self.render(context)
           ^^^^^^^^^^^^^^^^^^^^
  File "/Users/navidrahimi/ytanalytics/ytanalytics/.venv/lib/python3.12/site-packages/django/template/loader_tags.py", line 65, in render
    result = block.nodelist.render(context)
             ^^^^^^^^^^^^^^^^^^^^^^^^^^^^^^
  File "/Users/navidrahimi/ytanalytics/ytanalytics/.venv/lib/python3.12/site-packages/django/template/base.py", line 1008, in render
    return SafeString("".join([node.render_annotated(context) for node in self]))
                               ^^^^^^^^^^^^^^^^^^^^^^^^^^^^^^
  File "/Users/navidrahimi/ytanalytics/ytanalytics/.venv/lib/python3.12/site-packages/django/template/base.py", line 969, in render_annotated
    return self.render(context)
           ^^^^^^^^^^^^^^^^^^^^
  File "/Users/navidrahimi/ytanalytics/ytanalytics/.venv/lib/python3.12/site-packages/django/template/defaulttags.py", line 480, in render
    url = reverse(view_name, args=args, kwargs=kwargs, current_app=current_app)
          ^^^^^^^^^^^^^^^^^^^^^^^^^^^^^^^^^^^^^^^^^^^^^^^^^^^^^^^^^^^^^^^^^^^^^
  File "/Users/navidrahimi/ytanalytics/ytanalytics/.venv/lib/python3.12/site-packages/django/urls/base.py", line 88, in reverse
    return resolver._reverse_with_prefix(view, prefix, *args, **kwargs)
           ^^^^^^^^^^^^^^^^^^^^^^^^^^^^^^^^^^^^^^^^^^^^^^^^^^^^^^^^^^^^
  File "/Users/navidrahimi/ytanalytics/ytanalytics/.venv/lib/python3.12/site-packages/django/urls/resolvers.py", line 831, in _reverse_with_prefix
    raise NoReverseMatch(msg)
django.urls.exceptions.NoReverseMatch: Reverse for 'youtube_search' not found. 'youtube_search' is not a valid view function or pattern name.
ERROR 2025-04-06 02:53:06,282 basehttp "GET /dashboard/statistics/ HTTP/1.1" 500 226758
INFO 2025-04-06 02:53:10,350 youtube_analytics Access token available: True
INFO 2025-04-06 02:53:10,350 youtube_analytics Refresh token available: True
INFO 2025-04-06 02:53:10,350 youtube_analytics Client ID available: False
INFO 2025-04-06 02:53:10,350 youtube_analytics Client secret available: False
INFO 2025-04-06 02:53:10,472 youtube_analytics Found channel 'ikyy' for user dasoccer
ERROR 2025-04-06 02:53:10,986 log Internal Server Error: /dashboard/
Traceback (most recent call last):
  File "/Users/navidrahimi/ytanalytics/ytanalytics/.venv/lib/python3.12/site-packages/django/core/handlers/exception.py", line 55, in inner
    response = get_response(request)
               ^^^^^^^^^^^^^^^^^^^^^
  File "/Users/navidrahimi/ytanalytics/ytanalytics/.venv/lib/python3.12/site-packages/django/core/handlers/base.py", line 197, in _get_response
    response = wrapped_callback(request, *callback_args, **callback_kwargs)
               ^^^^^^^^^^^^^^^^^^^^^^^^^^^^^^^^^^^^^^^^^^^^^^^^^^^^^^^^^^^^
  File "/Users/navidrahimi/ytanalytics/ytanalytics/.venv/lib/python3.12/site-packages/django/contrib/auth/decorators.py", line 60, in _view_wrapper
    return view_func(request, *args, **kwargs)
           ^^^^^^^^^^^^^^^^^^^^^^^^^^^^^^^^^^^
  File "/Users/navidrahimi/ytanalytics/ytanalytics/.venv/lib/python3.12/site-packages/django/contrib/auth/decorators.py", line 60, in _view_wrapper
    return view_func(request, *args, **kwargs)
           ^^^^^^^^^^^^^^^^^^^^^^^^^^^^^^^^^^^
  File "/Users/navidrahimi/ytanalytics/dashboard/views.py", line 184, in dashboard_view
    return render(request, 'auth/dashboard.html', context)
           ^^^^^^^^^^^^^^^^^^^^^^^^^^^^^^^^^^^^^^^^^^^^^^^
  File "/Users/navidrahimi/ytanalytics/ytanalytics/.venv/lib/python3.12/site-packages/django/shortcuts.py", line 25, in render
    content = loader.render_to_string(template_name, context, request, using=using)
              ^^^^^^^^^^^^^^^^^^^^^^^^^^^^^^^^^^^^^^^^^^^^^^^^^^^^^^^^^^^^^^^^^^^^^
  File "/Users/navidrahimi/ytanalytics/ytanalytics/.venv/lib/python3.12/site-packages/django/template/loader.py", line 62, in render_to_string
    return template.render(context, request)
           ^^^^^^^^^^^^^^^^^^^^^^^^^^^^^^^^^
  File "/Users/navidrahimi/ytanalytics/ytanalytics/.venv/lib/python3.12/site-packages/django/template/backends/django.py", line 107, in render
    return self.template.render(context)
           ^^^^^^^^^^^^^^^^^^^^^^^^^^^^^
  File "/Users/navidrahimi/ytanalytics/ytanalytics/.venv/lib/python3.12/site-packages/django/template/base.py", line 171, in render
    return self._render(context)
           ^^^^^^^^^^^^^^^^^^^^^
  File "/Users/navidrahimi/ytanalytics/ytanalytics/.venv/lib/python3.12/site-packages/django/template/base.py", line 163, in _render
    return self.nodelist.render(context)
           ^^^^^^^^^^^^^^^^^^^^^^^^^^^^^
  File "/Users/navidrahimi/ytanalytics/ytanalytics/.venv/lib/python3.12/site-packages/django/template/base.py", line 1008, in render
    return SafeString("".join([node.render_annotated(context) for node in self]))
                               ^^^^^^^^^^^^^^^^^^^^^^^^^^^^^^
  File "/Users/navidrahimi/ytanalytics/ytanalytics/.venv/lib/python3.12/site-packages/django/template/base.py", line 969, in render_annotated
    return self.render(context)
           ^^^^^^^^^^^^^^^^^^^^
  File "/Users/navidrahimi/ytanalytics/ytanalytics/.venv/lib/python3.12/site-packages/django/template/loader_tags.py", line 159, in render
    return compiled_parent._render(context)
           ^^^^^^^^^^^^^^^^^^^^^^^^^^^^^^^^
  File "/Users/navidrahimi/ytanalytics/ytanalytics/.venv/lib/python3.12/site-packages/django/template/base.py", line 163, in _render
    return self.nodelist.render(context)
           ^^^^^^^^^^^^^^^^^^^^^^^^^^^^^
  File "/Users/navidrahimi/ytanalytics/ytanalytics/.venv/lib/python3.12/site-packages/django/template/base.py", line 1008, in render
    return SafeString("".join([node.render_annotated(context) for node in self]))
                               ^^^^^^^^^^^^^^^^^^^^^^^^^^^^^^
  File "/Users/navidrahimi/ytanalytics/ytanalytics/.venv/lib/python3.12/site-packages/django/template/base.py", line 969, in render_annotated
    return self.render(context)
           ^^^^^^^^^^^^^^^^^^^^
  File "/Users/navidrahimi/ytanalytics/ytanalytics/.venv/lib/python3.12/site-packages/django/template/loader_tags.py", line 159, in render
    return compiled_parent._render(context)
           ^^^^^^^^^^^^^^^^^^^^^^^^^^^^^^^^
  File "/Users/navidrahimi/ytanalytics/ytanalytics/.venv/lib/python3.12/site-packages/django/template/base.py", line 163, in _render
    return self.nodelist.render(context)
           ^^^^^^^^^^^^^^^^^^^^^^^^^^^^^
  File "/Users/navidrahimi/ytanalytics/ytanalytics/.venv/lib/python3.12/site-packages/django/template/base.py", line 1008, in render
    return SafeString("".join([node.render_annotated(context) for node in self]))
                               ^^^^^^^^^^^^^^^^^^^^^^^^^^^^^^
  File "/Users/navidrahimi/ytanalytics/ytanalytics/.venv/lib/python3.12/site-packages/django/template/base.py", line 969, in render_annotated
    return self.render(context)
           ^^^^^^^^^^^^^^^^^^^^
  File "/Users/navidrahimi/ytanalytics/ytanalytics/.venv/lib/python3.12/site-packages/django/template/loader_tags.py", line 65, in render
    result = block.nodelist.render(context)
             ^^^^^^^^^^^^^^^^^^^^^^^^^^^^^^
  File "/Users/navidrahimi/ytanalytics/ytanalytics/.venv/lib/python3.12/site-packages/django/template/base.py", line 1008, in render
    return SafeString("".join([node.render_annotated(context) for node in self]))
                               ^^^^^^^^^^^^^^^^^^^^^^^^^^^^^^
  File "/Users/navidrahimi/ytanalytics/ytanalytics/.venv/lib/python3.12/site-packages/django/template/base.py", line 969, in render_annotated
    return self.render(context)
           ^^^^^^^^^^^^^^^^^^^^
  File "/Users/navidrahimi/ytanalytics/ytanalytics/.venv/lib/python3.12/site-packages/django/template/defaulttags.py", line 480, in render
    url = reverse(view_name, args=args, kwargs=kwargs, current_app=current_app)
          ^^^^^^^^^^^^^^^^^^^^^^^^^^^^^^^^^^^^^^^^^^^^^^^^^^^^^^^^^^^^^^^^^^^^^
  File "/Users/navidrahimi/ytanalytics/ytanalytics/.venv/lib/python3.12/site-packages/django/urls/base.py", line 88, in reverse
    return resolver._reverse_with_prefix(view, prefix, *args, **kwargs)
           ^^^^^^^^^^^^^^^^^^^^^^^^^^^^^^^^^^^^^^^^^^^^^^^^^^^^^^^^^^^^
  File "/Users/navidrahimi/ytanalytics/ytanalytics/.venv/lib/python3.12/site-packages/django/urls/resolvers.py", line 831, in _reverse_with_prefix
    raise NoReverseMatch(msg)
django.urls.exceptions.NoReverseMatch: Reverse for 'youtube_search' not found. 'youtube_search' is not a valid view function or pattern name.
ERROR 2025-04-06 02:53:10,989 basehttp "GET /dashboard/ HTTP/1.1" 500 226450
INFO 2025-04-06 02:53:16,076 autoreload /Users/navidrahimi/ytanalytics/ytanalytics/settings.py changed, reloading.
INFO 2025-04-06 02:53:17,229 autoreload Watching for file changes with StatReloader
INFO 2025-04-06 02:53:17,769 youtube_analytics Access token available: True
INFO 2025-04-06 02:53:17,769 youtube_analytics Refresh token available: True
INFO 2025-04-06 02:53:17,770 youtube_analytics Client ID available: False
INFO 2025-04-06 02:53:17,770 youtube_analytics Client secret available: False
INFO 2025-04-06 02:53:17,978 youtube_analytics Found channel 'ikyy' for user dasoccer
ERROR 2025-04-06 02:53:18,570 log Internal Server Error: /dashboard/
Traceback (most recent call last):
  File "/Users/navidrahimi/ytanalytics/ytanalytics/.venv/lib/python3.12/site-packages/django/core/handlers/exception.py", line 55, in inner
    response = get_response(request)
               ^^^^^^^^^^^^^^^^^^^^^
  File "/Users/navidrahimi/ytanalytics/ytanalytics/.venv/lib/python3.12/site-packages/django/core/handlers/base.py", line 197, in _get_response
    response = wrapped_callback(request, *callback_args, **callback_kwargs)
               ^^^^^^^^^^^^^^^^^^^^^^^^^^^^^^^^^^^^^^^^^^^^^^^^^^^^^^^^^^^^
  File "/Users/navidrahimi/ytanalytics/ytanalytics/.venv/lib/python3.12/site-packages/django/contrib/auth/decorators.py", line 60, in _view_wrapper
    return view_func(request, *args, **kwargs)
           ^^^^^^^^^^^^^^^^^^^^^^^^^^^^^^^^^^^
  File "/Users/navidrahimi/ytanalytics/ytanalytics/.venv/lib/python3.12/site-packages/django/contrib/auth/decorators.py", line 60, in _view_wrapper
    return view_func(request, *args, **kwargs)
           ^^^^^^^^^^^^^^^^^^^^^^^^^^^^^^^^^^^
  File "/Users/navidrahimi/ytanalytics/dashboard/views.py", line 184, in dashboard_view
    return render(request, 'auth/dashboard.html', context)
           ^^^^^^^^^^^^^^^^^^^^^^^^^^^^^^^^^^^^^^^^^^^^^^^
  File "/Users/navidrahimi/ytanalytics/ytanalytics/.venv/lib/python3.12/site-packages/django/shortcuts.py", line 25, in render
    content = loader.render_to_string(template_name, context, request, using=using)
              ^^^^^^^^^^^^^^^^^^^^^^^^^^^^^^^^^^^^^^^^^^^^^^^^^^^^^^^^^^^^^^^^^^^^^
  File "/Users/navidrahimi/ytanalytics/ytanalytics/.venv/lib/python3.12/site-packages/django/template/loader.py", line 62, in render_to_string
    return template.render(context, request)
           ^^^^^^^^^^^^^^^^^^^^^^^^^^^^^^^^^
  File "/Users/navidrahimi/ytanalytics/ytanalytics/.venv/lib/python3.12/site-packages/django/template/backends/django.py", line 107, in render
    return self.template.render(context)
           ^^^^^^^^^^^^^^^^^^^^^^^^^^^^^
  File "/Users/navidrahimi/ytanalytics/ytanalytics/.venv/lib/python3.12/site-packages/django/template/base.py", line 171, in render
    return self._render(context)
           ^^^^^^^^^^^^^^^^^^^^^
  File "/Users/navidrahimi/ytanalytics/ytanalytics/.venv/lib/python3.12/site-packages/django/template/base.py", line 163, in _render
    return self.nodelist.render(context)
           ^^^^^^^^^^^^^^^^^^^^^^^^^^^^^
  File "/Users/navidrahimi/ytanalytics/ytanalytics/.venv/lib/python3.12/site-packages/django/template/base.py", line 1008, in render
    return SafeString("".join([node.render_annotated(context) for node in self]))
                               ^^^^^^^^^^^^^^^^^^^^^^^^^^^^^^
  File "/Users/navidrahimi/ytanalytics/ytanalytics/.venv/lib/python3.12/site-packages/django/template/base.py", line 969, in render_annotated
    return self.render(context)
           ^^^^^^^^^^^^^^^^^^^^
  File "/Users/navidrahimi/ytanalytics/ytanalytics/.venv/lib/python3.12/site-packages/django/template/loader_tags.py", line 159, in render
    return compiled_parent._render(context)
           ^^^^^^^^^^^^^^^^^^^^^^^^^^^^^^^^
  File "/Users/navidrahimi/ytanalytics/ytanalytics/.venv/lib/python3.12/site-packages/django/template/base.py", line 163, in _render
    return self.nodelist.render(context)
           ^^^^^^^^^^^^^^^^^^^^^^^^^^^^^
  File "/Users/navidrahimi/ytanalytics/ytanalytics/.venv/lib/python3.12/site-packages/django/template/base.py", line 1008, in render
    return SafeString("".join([node.render_annotated(context) for node in self]))
                               ^^^^^^^^^^^^^^^^^^^^^^^^^^^^^^
  File "/Users/navidrahimi/ytanalytics/ytanalytics/.venv/lib/python3.12/site-packages/django/template/base.py", line 969, in render_annotated
    return self.render(context)
           ^^^^^^^^^^^^^^^^^^^^
  File "/Users/navidrahimi/ytanalytics/ytanalytics/.venv/lib/python3.12/site-packages/django/template/loader_tags.py", line 159, in render
    return compiled_parent._render(context)
           ^^^^^^^^^^^^^^^^^^^^^^^^^^^^^^^^
  File "/Users/navidrahimi/ytanalytics/ytanalytics/.venv/lib/python3.12/site-packages/django/template/base.py", line 163, in _render
    return self.nodelist.render(context)
           ^^^^^^^^^^^^^^^^^^^^^^^^^^^^^
  File "/Users/navidrahimi/ytanalytics/ytanalytics/.venv/lib/python3.12/site-packages/django/template/base.py", line 1008, in render
    return SafeString("".join([node.render_annotated(context) for node in self]))
                               ^^^^^^^^^^^^^^^^^^^^^^^^^^^^^^
  File "/Users/navidrahimi/ytanalytics/ytanalytics/.venv/lib/python3.12/site-packages/django/template/base.py", line 969, in render_annotated
    return self.render(context)
           ^^^^^^^^^^^^^^^^^^^^
  File "/Users/navidrahimi/ytanalytics/ytanalytics/.venv/lib/python3.12/site-packages/django/template/loader_tags.py", line 65, in render
    result = block.nodelist.render(context)
             ^^^^^^^^^^^^^^^^^^^^^^^^^^^^^^
  File "/Users/navidrahimi/ytanalytics/ytanalytics/.venv/lib/python3.12/site-packages/django/template/base.py", line 1008, in render
    return SafeString("".join([node.render_annotated(context) for node in self]))
                               ^^^^^^^^^^^^^^^^^^^^^^^^^^^^^^
  File "/Users/navidrahimi/ytanalytics/ytanalytics/.venv/lib/python3.12/site-packages/django/template/base.py", line 969, in render_annotated
    return self.render(context)
           ^^^^^^^^^^^^^^^^^^^^
  File "/Users/navidrahimi/ytanalytics/ytanalytics/.venv/lib/python3.12/site-packages/django/template/defaulttags.py", line 480, in render
    url = reverse(view_name, args=args, kwargs=kwargs, current_app=current_app)
          ^^^^^^^^^^^^^^^^^^^^^^^^^^^^^^^^^^^^^^^^^^^^^^^^^^^^^^^^^^^^^^^^^^^^^
  File "/Users/navidrahimi/ytanalytics/ytanalytics/.venv/lib/python3.12/site-packages/django/urls/base.py", line 88, in reverse
    return resolver._reverse_with_prefix(view, prefix, *args, **kwargs)
           ^^^^^^^^^^^^^^^^^^^^^^^^^^^^^^^^^^^^^^^^^^^^^^^^^^^^^^^^^^^^
  File "/Users/navidrahimi/ytanalytics/ytanalytics/.venv/lib/python3.12/site-packages/django/urls/resolvers.py", line 831, in _reverse_with_prefix
    raise NoReverseMatch(msg)
django.urls.exceptions.NoReverseMatch: Reverse for 'youtube_search' not found. 'youtube_search' is not a valid view function or pattern name.
ERROR 2025-04-06 02:53:18,575 basehttp "GET /dashboard/ HTTP/1.1" 500 226289
INFO 2025-04-06 02:54:35,267 autoreload /Users/navidrahimi/ytanalytics/ytanalytics/urls.py changed, reloading.
INFO 2025-04-06 02:54:35,855 autoreload Watching for file changes with StatReloader
INFO 2025-04-06 02:54:49,366 autoreload /Users/navidrahimi/ytanalytics/ytanalytics/urls.py changed, reloading.
INFO 2025-04-06 02:54:49,851 autoreload Watching for file changes with StatReloader
INFO 2025-04-06 02:55:34,591 autoreload Watching for file changes with StatReloader
INFO 2025-04-06 02:55:37,018 youtube_analytics Access token available: True
INFO 2025-04-06 02:55:37,018 youtube_analytics Refresh token available: True
INFO 2025-04-06 02:55:37,018 youtube_analytics Client ID available: False
INFO 2025-04-06 02:55:37,018 youtube_analytics Client secret available: False
INFO 2025-04-06 02:55:37,504 youtube_analytics Found channel 'ikyy' for user dasoccer
INFO 2025-04-06 02:55:38,150 basehttp "GET /dashboard/ HTTP/1.1" 200 46710
INFO 2025-04-06 02:55:38,277 basehttp "GET /media/profile_pics/f1d63732b1aa398f32f2b30cb0313d10.jpg HTTP/1.1" 304 0
INFO 2025-04-06 02:55:39,931 youtube_analytics Access token available: True
INFO 2025-04-06 02:55:39,932 youtube_analytics Refresh token available: True
INFO 2025-04-06 02:55:39,932 youtube_analytics Client ID available: False
INFO 2025-04-06 02:55:39,932 youtube_analytics Client secret available: False
INFO 2025-04-06 02:55:40,136 youtube_analytics Found channel 'ikyy' for user dasoccer
INFO 2025-04-06 02:55:40,820 basehttp "GET /dashboard/statistics/ HTTP/1.1" 200 55234
INFO 2025-04-06 02:55:42,748 basehttp "GET /youtube-search/ HTTP/1.1" 200 44848
INFO 2025-04-06 02:55:45,262 basehttp "GET /users/ HTTP/1.1" 200 59228
INFO 2025-04-06 02:55:45,295 basehttp "GET /media/profile_pics/6f482244cc2b96860300160f33abcb8f.jpg HTTP/1.1" 200 15201
INFO 2025-04-06 02:55:45,299 basehttp "GET /media/profile_pics/wp3064746.jpg HTTP/1.1" 200 665741
INFO 2025-04-06 02:55:45,372 basehttp "GET /media/profile_pics/wp4737303.jpg HTTP/1.1" 200 801829
INFO 2025-04-06 02:55:45,916 basehttp "GET /youtube-search/ HTTP/1.1" 200 44848
INFO 2025-04-06 02:55:59,377 basehttp "GET /youtube-search/ HTTP/1.1" 200 44848
INFO 2025-04-06 02:56:27,733 views Edit profile accessed by user: dasoccer
INFO 2025-04-06 02:56:27,737 views Loading profile form via AJAX for user: dasoccer
DEBUG 2025-04-06 02:56:27,760 views Submit button in HTML: True
INFO 2025-04-06 02:56:27,761 basehttp "GET /edit-profile/?ajax=1 HTTP/1.1" 200 6758
INFO 2025-04-06 02:56:31,590 basehttp "GET /youtube-search/ HTTP/1.1" 200 44848
INFO 2025-04-06 02:57:16,612 autoreload /Users/navidrahimi/ytanalytics/dashboard/youtube_api.py changed, reloading.
INFO 2025-04-06 02:57:17,286 autoreload Watching for file changes with StatReloader
INFO 2025-04-06 02:58:33,303 autoreload Watching for file changes with StatReloader
INFO 2025-04-06 02:58:34,288 basehttp "GET /youtube-search/ HTTP/1.1" 200 49775
INFO 2025-04-06 02:58:37,986 youtube_analytics Access token available: True
INFO 2025-04-06 02:58:37,986 youtube_analytics Refresh token available: True
INFO 2025-04-06 02:58:37,986 youtube_analytics Client ID available: False
INFO 2025-04-06 02:58:37,986 youtube_analytics Client secret available: False
INFO 2025-04-06 02:58:38,211 youtube_analytics Found channel 'ikyy' for user dasoccer
INFO 2025-04-06 02:58:38,699 basehttp "GET /dashboard/statistics/ HTTP/1.1" 200 55234
INFO 2025-04-06 02:58:40,147 basehttp "GET /youtube-search/ HTTP/1.1" 200 49775
INFO 2025-04-06 03:00:57,466 basehttp "GET /home/ HTTP/1.1" 200 10903
INFO 2025-04-06 03:00:57,547 basehttp "GET /static/images/settings.png HTTP/1.1" 304 0
INFO 2025-04-06 03:00:57,549 basehttp "GET /static/images/grid-circle.png HTTP/1.1" 304 0
WARNING 2025-04-06 03:00:58,716 log Not Found: /favicon.ico
WARNING 2025-04-06 03:00:58,716 basehttp "GET /favicon.ico HTTP/1.1" 404 6396
INFO 2025-04-06 03:01:01,015 basehttp "GET /logout/ HTTP/1.1" 302 0
INFO 2025-04-06 03:01:01,028 basehttp "GET /home/ HTTP/1.1" 200 16434
INFO 2025-04-06 03:01:06,252 basehttp "GET /auth/login/google-oauth2/?next=/dashboard/ HTTP/1.1" 302 0
INFO 2025-04-06 03:01:35,449 views Attempting to fetch YouTube channel info for user: paypalikyy0fc00026d55e44c1
INFO 2025-04-06 03:01:35,608 views Found YouTube channel for paypalikyy0fc00026d55e44c1: LandonMTV (UCYl-g5Dy8-4zJSb-nTwWJvg)
INFO 2025-04-06 03:01:35,611 views Successfully connected YouTube channel for user: paypalikyy0fc00026d55e44c1
INFO 2025-04-06 03:01:35,621 basehttp "GET /auth/complete/google-oauth2/?state=rFZKUnpnch8tDYlkog663kLrQosdrffe&code=4/0Ab_5qllKNhFVmi23BF6nuG0aV-zWZJDvzL-eCfq8NgJ7NgSE4w6fOXEOIU5qVnH_01bX9Q&scope=email%20profile%20openid%20https://www.googleapis.com/auth/youtube.readonly%20https://www.googleapis.com/auth/youtubepartner%20https://www.googleapis.com/auth/yt-analytics.readonly%20https://www.googleapis.com/auth/youtube%20https://www.googleapis.com/auth/userinfo.profile%20https://www.googleapis.com/auth/userinfo.email&authuser=0&prompt=consent HTTP/1.1" 302 0
INFO 2025-04-06 03:01:35,628 youtube_analytics Access token available: True
INFO 2025-04-06 03:01:35,628 youtube_analytics Refresh token available: True
INFO 2025-04-06 03:01:35,628 youtube_analytics Client ID available: False
INFO 2025-04-06 03:01:35,628 youtube_analytics Client secret available: False
INFO 2025-04-06 03:01:35,750 youtube_analytics Found channel 'LandonMTV' for user paypalikyy0fc00026d55e44c1
INFO 2025-04-06 03:01:36,052 youtube_analytics No analytics data available for user paypalikyy0fc00026d55e44c1's channel
INFO 2025-04-06 03:01:36,067 basehttp "GET /dashboard/ HTTP/1.1" 200 46274
INFO 2025-04-06 03:01:36,108 basehttp "GET /media/profile_pics/wp4737303.jpg HTTP/1.1" 304 0
INFO 2025-04-06 03:01:38,292 basehttp "GET /youtube-search/ HTTP/1.1" 200 51710
ERROR 2025-04-06 03:01:42,102 youtube_api YouTube API error in search_channel: <HttpError 400 when requesting https://youtube.googleapis.com/youtube/v3/search?q=Mr+Beast&part=snippet&type=channel&maxResults=5&key=YOUR_ACTUAL_YOUTUBE_API_KEY_HERE&alt=json returned "API key not valid. Please pass a valid API key.". Details: "[{'message': 'API key not valid. Please pass a valid API key.', 'domain': 'global', 'reason': 'badRequest'}]">
INFO 2025-04-06 03:01:42,107 basehttp "GET /youtube-search/?q=Mr+Beast HTTP/1.1" 200 52407
INFO 2025-04-06 03:04:45,800 autoreload Watching for file changes with StatReloader
ERROR 2025-04-06 03:04:47,030 youtube_analytics Error in YouTube analytics for user Jung: UserSocialAuth matching query does not exist.
INFO 2025-04-06 03:04:47,050 basehttp "GET /dashboard/ HTTP/1.1" 200 46117
INFO 2025-04-06 03:04:48,080 basehttp "GET /youtube-search/ HTTP/1.1" 200 51569
INFO 2025-04-06 03:04:51,073 basehttp "GET /youtube-search/?q=Mr+Beast HTTP/1.1" 200 56915
INFO 2025-04-06 03:04:54,919 basehttp "GET /youtube-channel/UCX6OQ3DkcsbYNE6H8uQQuVA/ HTTP/1.1" 200 69483
INFO 2025-04-06 03:05:23,839 basehttp "GET /youtube-search/ HTTP/1.1" 200 51569
INFO 2025-04-06 03:05:27,014 basehttp "GET /youtube-search/?q=minemanner HTTP/1.1" 200 56847
ERROR 2025-04-06 03:05:29,883 youtube_api YouTube API error in get_channel_stats: <HttpError 400 when requesting https://youtube.googleapis.com/youtube/v3/channels?part=snippet%2Cstatistics%2CbrandingSettings&id=UCgQXbj3iApqWW8u367ggVkA&key=AIzaSyBuF6pVUBnAhTRxgyf_-sBDArEd1FgyLF4&alt=json returned "API Key not found. Please pass a valid API key.". Details: "[{'message': 'API Key not found. Please pass a valid API key.', 'domain': 'global', 'reason': 'badRequest'}]">
ERROR 2025-04-06 03:05:29,900 youtube_api YouTube API error in get_recent_video_stats: <HttpError 400 when requesting https://youtube.googleapis.com/youtube/v3/search?channelId=UCgQXbj3iApqWW8u367ggVkA&part=id%2Csnippet&order=date&type=video&maxResults=10&key=AIzaSyBuF6pVUBnAhTRxgyf_-sBDArEd1FgyLF4&alt=json returned "API Key not found. Please pass a valid API key.". Details: "[{'message': 'API Key not found. Please pass a valid API key.', 'domain': 'global', 'reason': 'badRequest'}]">
INFO 2025-04-06 03:05:29,904 basehttp - Broken pipe from ('127.0.0.1', 60090)
INFO 2025-04-06 03:05:30,267 basehttp "GET /youtube-channel/UCgQXbj3iApqWW8u367ggVkA/ HTTP/1.1" 200 54104
INFO 2025-04-06 03:05:37,831 basehttp "GET /youtube-search/ HTTP/1.1" 200 51569
INFO 2025-04-06 03:05:40,198 basehttp "GET /youtube-search/?q=minemanner HTTP/1.1" 200 56847
INFO 2025-04-06 03:05:42,251 basehttp "GET /youtube-channel/UCgQXbj3iApqWW8u367ggVkA/ HTTP/1.1" 200 68366
INFO 2025-04-06 03:11:06,617 autoreload /Users/navidrahimi/ytanalytics/dashboard/models.py changed, reloading.
INFO 2025-04-06 03:11:07,251 autoreload Watching for file changes with StatReloader
INFO 2025-04-06 03:11:47,742 autoreload /Users/navidrahimi/ytanalytics/dashboard/views.py changed, reloading.
INFO 2025-04-06 03:11:48,312 autoreload Watching for file changes with StatReloader
INFO 2025-04-06 03:12:09,925 autoreload /Users/navidrahimi/ytanalytics/dashboard/views.py changed, reloading.
INFO 2025-04-06 03:12:10,439 autoreload Watching for file changes with StatReloader
INFO 2025-04-06 03:12:15,577 basehttp "GET /youtube-search/ HTTP/1.1" 200 51569
INFO 2025-04-06 03:12:17,576 basehttp "GET /youtube-search/ HTTP/1.1" 200 51569
INFO 2025-04-06 03:12:17,828 basehttp "GET /users/ HTTP/1.1" 200 60146
INFO 2025-04-06 03:12:17,845 basehttp "GET /media/profile_pics/wp3064746.jpg HTTP/1.1" 304 0
INFO 2025-04-06 03:12:17,847 basehttp "GET /media/profile_pics/6f482244cc2b96860300160f33abcb8f.jpg HTTP/1.1" 304 0
INFO 2025-04-06 03:12:17,848 basehttp "GET /media/profile_pics/wp4737303.jpg HTTP/1.1" 304 0
INFO 2025-04-06 03:12:17,848 basehttp "GET /media/profile_pics/f1d63732b1aa398f32f2b30cb0313d10.jpg HTTP/1.1" 304 0
INFO 2025-04-06 03:12:18,487 basehttp "GET /youtube-search/ HTTP/1.1" 200 51569
INFO 2025-04-06 03:12:20,341 basehttp "GET /users/ HTTP/1.1" 200 60146
INFO 2025-04-06 03:12:21,641 basehttp "GET /youtube-search/ HTTP/1.1" 200 51569
INFO 2025-04-06 03:12:22,178 basehttp "GET /users/ HTTP/1.1" 200 60146
ERROR 2025-04-06 03:12:22,760 youtube_analytics Error in YouTube analytics for user Jung: UserSocialAuth matching query does not exist.
INFO 2025-04-06 03:12:22,769 basehttp "GET /dashboard/statistics/ HTTP/1.1" 200 53670
ERROR 2025-04-06 03:12:23,309 youtube_analytics Error in YouTube analytics for user Jung: UserSocialAuth matching query does not exist.
INFO 2025-04-06 03:12:23,312 basehttp "GET /dashboard/ HTTP/1.1" 200 46117
INFO 2025-04-06 03:12:23,920 basehttp "GET /users/ HTTP/1.1" 200 60146
INFO 2025-04-06 03:12:24,520 basehttp "GET /youtube-search/ HTTP/1.1" 200 51569
INFO 2025-04-06 03:12:25,099 basehttp "GET /users/ HTTP/1.1" 200 60146
INFO 2025-04-06 03:12:25,698 basehttp "GET /users/ HTTP/1.1" 200 60146
INFO 2025-04-06 03:12:26,410 basehttp "GET /youtube-search/ HTTP/1.1" 200 51569
INFO 2025-04-06 03:12:26,978 basehttp "GET /users/ HTTP/1.1" 200 60146
INFO 2025-04-06 03:12:27,242 autoreload /Users/navidrahimi/ytanalytics/dashboard/views.py changed, reloading.
INFO 2025-04-06 03:12:29,439 autoreload Watching for file changes with StatReloader
ERROR 2025-04-06 03:12:34,617 youtube_analytics Error in YouTube analytics for user Jung: UserSocialAuth matching query does not exist.
INFO 2025-04-06 03:12:34,697 basehttp "GET /dashboard/statistics/ HTTP/1.1" 200 53670
INFO 2025-04-06 03:26:10,497 autoreload Watching for file changes with StatReloader
INFO 2025-04-06 03:26:33,107 autoreload Watching for file changes with StatReloader
ERROR 2025-04-06 03:26:35,866 youtube_analytics Error in YouTube analytics for user Jung: UserSocialAuth matching query does not exist.
INFO 2025-04-06 03:26:36,256 basehttp "GET /dashboard/statistics/ HTTP/1.1" 200 48733
INFO 2025-04-06 03:26:39,658 basehttp "GET /youtube-search/ HTTP/1.1" 200 53395
INFO 2025-04-06 03:26:43,193 basehttp "GET /youtube-search/?q=minemanner HTTP/1.1" 200 58673
INFO 2025-04-06 03:26:45,321 basehttp "GET /youtube-channel/UCgQXbj3iApqWW8u367ggVkA/ HTTP/1.1" 200 69686
ERROR 2025-04-06 03:27:48,513 youtube_analytics Error in YouTube analytics for user Jung: UserSocialAuth matching query does not exist.
INFO 2025-04-06 03:27:48,517 basehttp "GET /dashboard/statistics/ HTTP/1.1" 200 48733
INFO 2025-04-06 03:27:55,182 basehttp "GET /youtube-search/ HTTP/1.1" 200 53520
INFO 2025-04-06 03:27:56,582 youtube_analytics Access token available: True
INFO 2025-04-06 03:27:56,582 youtube_analytics Refresh token available: True
INFO 2025-04-06 03:27:56,582 youtube_analytics Client ID available: False
INFO 2025-04-06 03:27:56,582 youtube_analytics Client secret available: False
INFO 2025-04-06 03:27:56,732 youtube_analytics Found channel 'ikyy' for user dasoccer
INFO 2025-04-06 03:27:57,282 basehttp "GET /dashboard/statistics/ HTTP/1.1" 200 50103
INFO 2025-04-06 03:28:03,911 basehttp "GET /users/ HTTP/1.1" 200 61424
INFO 2025-04-06 03:28:29,108 basehttp "GET /youtube-search/ HTTP/1.1" 200 53520
INFO 2025-04-06 03:28:41,521 basehttp "GET /youtube-search/?q=mrbeast HTTP/1.1" 200 59054
INFO 2025-04-06 03:28:47,315 basehttp "GET /youtube-channel/UCX6OQ3DkcsbYNE6H8uQQuVA/ HTTP/1.1" 200 71046
ERROR 2025-04-06 03:35:27,164 youtube_analytics Error in YouTube analytics for user Jung: UserSocialAuth matching query does not exist.
INFO 2025-04-06 03:35:27,188 basehttp "GET /dashboard/statistics/ HTTP/1.1" 200 48733
INFO 2025-04-06 03:35:28,200 basehttp "GET /youtube-search/ HTTP/1.1" 200 53395
INFO 2025-04-06 03:35:30,766 basehttp "GET /youtube-search/?q=minemanner HTTP/1.1" 200 58673
INFO 2025-04-06 03:35:33,322 basehttp "GET /youtube-channel/UCgQXbj3iApqWW8u367ggVkA/ HTTP/1.1" 200 69686
INFO 2025-04-06 03:36:59,220 autoreload /Users/navidrahimi/ytanalytics/dashboard/views.py changed, reloading.
INFO 2025-04-06 03:37:00,214 autoreload Watching for file changes with StatReloader
INFO 2025-04-06 03:39:26,331 basehttp "GET /youtube-channel/UCgQXbj3iApqWW8u367ggVkA/ HTTP/1.1" 200 77882
WARNING 2025-04-06 03:39:27,302 log Not Found: /api/channel/UCgQXbj3iApqWW8u367ggVkA/stats/
WARNING 2025-04-06 03:39:27,304 basehttp "GET /api/channel/UCgQXbj3iApqWW8u367ggVkA/stats/?range=1month&metric=subscribers HTTP/1.1" 404 6528
WARNING 2025-04-06 03:39:30,478 log Not Found: /api/channel/UCgQXbj3iApqWW8u367ggVkA/stats/
WARNING 2025-04-06 03:39:30,478 basehttp "GET /api/channel/UCgQXbj3iApqWW8u367ggVkA/stats/?range=1month&metric=views HTTP/1.1" 404 6522
WARNING 2025-04-06 03:39:31,013 log Not Found: /api/channel/UCgQXbj3iApqWW8u367ggVkA/stats/
WARNING 2025-04-06 03:39:31,013 basehttp "GET /api/channel/UCgQXbj3iApqWW8u367ggVkA/stats/?range=1month&metric=subscribers HTTP/1.1" 404 6528
WARNING 2025-04-06 03:39:32,896 log Not Found: /api/channel/UCgQXbj3iApqWW8u367ggVkA/stats/
WARNING 2025-04-06 03:39:32,897 basehttp "GET /api/channel/UCgQXbj3iApqWW8u367ggVkA/stats/?range=1day&metric=subscribers HTTP/1.1" 404 6526
WARNING 2025-04-06 03:39:33,611 log Not Found: /api/channel/UCgQXbj3iApqWW8u367ggVkA/stats/
WARNING 2025-04-06 03:39:33,611 basehttp "GET /api/channel/UCgQXbj3iApqWW8u367ggVkA/stats/?range=1day&metric=views HTTP/1.1" 404 6520
WARNING 2025-04-06 03:39:34,092 log Not Found: /api/channel/UCgQXbj3iApqWW8u367ggVkA/stats/
WARNING 2025-04-06 03:39:34,092 basehttp "GET /api/channel/UCgQXbj3iApqWW8u367ggVkA/stats/?range=1day&metric=subscribers HTTP/1.1" 404 6526
ERROR 2025-04-06 03:39:49,100 youtube_analytics Error in YouTube analytics for user Jung: UserSocialAuth matching query does not exist.
INFO 2025-04-06 03:39:49,108 basehttp "GET /dashboard/statistics/ HTTP/1.1" 200 48733
INFO 2025-04-06 03:39:50,146 basehttp "GET /youtube-search/ HTTP/1.1" 200 53395
INFO 2025-04-06 03:39:55,004 basehttp "GET /youtube-channel/UCX6OQ3DkcsbYNE6H8uQQuVA/ HTTP/1.1" 200 79242
WARNING 2025-04-06 03:39:55,813 log Not Found: /api/channel/UCX6OQ3DkcsbYNE6H8uQQuVA/stats/
WARNING 2025-04-06 03:39:55,813 basehttp "GET /api/channel/UCX6OQ3DkcsbYNE6H8uQQuVA/stats/?range=1month&metric=subscribers HTTP/1.1" 404 6528
WARNING 2025-04-06 03:39:58,215 log Not Found: /api/channel/UCX6OQ3DkcsbYNE6H8uQQuVA/stats/
WARNING 2025-04-06 03:39:58,219 basehttp "GET /api/channel/UCX6OQ3DkcsbYNE6H8uQQuVA/stats/?range=1month&metric=views HTTP/1.1" 404 6522
WARNING 2025-04-06 03:39:58,678 log Not Found: /api/channel/UCX6OQ3DkcsbYNE6H8uQQuVA/stats/
WARNING 2025-04-06 03:39:58,678 basehttp "GET /api/channel/UCX6OQ3DkcsbYNE6H8uQQuVA/stats/?range=1month&metric=subscribers HTTP/1.1" 404 6528
INFO 2025-04-06 03:40:01,323 youtube_analytics Access token available: True
INFO 2025-04-06 03:40:01,323 youtube_analytics Refresh token available: True
INFO 2025-04-06 03:40:01,323 youtube_analytics Client ID available: False
INFO 2025-04-06 03:40:01,323 youtube_analytics Client secret available: False
INFO 2025-04-06 03:40:01,460 youtube_analytics Found channel 'ikyy' for user dasoccer
INFO 2025-04-06 03:40:01,980 basehttp "GET /dashboard/statistics/ HTTP/1.1" 200 50103
INFO 2025-04-06 03:45:32,691 autoreload Watching for file changes with StatReloader
INFO 2025-04-06 03:45:35,035 youtube_analytics Access token available: True
INFO 2025-04-06 03:45:35,036 youtube_analytics Refresh token available: True
INFO 2025-04-06 03:45:35,036 youtube_analytics Client ID available: False
INFO 2025-04-06 03:45:35,036 youtube_analytics Client secret available: False
INFO 2025-04-06 03:45:35,392 youtube_analytics Found channel 'ikyy' for user dasoccer
INFO 2025-04-06 03:45:36,236 basehttp "GET /dashboard/statistics/ HTTP/1.1" 200 57062
ERROR 2025-04-06 03:53:09,866 youtube_analytics Error in YouTube analytics for user Jung: UserSocialAuth matching query does not exist.
INFO 2025-04-06 03:53:09,892 basehttp "GET /dashboard/statistics/ HTTP/1.1" 200 55498
INFO 2025-04-06 03:56:14,843 autoreload /Users/navidrahimi/ytanalytics/dashboard/views.py changed, reloading.
INFO 2025-04-06 03:56:15,690 autoreload Watching for file changes with StatReloader
INFO 2025-04-06 03:56:33,237 autoreload /Users/navidrahimi/ytanalytics/dashboard/youtube_analytics.py changed, reloading.
INFO 2025-04-06 03:56:33,736 autoreload Watching for file changes with StatReloader
INFO 2025-04-06 03:57:44,190 autoreload /Users/navidrahimi/ytanalytics/dashboard/youtube_analytics.py changed, reloading.
INFO 2025-04-06 03:57:46,101 autoreload Watching for file changes with StatReloader
INFO 2025-04-06 03:57:49,296 youtube_analytics Access token available: True
INFO 2025-04-06 03:57:49,297 youtube_analytics Refresh token available: True
INFO 2025-04-06 03:57:49,297 youtube_analytics Client ID available: False
INFO 2025-04-06 03:57:49,297 youtube_analytics Client secret available: False
INFO 2025-04-06 03:57:49,447 youtube_analytics Found channel 'ikyy' for user dasoccer
INFO 2025-04-06 03:57:50,023 basehttp "GET /dashboard/ HTTP/1.1" 200 48536
INFO 2025-04-06 03:57:58,185 autoreload Watching for file changes with StatReloader
INFO 2025-04-06 03:58:01,071 youtube_analytics Access token available: True
INFO 2025-04-06 03:58:01,071 youtube_analytics Refresh token available: True
INFO 2025-04-06 03:58:01,071 youtube_analytics Client ID available: False
INFO 2025-04-06 03:58:01,071 youtube_analytics Client secret available: False
INFO 2025-04-06 03:58:01,267 youtube_analytics Found channel 'ikyy' for user dasoccer
INFO 2025-04-06 03:58:02,269 basehttp "GET /dashboard/ HTTP/1.1" 200 48536
INFO 2025-04-06 03:58:03,897 youtube_analytics Access token available: True
INFO 2025-04-06 03:58:03,897 youtube_analytics Refresh token available: True
INFO 2025-04-06 03:58:03,897 youtube_analytics Client ID available: False
INFO 2025-04-06 03:58:03,897 youtube_analytics Client secret available: False
INFO 2025-04-06 03:58:04,083 youtube_analytics Found channel 'ikyy' for user dasoccer
INFO 2025-04-06 03:58:04,568 basehttp "GET /dashboard/statistics/ HTTP/1.1" 200 62337
WARNING 2025-04-06 03:58:07,085 log Not Found: /dashboard/api/statistics/
WARNING 2025-04-06 03:58:07,086 basehttp "GET /dashboard/api/statistics/?days=10 HTTP/1.1" 404 6446
WARNING 2025-04-06 03:58:08,390 log Not Found: /dashboard/api/statistics/
WARNING 2025-04-06 03:58:08,390 basehttp "GET /dashboard/api/statistics/?days=1 HTTP/1.1" 404 6445
WARNING 2025-04-06 03:58:09,301 log Not Found: /dashboard/api/statistics/
WARNING 2025-04-06 03:58:09,302 basehttp "GET /dashboard/api/statistics/?days=180 HTTP/1.1" 404 6447
WARNING 2025-04-06 03:58:10,081 log Not Found: /dashboard/api/statistics/
WARNING 2025-04-06 03:58:10,081 basehttp "GET /dashboard/api/statistics/?days=365 HTTP/1.1" 404 6447
WARNING 2025-04-06 03:58:11,133 log Not Found: /dashboard/api/statistics/
WARNING 2025-04-06 03:58:11,133 basehttp "GET /dashboard/api/statistics/?days=all HTTP/1.1" 404 6447
INFO 2025-04-06 04:00:11,061 autoreload /Users/navidrahimi/ytanalytics/dashboard/views.py changed, reloading.
INFO 2025-04-06 04:00:11,901 autoreload Watching for file changes with StatReloader
INFO 2025-04-06 04:00:28,435 autoreload /Users/navidrahimi/ytanalytics/dashboard/youtube_analytics.py changed, reloading.
INFO 2025-04-06 04:00:28,918 autoreload Watching for file changes with StatReloader
INFO 2025-04-06 04:00:39,322 autoreload /Users/navidrahimi/ytanalytics/dashboard/youtube_analytics.py changed, reloading.
INFO 2025-04-06 04:00:39,839 autoreload Watching for file changes with StatReloader
INFO 2025-04-06 04:00:41,132 autoreload /Users/navidrahimi/ytanalytics/dashboard/youtube_analytics.py changed, reloading.
INFO 2025-04-06 04:00:41,513 autoreload Watching for file changes with StatReloader
INFO 2025-04-06 04:01:47,060 autoreload /Users/navidrahimi/ytanalytics/dashboard/youtube_analytics.py changed, reloading.
INFO 2025-04-06 04:01:48,532 autoreload Watching for file changes with StatReloader
INFO 2025-04-06 04:01:52,285 autoreload Watching for file changes with StatReloader
INFO 2025-04-06 04:01:55,296 youtube_analytics Access token available: True
INFO 2025-04-06 04:01:55,296 youtube_analytics Refresh token available: True
INFO 2025-04-06 04:01:55,296 youtube_analytics Client ID available: False
INFO 2025-04-06 04:01:55,296 youtube_analytics Client secret available: False
INFO 2025-04-06 04:01:55,521 youtube_analytics Found channel 'ikyy' for user dasoccer
INFO 2025-04-06 04:01:56,127 basehttp "GET /dashboard/statistics/ HTTP/1.1" 200 62701
WARNING 2025-04-06 04:02:05,060 log Not Found: /dashboard/api/statistics/
WARNING 2025-04-06 04:02:05,061 basehttp "GET /dashboard/api/statistics/?days=1 HTTP/1.1" 404 6445
WARNING 2025-04-06 04:02:07,265 log Not Found: /dashboard/api/statistics/
WARNING 2025-04-06 04:02:07,266 basehttp "GET /dashboard/api/statistics/?days=10 HTTP/1.1" 404 6446
WARNING 2025-04-06 04:02:10,225 log Not Found: /dashboard/api/statistics/
WARNING 2025-04-06 04:02:10,225 basehttp "GET /dashboard/api/statistics/?days=30 HTTP/1.1" 404 6446
WARNING 2025-04-06 04:02:12,004 log Not Found: /dashboard/api/statistics/
WARNING 2025-04-06 04:02:12,005 basehttp "GET /dashboard/api/statistics/?days=180 HTTP/1.1" 404 6447
WARNING 2025-04-06 04:02:13,092 log Not Found: /dashboard/api/statistics/
WARNING 2025-04-06 04:02:13,092 basehttp "GET /dashboard/api/statistics/?days=365 HTTP/1.1" 404 6447
WARNING 2025-04-06 04:02:14,102 log Not Found: /dashboard/api/statistics/
WARNING 2025-04-06 04:02:14,103 basehttp "GET /dashboard/api/statistics/?days=all HTTP/1.1" 404 6447
INFO 2025-04-06 04:03:33,921 autoreload /Users/navidrahimi/ytanalytics/ytanalytics/urls.py changed, reloading.
INFO 2025-04-06 04:03:34,672 autoreload Watching for file changes with StatReloader
INFO 2025-04-06 04:04:12,498 autoreload /Users/navidrahimi/ytanalytics/dashboard/views.py changed, reloading.
INFO 2025-04-06 04:04:13,157 autoreload Watching for file changes with StatReloader
INFO 2025-04-06 04:04:44,107 autoreload /Users/navidrahimi/ytanalytics/dashboard/urls.py changed, reloading.
INFO 2025-04-06 04:04:44,821 autoreload Watching for file changes with StatReloader
INFO 2025-04-06 04:07:02,729 youtube_analytics Access token available: True
INFO 2025-04-06 04:07:02,730 youtube_analytics Refresh token available: True
INFO 2025-04-06 04:07:02,730 youtube_analytics Client ID available: False
INFO 2025-04-06 04:07:02,730 youtube_analytics Client secret available: False
INFO 2025-04-06 04:07:02,983 youtube_analytics Found channel 'ikyy' for user dasoccer
INFO 2025-04-06 04:07:03,662 basehttp "GET /dashboard/statistics/ HTTP/1.1" 200 63167
INFO 2025-04-06 04:07:04,511 basehttp "GET /dashboard/api/statistics/?days=30 HTTP/1.1" 200 1066
INFO 2025-04-06 04:07:07,387 basehttp "GET /dashboard/api/statistics/?days=365 HTTP/1.1" 200 11022
INFO 2025-04-06 04:07:42,687 basehttp "GET /dashboard/api/statistics/?days=all HTTP/1.1" 200 11022
INFO 2025-04-06 04:07:50,365 basehttp "GET /dashboard/api/statistics/?days=1 HTTP/1.1" 200 242
INFO 2025-04-06 04:07:55,748 basehttp "GET /dashboard/api/statistics/?days=10 HTTP/1.1" 200 497
INFO 2025-04-06 04:09:28,825 youtube_analytics Access token available: True
INFO 2025-04-06 04:09:28,828 youtube_analytics Refresh token available: True
INFO 2025-04-06 04:09:28,828 youtube_analytics Client ID available: False
INFO 2025-04-06 04:09:28,828 youtube_analytics Client secret available: False
INFO 2025-04-06 04:09:29,072 youtube_analytics Found channel 'ikyy' for user dasoccer
INFO 2025-04-06 04:09:30,716 basehttp "GET /dashboard/statistics/ HTTP/1.1" 200 63227
INFO 2025-04-06 04:09:32,285 basehttp "GET /dashboard/api/statistics/?days=30 HTTP/1.1" 200 1066
INFO 2025-04-06 04:09:35,453 basehttp "GET /dashboard/api/statistics/?days=all HTTP/1.1" 200 11022
INFO 2025-04-06 04:09:59,564 basehttp "GET /dashboard/api/statistics/?days=365 HTTP/1.1" 200 11022
INFO 2025-04-06 04:10:23,459 basehttp "GET /dashboard/api/statistics/?days=180 HTTP/1.1" 200 5423
INFO 2025-04-06 04:10:39,856 basehttp "GET /dashboard/api/statistics/?days=30 HTTP/1.1" 200 1066
INFO 2025-04-06 04:10:48,144 basehttp "GET /dashboard/api/statistics/?days=1 HTTP/1.1" 200 242
INFO 2025-04-06 04:12:27,756 autoreload /Users/navidrahimi/ytanalytics/dashboard/api_views.py changed, reloading.
INFO 2025-04-06 04:12:29,394 autoreload Watching for file changes with StatReloader
INFO 2025-04-06 04:15:09,967 youtube_analytics Access token available: True
INFO 2025-04-06 04:15:09,969 youtube_analytics Refresh token available: True
INFO 2025-04-06 04:15:09,969 youtube_analytics Client ID available: False
INFO 2025-04-06 04:15:09,969 youtube_analytics Client secret available: False
INFO 2025-04-06 04:15:10,345 youtube_analytics Found channel 'ikyy' for user dasoccer
INFO 2025-04-06 04:15:11,340 basehttp "GET /dashboard/statistics/ HTTP/1.1" 200 63494
INFO 2025-04-06 04:15:13,488 basehttp "GET /dashboard/api/statistics/?days=30 HTTP/1.1" 200 1069
INFO 2025-04-06 04:15:17,091 basehttp "GET /dashboard/api/statistics/?days=all HTTP/1.1" 200 544
INFO 2025-04-06 04:17:40,216 youtube_analytics Access token available: True
INFO 2025-04-06 04:17:40,217 youtube_analytics Refresh token available: True
INFO 2025-04-06 04:17:40,217 youtube_analytics Client ID available: False
INFO 2025-04-06 04:17:40,217 youtube_analytics Client secret available: False
INFO 2025-04-06 04:17:40,378 youtube_analytics Found channel 'ikyy' for user dasoccer
INFO 2025-04-06 04:17:40,884 basehttp "GET /dashboard/statistics/ HTTP/1.1" 200 65892
INFO 2025-04-06 04:17:41,430 basehttp "GET /dashboard/api/statistics/?days=30 HTTP/1.1" 200 1069
INFO 2025-04-06 04:17:44,326 basehttp "GET /dashboard/api/statistics/?days=all HTTP/1.1" 200 540
INFO 2025-04-06 04:17:47,825 basehttp "GET /dashboard/api/statistics/?days=1 HTTP/1.1" 200 972
INFO 2025-04-06 04:17:52,857 basehttp "GET /dashboard/api/statistics/?days=10 HTTP/1.1" 200 500
INFO 2025-04-06 04:17:55,808 basehttp "GET /dashboard/api/statistics/?days=all HTTP/1.1" 200 541
INFO 2025-04-06 04:18:06,698 basehttp "GET /dashboard/api/statistics/?days=365 HTTP/1.1" 200 546
INFO 2025-04-06 04:18:08,676 basehttp "GET /dashboard/api/statistics/?days=180 HTTP/1.1" 200 966
INFO 2025-04-06 04:18:10,494 basehttp "GET /dashboard/api/statistics/?days=30 HTTP/1.1" 200 1069
INFO 2025-04-06 04:18:11,952 basehttp "GET /dashboard/api/statistics/?days=10 HTTP/1.1" 200 500
INFO 2025-04-06 04:18:13,277 basehttp "GET /dashboard/api/statistics/?days=1 HTTP/1.1" 200 975
ERROR 2025-04-06 04:18:23,616 log Internal Server Error: /dashboard/
Traceback (most recent call last):
  File "/Users/navidrahimi/ytanalytics/ytanalytics/.venv/lib/python3.12/site-packages/django/core/handlers/exception.py", line 55, in inner
    response = get_response(request)
               ^^^^^^^^^^^^^^^^^^^^^
  File "/Users/navidrahimi/ytanalytics/ytanalytics/.venv/lib/python3.12/site-packages/django/core/handlers/base.py", line 197, in _get_response
    response = wrapped_callback(request, *callback_args, **callback_kwargs)
               ^^^^^^^^^^^^^^^^^^^^^^^^^^^^^^^^^^^^^^^^^^^^^^^^^^^^^^^^^^^^
  File "/Users/navidrahimi/ytanalytics/dashboard/views.py", line 92, in dashboard
    return redirect('login_success')
           ^^^^^^^^^^^^^^^^^^^^^^^^^
  File "/Users/navidrahimi/ytanalytics/ytanalytics/.venv/lib/python3.12/site-packages/django/shortcuts.py", line 49, in redirect
    return redirect_class(resolve_url(to, *args, **kwargs))
                          ^^^^^^^^^^^^^^^^^^^^^^^^^^^^^^^^
  File "/Users/navidrahimi/ytanalytics/ytanalytics/.venv/lib/python3.12/site-packages/django/shortcuts.py", line 180, in resolve_url
    return reverse(to, args=args, kwargs=kwargs)
           ^^^^^^^^^^^^^^^^^^^^^^^^^^^^^^^^^^^^^
  File "/Users/navidrahimi/ytanalytics/ytanalytics/.venv/lib/python3.12/site-packages/django/urls/base.py", line 88, in reverse
    return resolver._reverse_with_prefix(view, prefix, *args, **kwargs)
           ^^^^^^^^^^^^^^^^^^^^^^^^^^^^^^^^^^^^^^^^^^^^^^^^^^^^^^^^^^^^
  File "/Users/navidrahimi/ytanalytics/ytanalytics/.venv/lib/python3.12/site-packages/django/urls/resolvers.py", line 831, in _reverse_with_prefix
    raise NoReverseMatch(msg)
django.urls.exceptions.NoReverseMatch: Reverse for 'login_success' not found. 'login_success' is not a valid view function or pattern name.
ERROR 2025-04-06 04:18:23,620 basehttp "GET /dashboard/ HTTP/1.1" 500 86978
INFO 2025-04-06 04:18:37,500 basehttp "GET / HTTP/1.1" 301 0
INFO 2025-04-06 04:18:37,533 basehttp "GET /home/ HTTP/1.1" 200 10903
INFO 2025-04-06 04:18:37,599 basehttp "GET /static/images/settings.png HTTP/1.1" 200 37134
INFO 2025-04-06 04:18:39,493 basehttp "GET /logout/ HTTP/1.1" 302 0
INFO 2025-04-06 04:18:39,501 basehttp "GET /home/ HTTP/1.1" 200 16434
INFO 2025-04-06 04:18:41,987 basehttp "GET /auth/login/google-oauth2/?next=/dashboard/ HTTP/1.1" 302 0
INFO 2025-04-06 04:18:51,813 basehttp "GET /auth/complete/google-oauth2/?state=6cFiDr0PEQYmAyZrWDBQSRyXBNtR9QDc&code=4/0Ab_5qllF12B9mVxmXMCZlVG15eJxRB1vjKBkFVSTSESyZhrI08TRdujAXJKG9STX2zf6vA&scope=email%20profile%20openid%20https://www.googleapis.com/auth/youtube.readonly%20https://www.googleapis.com/auth/youtubepartner%20https://www.googleapis.com/auth/yt-analytics.readonly%20https://www.googleapis.com/auth/youtube%20https://www.googleapis.com/auth/userinfo.profile%20https://www.googleapis.com/auth/userinfo.email&authuser=0&prompt=consent HTTP/1.1" 302 0
ERROR 2025-04-06 04:18:51,840 log Internal Server Error: /dashboard/
Traceback (most recent call last):
  File "/Users/navidrahimi/ytanalytics/ytanalytics/.venv/lib/python3.12/site-packages/django/core/handlers/exception.py", line 55, in inner
    response = get_response(request)
               ^^^^^^^^^^^^^^^^^^^^^
  File "/Users/navidrahimi/ytanalytics/ytanalytics/.venv/lib/python3.12/site-packages/django/core/handlers/base.py", line 197, in _get_response
    response = wrapped_callback(request, *callback_args, **callback_kwargs)
               ^^^^^^^^^^^^^^^^^^^^^^^^^^^^^^^^^^^^^^^^^^^^^^^^^^^^^^^^^^^^
  File "/Users/navidrahimi/ytanalytics/dashboard/views.py", line 92, in dashboard
    return redirect('login_success')
           ^^^^^^^^^^^^^^^^^^^^^^^^^
  File "/Users/navidrahimi/ytanalytics/ytanalytics/.venv/lib/python3.12/site-packages/django/shortcuts.py", line 49, in redirect
    return redirect_class(resolve_url(to, *args, **kwargs))
                          ^^^^^^^^^^^^^^^^^^^^^^^^^^^^^^^^
  File "/Users/navidrahimi/ytanalytics/ytanalytics/.venv/lib/python3.12/site-packages/django/shortcuts.py", line 180, in resolve_url
    return reverse(to, args=args, kwargs=kwargs)
           ^^^^^^^^^^^^^^^^^^^^^^^^^^^^^^^^^^^^^
  File "/Users/navidrahimi/ytanalytics/ytanalytics/.venv/lib/python3.12/site-packages/django/urls/base.py", line 88, in reverse
    return resolver._reverse_with_prefix(view, prefix, *args, **kwargs)
           ^^^^^^^^^^^^^^^^^^^^^^^^^^^^^^^^^^^^^^^^^^^^^^^^^^^^^^^^^^^^
  File "/Users/navidrahimi/ytanalytics/ytanalytics/.venv/lib/python3.12/site-packages/django/urls/resolvers.py", line 831, in _reverse_with_prefix
    raise NoReverseMatch(msg)
django.urls.exceptions.NoReverseMatch: Reverse for 'login_success' not found. 'login_success' is not a valid view function or pattern name.
ERROR 2025-04-06 04:18:51,841 basehttp "GET /dashboard/ HTTP/1.1" 500 86812
INFO 2025-04-06 04:19:44,874 autoreload /Users/navidrahimi/ytanalytics/dashboard/views.py changed, reloading.
INFO 2025-04-06 04:19:45,534 autoreload Watching for file changes with StatReloader
INFO 2025-04-06 04:20:04,321 autoreload Watching for file changes with StatReloader
INFO 2025-04-06 04:20:08,786 basehttp "GET /dashboard/ HTTP/1.1" 302 0
INFO 2025-04-06 04:20:08,839 basehttp "GET /home/ HTTP/1.1" 200 10903
INFO 2025-04-06 04:20:11,745 basehttp "GET /logout/ HTTP/1.1" 302 0
INFO 2025-04-06 04:20:11,761 basehttp "GET /home/ HTTP/1.1" 200 16434
INFO 2025-04-06 04:20:13,566 basehttp "GET /auth/login/google-oauth2/?next=/dashboard/ HTTP/1.1" 302 0
INFO 2025-04-06 04:20:27,080 basehttp "GET /auth/complete/google-oauth2/?state=GOq7xM8W1Iy4mMOZoKdwC0WfG2SweHt1&code=4/0Ab_5qlnD9Eapg_17KA4Z-6-kRsMpAFd5s2yQRcEOaAfXgEG2d_uXfP6LFFx545QleSKRyg&scope=email%20profile%20openid%20https://www.googleapis.com/auth/youtube.readonly%20https://www.googleapis.com/auth/youtubepartner%20https://www.googleapis.com/auth/yt-analytics.readonly%20https://www.googleapis.com/auth/youtube%20https://www.googleapis.com/auth/userinfo.profile%20https://www.googleapis.com/auth/userinfo.email&authuser=0&prompt=consent HTTP/1.1" 302 0
INFO 2025-04-06 04:20:27,089 basehttp "GET /dashboard/ HTTP/1.1" 302 0
INFO 2025-04-06 04:20:27,095 basehttp "GET /home/ HTTP/1.1" 200 10903
INFO 2025-04-06 04:20:59,402 basehttp "GET /dashboard/ HTTP/1.1" 200 9323
INFO 2025-04-06 04:21:02,154 basehttp "GET /auth/login/google-oauth2/ HTTP/1.1" 302 0
INFO 2025-04-06 04:21:13,131 basehttp "GET /auth/complete/google-oauth2/?state=GOq7xM8W1Iy4mMOZoKdwC0WfG2SweHt1&code=4/0Ab_5qll2Ld-GpPguH7FCbbsvcqniieMQFm8byQE5qJYN9rdy9WkuZpc3AW_E3avE4sPq5w&scope=email%20profile%20openid%20https://www.googleapis.com/auth/youtube.readonly%20https://www.googleapis.com/auth/youtubepartner%20https://www.googleapis.com/auth/yt-analytics.readonly%20https://www.googleapis.com/auth/youtube%20https://www.googleapis.com/auth/userinfo.profile%20https://www.googleapis.com/auth/userinfo.email&authuser=0&prompt=consent HTTP/1.1" 302 0
INFO 2025-04-06 04:21:13,143 basehttp "GET /dashboard/ HTTP/1.1" 200 9323
INFO 2025-04-06 04:22:17,162 autoreload /Users/navidrahimi/ytanalytics/dashboard/views.py changed, reloading.
INFO 2025-04-06 04:22:18,538 autoreload Watching for file changes with StatReloader
INFO 2025-04-06 04:22:46,597 autoreload Watching for file changes with StatReloader
INFO 2025-04-06 04:22:48,926 basehttp "GET /dashboard/ HTTP/1.1" 200 48076
INFO 2025-04-06 04:22:51,002 youtube_analytics Access token available: True
INFO 2025-04-06 04:22:51,002 youtube_analytics Refresh token available: True
INFO 2025-04-06 04:22:51,002 youtube_analytics Client ID available: False
INFO 2025-04-06 04:22:51,002 youtube_analytics Client secret available: False
INFO 2025-04-06 04:22:51,135 youtube_analytics Found channel 'ikyy' for user dasoccer
INFO 2025-04-06 04:22:51,614 basehttp "GET /dashboard/statistics/ HTTP/1.1" 200 65892
INFO 2025-04-06 04:22:51,882 basehttp "GET /dashboard/api/statistics/?days=30 HTTP/1.1" 200 1069
INFO 2025-04-06 04:22:57,221 basehttp "GET /dashboard/ HTTP/1.1" 200 48076
INFO 2025-04-06 04:22:58,699 youtube_analytics Access token available: True
INFO 2025-04-06 04:22:58,699 youtube_analytics Refresh token available: True
INFO 2025-04-06 04:22:58,699 youtube_analytics Client ID available: False
INFO 2025-04-06 04:22:58,699 youtube_analytics Client secret available: False
INFO 2025-04-06 04:22:58,836 youtube_analytics Found channel 'ikyy' for user dasoccer
INFO 2025-04-06 04:22:59,338 basehttp "GET /dashboard/statistics/ HTTP/1.1" 200 65892
INFO 2025-04-06 04:22:59,501 basehttp "GET /dashboard/api/statistics/?days=30 HTTP/1.1" 200 1069
INFO 2025-04-06 04:23:01,428 basehttp "GET /users/ HTTP/1.1" 200 61424
INFO 2025-04-06 04:23:13,139 basehttp "GET /youtube-search/ HTTP/1.1" 200 53520
ERROR 2025-04-06 04:23:56,391 log Internal Server Error: /youtube-search/
Traceback (most recent call last):
  File "/Users/navidrahimi/ytanalytics/ytanalytics/.venv/lib/python3.12/site-packages/django/template/base.py", line 510, in parse
    compile_func = self.tags[command]
                   ~~~~~~~~~^^^^^^^^^
KeyError: 'endblock'

During handling of the above exception, another exception occurred:

Traceback (most recent call last):
  File "/Users/navidrahimi/ytanalytics/ytanalytics/.venv/lib/python3.12/site-packages/django/core/handlers/exception.py", line 55, in inner
    response = get_response(request)
               ^^^^^^^^^^^^^^^^^^^^^
  File "/Users/navidrahimi/ytanalytics/ytanalytics/.venv/lib/python3.12/site-packages/django/core/handlers/base.py", line 197, in _get_response
    response = wrapped_callback(request, *callback_args, **callback_kwargs)
               ^^^^^^^^^^^^^^^^^^^^^^^^^^^^^^^^^^^^^^^^^^^^^^^^^^^^^^^^^^^^
  File "/Users/navidrahimi/ytanalytics/ytanalytics/.venv/lib/python3.12/site-packages/django/contrib/auth/decorators.py", line 60, in _view_wrapper
    return view_func(request, *args, **kwargs)
           ^^^^^^^^^^^^^^^^^^^^^^^^^^^^^^^^^^^
  File "/Users/navidrahimi/ytanalytics/ytanalytics/.venv/lib/python3.12/site-packages/django/contrib/auth/decorators.py", line 60, in _view_wrapper
    return view_func(request, *args, **kwargs)
           ^^^^^^^^^^^^^^^^^^^^^^^^^^^^^^^^^^^
  File "/Users/navidrahimi/ytanalytics/dashboard/views.py", line 553, in youtube_search_view
    return render(request, 'auth/youtube_search.html', context)
           ^^^^^^^^^^^^^^^^^^^^^^^^^^^^^^^^^^^^^^^^^^^^^^^^^^^^
  File "/Users/navidrahimi/ytanalytics/ytanalytics/.venv/lib/python3.12/site-packages/django/shortcuts.py", line 25, in render
    content = loader.render_to_string(template_name, context, request, using=using)
              ^^^^^^^^^^^^^^^^^^^^^^^^^^^^^^^^^^^^^^^^^^^^^^^^^^^^^^^^^^^^^^^^^^^^^
  File "/Users/navidrahimi/ytanalytics/ytanalytics/.venv/lib/python3.12/site-packages/django/template/loader.py", line 61, in render_to_string
    template = get_template(template_name, using=using)
               ^^^^^^^^^^^^^^^^^^^^^^^^^^^^^^^^^^^^^^^^
  File "/Users/navidrahimi/ytanalytics/ytanalytics/.venv/lib/python3.12/site-packages/django/template/loader.py", line 15, in get_template
    return engine.get_template(template_name)
           ^^^^^^^^^^^^^^^^^^^^^^^^^^^^^^^^^^
  File "/Users/navidrahimi/ytanalytics/ytanalytics/.venv/lib/python3.12/site-packages/django/template/backends/django.py", line 79, in get_template
    return Template(self.engine.get_template(template_name), self)
                    ^^^^^^^^^^^^^^^^^^^^^^^^^^^^^^^^^^^^^^^
  File "/Users/navidrahimi/ytanalytics/ytanalytics/.venv/lib/python3.12/site-packages/django/template/engine.py", line 177, in get_template
    template, origin = self.find_template(template_name)
                       ^^^^^^^^^^^^^^^^^^^^^^^^^^^^^^^^^
  File "/Users/navidrahimi/ytanalytics/ytanalytics/.venv/lib/python3.12/site-packages/django/template/engine.py", line 159, in find_template
    template = loader.get_template(name, skip=skip)
               ^^^^^^^^^^^^^^^^^^^^^^^^^^^^^^^^^^^^
  File "/Users/navidrahimi/ytanalytics/ytanalytics/.venv/lib/python3.12/site-packages/django/template/loaders/cached.py", line 57, in get_template
    template = super().get_template(template_name, skip)
               ^^^^^^^^^^^^^^^^^^^^^^^^^^^^^^^^^^^^^^^^^
  File "/Users/navidrahimi/ytanalytics/ytanalytics/.venv/lib/python3.12/site-packages/django/template/loaders/base.py", line 28, in get_template
    return Template(
           ^^^^^^^^^
  File "/Users/navidrahimi/ytanalytics/ytanalytics/.venv/lib/python3.12/site-packages/django/template/base.py", line 154, in __init__
    self.nodelist = self.compile_nodelist()
                    ^^^^^^^^^^^^^^^^^^^^^^^
  File "/Users/navidrahimi/ytanalytics/ytanalytics/.venv/lib/python3.12/site-packages/django/template/base.py", line 196, in compile_nodelist
    nodelist = parser.parse()
               ^^^^^^^^^^^^^^
  File "/Users/navidrahimi/ytanalytics/ytanalytics/.venv/lib/python3.12/site-packages/django/template/base.py", line 518, in parse
    raise self.error(token, e)
  File "/Users/navidrahimi/ytanalytics/ytanalytics/.venv/lib/python3.12/site-packages/django/template/base.py", line 516, in parse
    compiled_result = compile_func(self, token)
                      ^^^^^^^^^^^^^^^^^^^^^^^^^
  File "/Users/navidrahimi/ytanalytics/ytanalytics/.venv/lib/python3.12/site-packages/django/template/loader_tags.py", line 295, in do_extends
    nodelist = parser.parse()
               ^^^^^^^^^^^^^^
  File "/Users/navidrahimi/ytanalytics/ytanalytics/.venv/lib/python3.12/site-packages/django/template/base.py", line 512, in parse
    self.invalid_block_tag(token, command, parse_until)
  File "/Users/navidrahimi/ytanalytics/ytanalytics/.venv/lib/python3.12/site-packages/django/template/base.py", line 573, in invalid_block_tag
    raise self.error(
django.template.exceptions.TemplateSyntaxError: Invalid block tag on line 332: 'endblock'. Did you forget to register or load this tag?
ERROR 2025-04-06 04:23:56,422 basehttp "GET /youtube-search/ HTTP/1.1" 500 175373
INFO 2025-04-06 04:24:02,311 basehttp "GET /youtube-search/ HTTP/1.1" 200 53520
INFO 2025-04-06 04:24:15,540 basehttp "GET /youtube-search/ HTTP/1.1" 200 53369
INFO 2025-04-06 04:24:54,698 basehttp "GET /youtube-search/ HTTP/1.1" 200 53347
INFO 2025-04-06 04:25:00,804 basehttp "GET /youtube-search/ HTTP/1.1" 200 53369
INFO 2025-04-06 04:25:11,502 basehttp "GET /users/ HTTP/1.1" 200 61424
INFO 2025-04-06 04:25:12,327 youtube_analytics Access token available: True
INFO 2025-04-06 04:25:12,327 youtube_analytics Refresh token available: True
INFO 2025-04-06 04:25:12,327 youtube_analytics Client ID available: False
INFO 2025-04-06 04:25:12,327 youtube_analytics Client secret available: False
INFO 2025-04-06 04:25:12,493 youtube_analytics Found channel 'ikyy' for user dasoccer
INFO 2025-04-06 04:25:12,972 basehttp "GET /dashboard/statistics/ HTTP/1.1" 200 65892
INFO 2025-04-06 04:25:13,142 basehttp "GET /dashboard/api/statistics/?days=30 HTTP/1.1" 200 1069
INFO 2025-04-06 04:25:16,166 basehttp "GET /dashboard/api/statistics/?days=all HTTP/1.1" 200 539
INFO 2025-04-06 04:25:18,161 basehttp "GET /dashboard/api/statistics/?days=1 HTTP/1.1" 200 973
INFO 2025-04-06 04:25:35,279 basehttp "GET /youtube-search/ HTTP/1.1" 200 53369
INFO 2025-04-06 04:25:39,159 basehttp "GET /youtube-search/?q=minemanner HTTP/1.1" 200 58647
INFO 2025-04-06 04:25:41,796 basehttp "GET /youtube-channel/UCgQXbj3iApqWW8u367ggVkA/ HTTP/1.1" 200 78007
WARNING 2025-04-06 04:25:41,923 log Not Found: /api/channel/UCgQXbj3iApqWW8u367ggVkA/stats/
WARNING 2025-04-06 04:25:41,924 basehttp "GET /api/channel/UCgQXbj3iApqWW8u367ggVkA/stats/?range=1month&metric=subscribers HTTP/1.1" 404 6327
WARNING 2025-04-06 04:26:26,675 log Not Found: /api/channel/UCgQXbj3iApqWW8u367ggVkA/stats/
WARNING 2025-04-06 04:26:26,676 basehttp "GET /api/channel/UCgQXbj3iApqWW8u367ggVkA/stats/?range=1day&metric=subscribers HTTP/1.1" 404 6325
WARNING 2025-04-06 04:26:28,571 log Not Found: /api/channel/UCgQXbj3iApqWW8u367ggVkA/stats/
WARNING 2025-04-06 04:26:28,571 basehttp "GET /api/channel/UCgQXbj3iApqWW8u367ggVkA/stats/?range=1day&metric=views HTTP/1.1" 404 6319
WARNING 2025-04-06 04:26:29,191 log Not Found: /api/channel/UCgQXbj3iApqWW8u367ggVkA/stats/
WARNING 2025-04-06 04:26:29,192 basehttp "GET /api/channel/UCgQXbj3iApqWW8u367ggVkA/stats/?range=1day&metric=subscribers HTTP/1.1" 404 6325
INFO 2025-04-06 04:28:40,484 basehttp "GET /youtube-channel/UCgQXbj3iApqWW8u367ggVkA/ HTTP/1.1" 200 80777
WARNING 2025-04-06 04:28:41,052 log Not Found: /api/channel/UCgQXbj3iApqWW8u367ggVkA/stats/
WARNING 2025-04-06 04:28:41,053 basehttp "GET /api/channel/UCgQXbj3iApqWW8u367ggVkA/stats/?range=1month&metric=subscribers HTTP/1.1" 404 6327
INFO 2025-04-06 04:31:50,253 basehttp "GET /youtube-channel/UCgQXbj3iApqWW8u367ggVkA/ HTTP/1.1" 200 82746
WARNING 2025-04-06 04:31:50,719 log Not Found: /api/channel/UCgQXbj3iApqWW8u367ggVkA/stats/
WARNING 2025-04-06 04:31:50,720 basehttp "GET /api/channel/UCgQXbj3iApqWW8u367ggVkA/stats/?range=1month&metric=subscribers HTTP/1.1" 404 6327
INFO 2025-04-06 04:31:53,334 basehttp "GET /dashboard/ HTTP/1.1" 200 48076
INFO 2025-04-06 04:31:55,906 youtube_analytics Access token available: True
INFO 2025-04-06 04:31:55,907 youtube_analytics Refresh token available: True
INFO 2025-04-06 04:31:55,907 youtube_analytics Client ID available: False
INFO 2025-04-06 04:31:55,907 youtube_analytics Client secret available: False
INFO 2025-04-06 04:31:56,092 youtube_analytics Found channel 'ikyy' for user dasoccer
INFO 2025-04-06 04:31:56,593 basehttp "GET /dashboard/statistics/ HTTP/1.1" 200 65892
INFO 2025-04-06 04:31:56,754 basehttp "GET /dashboard/api/statistics/?days=30 HTTP/1.1" 200 1069
INFO 2025-04-06 04:32:05,347 basehttp "GET /youtube-search/ HTTP/1.1" 200 53369
INFO 2025-04-06 04:32:08,788 basehttp "GET /youtube-search/?q=minemanner HTTP/1.1" 200 58647
INFO 2025-04-06 04:32:10,933 basehttp "GET /youtube-channel/UCgQXbj3iApqWW8u367ggVkA/ HTTP/1.1" 200 82786
WARNING 2025-04-06 04:32:11,107 log Not Found: /api/channel/UCgQXbj3iApqWW8u367ggVkA/stats/
WARNING 2025-04-06 04:32:11,108 basehttp "GET /api/channel/UCgQXbj3iApqWW8u367ggVkA/stats/?range=1month&metric=subscribers HTTP/1.1" 404 6327
INFO 2025-04-06 04:33:51,657 basehttp "GET /connect-accounts/ HTTP/1.1" 200 17821
INFO 2025-04-06 04:33:54,248 views Edit profile accessed by user: Jung
INFO 2025-04-06 04:33:54,366 views Loading profile form via AJAX for user: Jung
DEBUG 2025-04-06 04:33:54,558 views Submit button in HTML: True
INFO 2025-04-06 04:33:54,566 basehttp "GET /edit-profile/?ajax=1 HTTP/1.1" 200 6714
WARNING 2025-04-06 04:34:09,350 log Forbidden (CSRF token missing.): /edit-profile/
WARNING 2025-04-06 04:34:09,352 basehttp "POST /edit-profile/ HTTP/1.1" 403 2491
ERROR 2025-04-06 04:40:50,096 youtube_analytics Error in YouTube analytics for user Jung: UserSocialAuth matching query does not exist.
INFO 2025-04-06 04:40:50,130 basehttp "GET /dashboard/statistics/ HTTP/1.1" 200 63946
ERROR 2025-04-06 04:40:54,660 youtube_analytics Error in YouTube analytics for user Jung: UserSocialAuth matching query does not exist.
INFO 2025-04-06 04:40:54,785 basehttp "GET /dashboard/statistics/ HTTP/1.1" 200 63946
INFO 2025-04-06 04:40:55,229 basehttp "GET /dashboard/api/statistics/?days=30 HTTP/1.1" 200 1061
ERROR 2025-04-06 04:40:56,608 log Internal Server Error: /dashboard/
Traceback (most recent call last):
  File "/Users/navidrahimi/ytanalytics/ytanalytics/.venv/lib/python3.12/site-packages/django/core/handlers/exception.py", line 55, in inner
    response = get_response(request)
               ^^^^^^^^^^^^^^^^^^^^^
  File "/Users/navidrahimi/ytanalytics/ytanalytics/.venv/lib/python3.12/site-packages/django/core/handlers/base.py", line 197, in _get_response
    response = wrapped_callback(request, *callback_args, **callback_kwargs)
               ^^^^^^^^^^^^^^^^^^^^^^^^^^^^^^^^^^^^^^^^^^^^^^^^^^^^^^^^^^^^
  File "/Users/navidrahimi/ytanalytics/dashboard/views.py", line 92, in dashboard
    return redirect('dashboard_view')  # Redirect to dashboard_view instead of home
           ^^^^^^^^^^^^^^^^^^^^^^^^^^
  File "/Users/navidrahimi/ytanalytics/ytanalytics/.venv/lib/python3.12/site-packages/django/shortcuts.py", line 49, in redirect
    return redirect_class(resolve_url(to, *args, **kwargs))
                          ^^^^^^^^^^^^^^^^^^^^^^^^^^^^^^^^
  File "/Users/navidrahimi/ytanalytics/ytanalytics/.venv/lib/python3.12/site-packages/django/shortcuts.py", line 180, in resolve_url
    return reverse(to, args=args, kwargs=kwargs)
           ^^^^^^^^^^^^^^^^^^^^^^^^^^^^^^^^^^^^^
  File "/Users/navidrahimi/ytanalytics/ytanalytics/.venv/lib/python3.12/site-packages/django/urls/base.py", line 88, in reverse
    return resolver._reverse_with_prefix(view, prefix, *args, **kwargs)
           ^^^^^^^^^^^^^^^^^^^^^^^^^^^^^^^^^^^^^^^^^^^^^^^^^^^^^^^^^^^^
  File "/Users/navidrahimi/ytanalytics/ytanalytics/.venv/lib/python3.12/site-packages/django/urls/resolvers.py", line 831, in _reverse_with_prefix
    raise NoReverseMatch(msg)
django.urls.exceptions.NoReverseMatch: Reverse for 'dashboard_view' not found. 'dashboard_view' is not a valid view function or pattern name.
ERROR 2025-04-06 04:40:56,625 basehttp "GET /dashboard/ HTTP/1.1" 500 87314
INFO 2025-04-06 04:41:51,502 autoreload /Users/navidrahimi/ytanalytics/dashboard/views.py changed, reloading.
INFO 2025-04-06 04:41:55,751 autoreload Watching for file changes with StatReloader
INFO 2025-04-06 04:42:19,319 basehttp "GET /dashboard/ HTTP/1.1" 302 0
INFO 2025-04-06 04:42:19,351 basehttp "GET /dashboard/ HTTP/1.1" 200 48234
ERROR 2025-04-06 04:42:22,429 youtube_analytics Error in YouTube analytics for user Jung: UserSocialAuth matching query does not exist.
INFO 2025-04-06 04:42:22,445 basehttp "GET /dashboard/statistics/ HTTP/1.1" 200 63946
INFO 2025-04-06 04:42:22,496 basehttp "GET /dashboard/api/statistics/?days=30 HTTP/1.1" 200 1061
INFO 2025-04-06 04:42:23,796 basehttp "GET /users/ HTTP/1.1" 200 62187
INFO 2025-04-06 04:42:25,009 basehttp "GET /youtube-search/ HTTP/1.1" 200 53535
INFO 2025-04-06 04:44:36,405 basehttp "GET /youtube-search/ HTTP/1.1" 200 53382
INFO 2025-04-06 04:47:06,620 basehttp "GET /youtube-search/ HTTP/1.1" 200 53382
INFO 2025-04-06 04:49:29,459 basehttp "GET /youtube-search/ HTTP/1.1" 200 53608
INFO 2025-04-06 04:50:23,341 basehttp "GET /youtube-search/?q=minemanner HTTP/1.1" 200 58886
INFO 2025-04-06 04:50:26,588 basehttp "GET /youtube-channel/UCgQXbj3iApqWW8u367ggVkA/ HTTP/1.1" 200 82952
WARNING 2025-04-06 04:50:26,978 log Not Found: /api/channel/UCgQXbj3iApqWW8u367ggVkA/stats/
WARNING 2025-04-06 04:50:26,986 basehttp "GET /api/channel/UCgQXbj3iApqWW8u367ggVkA/stats/?range=1month&metric=subscribers HTTP/1.1" 404 6327
INFO 2025-04-06 04:50:33,248 basehttp "GET /youtube-channel/UCgQXbj3iApqWW8u367ggVkA/ HTTP/1.1" 200 82952
WARNING 2025-04-06 04:50:33,628 log Not Found: /api/channel/UCgQXbj3iApqWW8u367ggVkA/stats/
WARNING 2025-04-06 04:50:33,670 basehttp "GET /api/channel/UCgQXbj3iApqWW8u367ggVkA/stats/?range=1month&metric=subscribers HTTP/1.1" 404 6327
WARNING 2025-04-06 04:50:38,918 log Not Found: /api/channel/UCgQXbj3iApqWW8u367ggVkA/stats/
WARNING 2025-04-06 04:50:38,920 basehttp "GET /api/channel/UCgQXbj3iApqWW8u367ggVkA/stats/?range=1month&metric=views HTTP/1.1" 404 6321
WARNING 2025-04-06 04:50:39,603 log Not Found: /api/channel/UCgQXbj3iApqWW8u367ggVkA/stats/
WARNING 2025-04-06 04:50:39,604 basehttp "GET /api/channel/UCgQXbj3iApqWW8u367ggVkA/stats/?range=1month&metric=subscribers HTTP/1.1" 404 6327
ERROR 2025-04-06 04:50:46,178 youtube_analytics Error in YouTube analytics for user Jung: UserSocialAuth matching query does not exist.
INFO 2025-04-06 04:50:46,227 basehttp "GET /dashboard/statistics/ HTTP/1.1" 200 63946
INFO 2025-04-06 04:50:46,366 basehttp "GET /dashboard/api/statistics/?days=30 HTTP/1.1" 200 1061
INFO 2025-04-06 04:50:53,562 youtube_analytics Access token available: True
INFO 2025-04-06 04:50:53,562 youtube_analytics Refresh token available: True
INFO 2025-04-06 04:50:53,562 youtube_analytics Client ID available: False
INFO 2025-04-06 04:50:53,562 youtube_analytics Client secret available: False
INFO 2025-04-06 04:50:53,966 youtube_analytics Found channel 'ikyy' for user dasoccer
INFO 2025-04-06 04:50:54,644 basehttp "GET /dashboard/statistics/ HTTP/1.1" 200 66183
INFO 2025-04-06 04:50:57,139 basehttp "GET /dashboard/api/statistics/?days=30 HTTP/1.1" 200 1069
INFO 2025-04-06 04:50:59,066 basehttp "GET /dashboard/api/statistics/?days=1 HTTP/1.1" 200 975
INFO 2025-04-06 04:51:00,606 basehttp "GET /dashboard/api/statistics/?days=10 HTTP/1.1" 200 500
INFO 2025-04-06 04:51:03,348 basehttp "GET /dashboard/api/statistics/?days=all HTTP/1.1" 200 541
INFO 2025-04-06 04:51:04,953 basehttp "GET /dashboard/api/statistics/?days=365 HTTP/1.1" 200 546
INFO 2025-04-06 04:51:06,364 basehttp "GET /dashboard/api/statistics/?days=180 HTTP/1.1" 200 967
INFO 2025-04-06 04:51:14,098 basehttp "GET /connect-accounts/ HTTP/1.1" 200 17824
INFO 2025-04-06 04:51:22,439 basehttp "GET /dashboard/api/statistics/?days=all HTTP/1.1" 200 540
INFO 2025-04-06 04:51:35,200 basehttp "GET /dashboard/api/statistics/?days=30 HTTP/1.1" 200 1069
INFO 2025-04-06 04:51:36,995 basehttp "GET /dashboard/api/statistics/?days=10 HTTP/1.1" 200 500
INFO 2025-04-06 04:51:38,365 basehttp "GET /dashboard/api/statistics/?days=1 HTTP/1.1" 200 974
INFO 2025-04-06 04:51:39,689 basehttp "GET /youtube-search/ HTTP/1.1" 200 53733
INFO 2025-04-06 04:51:43,540 basehttp "GET /youtube-search/?q=mrbeast HTTP/1.1" 200 59267
INFO 2025-04-06 04:51:46,650 basehttp "GET /youtube-channel/UCX6OQ3DkcsbYNE6H8uQQuVA/ HTTP/1.1" 200 84312
WARNING 2025-04-06 04:51:47,527 log Not Found: /api/channel/UCX6OQ3DkcsbYNE6H8uQQuVA/stats/
WARNING 2025-04-06 04:51:47,529 basehttp "GET /api/channel/UCX6OQ3DkcsbYNE6H8uQQuVA/stats/?range=1month&metric=subscribers HTTP/1.1" 404 6327
INFO 2025-04-06 04:51:57,254 youtube_analytics Access token available: True
INFO 2025-04-06 04:51:57,255 youtube_analytics Refresh token available: True
INFO 2025-04-06 04:51:57,255 youtube_analytics Client ID available: False
INFO 2025-04-06 04:51:57,256 youtube_analytics Client secret available: False
INFO 2025-04-06 04:51:57,519 youtube_analytics Found channel 'ikyy' for user dasoccer
INFO 2025-04-06 04:51:58,079 basehttp "GET /dashboard/statistics/ HTTP/1.1" 200 66183
INFO 2025-04-06 04:51:58,899 basehttp "GET /dashboard/api/statistics/?days=30 HTTP/1.1" 200 1069
INFO 2025-04-06 04:52:00,683 basehttp "GET /dashboard/ HTTP/1.1" 200 48367
INFO 2025-04-06 04:52:04,669 basehttp "GET /logout/ HTTP/1.1" 302 0
INFO 2025-04-06 04:52:04,688 basehttp "GET /home/ HTTP/1.1" 200 16434
INFO 2025-04-06 20:02:14,708 basehttp "GET /auth/login/google-oauth2/?next=/dashboard/ HTTP/1.1" 302 0
INFO 2025-04-06 20:02:31,878 basehttp "GET /auth/complete/google-oauth2/?state=FuQK335r9f2X3GUXHqe0ccii5T4vB1ki&code=4/0Ab_5qllSO9Nbpfu0jDhSkrlbAcaFM7xn0OEYvCn08NjYVHjuFGw2w3H1MbZJwbymvRADTw&scope=email%20profile%20openid%20https://www.googleapis.com/auth/youtube.readonly%20https://www.googleapis.com/auth/youtubepartner%20https://www.googleapis.com/auth/yt-analytics.readonly%20https://www.googleapis.com/auth/youtube%20https://www.googleapis.com/auth/userinfo.profile%20https://www.googleapis.com/auth/userinfo.email&authuser=0&prompt=consent HTTP/1.1" 302 0
INFO 2025-04-06 20:02:31,896 basehttp "GET /dashboard/ HTTP/1.1" 302 0
INFO 2025-04-06 20:02:31,928 basehttp "GET /dashboard/ HTTP/1.1" 200 48367
INFO 2025-04-06 20:02:32,099 basehttp "GET /media/profile_pics/f1d63732b1aa398f32f2b30cb0313d10.jpg HTTP/1.1" 304 0
INFO 2025-04-06 20:02:32,101 basehttp "GET /static/images/grid-circle.png HTTP/1.1" 304 0
INFO 2025-04-06 20:02:58,696 youtube_analytics Access token available: True
INFO 2025-04-06 20:02:58,697 youtube_analytics Refresh token available: True
INFO 2025-04-06 20:02:58,697 youtube_analytics Client ID available: False
INFO 2025-04-06 20:02:58,697 youtube_analytics Client secret available: False
INFO 2025-04-06 20:03:00,117 youtube_analytics Found channel 'ikyy' for user dasoccer
INFO 2025-04-06 20:03:00,986 basehttp "GET /dashboard/statistics/ HTTP/1.1" 200 66183
INFO 2025-04-06 20:03:01,449 basehttp "GET /dashboard/api/statistics/?days=30 HTTP/1.1" 200 1069
INFO 2025-04-06 20:03:04,037 basehttp "GET /dashboard/api/statistics/?days=1 HTTP/1.1" 200 974
INFO 2025-04-06 20:03:07,100 basehttp "GET /dashboard/api/statistics/?days=10 HTTP/1.1" 200 500
INFO 2025-04-06 20:03:12,883 basehttp "GET /youtube-search/ HTTP/1.1" 200 53733
INFO 2025-04-06 20:03:18,821 basehttp "GET /youtube-search/?q=minemanner HTTP/1.1" 200 59011
INFO 2025-04-06 20:03:22,934 basehttp "GET /youtube-channel/UCgQXbj3iApqWW8u367ggVkA/ HTTP/1.1" 200 83077
WARNING 2025-04-06 20:03:23,308 log Not Found: /api/channel/UCgQXbj3iApqWW8u367ggVkA/stats/
WARNING 2025-04-06 20:03:23,309 basehttp "GET /api/channel/UCgQXbj3iApqWW8u367ggVkA/stats/?range=1month&metric=subscribers HTTP/1.1" 404 6327
WARNING 2025-04-06 20:03:28,320 log Not Found: /api/channel/UCgQXbj3iApqWW8u367ggVkA/stats/
WARNING 2025-04-06 20:03:28,321 basehttp "GET /api/channel/UCgQXbj3iApqWW8u367ggVkA/stats/?range=1day&metric=subscribers HTTP/1.1" 404 6325
INFO 2025-04-06 20:04:36,144 basehttp "GET /youtube-search/ HTTP/1.1" 200 53733
INFO 2025-04-06 20:04:46,086 basehttp "GET /youtube-search/ HTTP/1.1" 200 53733
INFO 2025-04-06 20:04:49,264 basehttp "GET /youtube-search/ HTTP/1.1" 200 53733
INFO 2025-04-06 20:04:57,877 basehttp "GET /youtube-search/ HTTP/1.1" 200 53733
INFO 2025-04-06 20:26:43,515 basehttp "GET /dashboard/ HTTP/1.1" 200 48234
INFO 2025-04-06 20:26:43,553 basehttp "GET /static/images/grid-circle.png HTTP/1.1" 304 0
INFO 2025-04-06 20:26:44,859 basehttp "GET /youtube-search/ HTTP/1.1" 200 53608
INFO 2025-04-06 20:26:48,931 basehttp "GET /youtube-search/?q=minemanner HTTP/1.1" 200 58886
INFO 2025-04-06 20:33:46,980 autoreload Watching for file changes with StatReloader
INFO 2025-04-06 20:33:49,080 basehttp "GET /youtube-search/?q=minemanner HTTP/1.1" 200 60324
INFO 2025-04-06 20:33:54,410 basehttp "GET /dashboard/ HTTP/1.1" 200 49672
INFO 2025-04-06 20:33:56,183 basehttp "GET /youtube-search/ HTTP/1.1" 200 55046
INFO 2025-04-06 20:34:00,607 basehttp "GET /users/ HTTP/1.1" 200 63625
INFO 2025-04-06 20:34:00,634 basehttp "GET /media/profile_pics/wp3064746.jpg HTTP/1.1" 304 0
INFO 2025-04-06 20:34:00,641 basehttp "GET /media/profile_pics/6f482244cc2b96860300160f33abcb8f.jpg HTTP/1.1" 304 0
INFO 2025-04-06 20:34:00,646 basehttp "GET /media/profile_pics/f1d63732b1aa398f32f2b30cb0313d10.jpg HTTP/1.1" 304 0
INFO 2025-04-06 20:34:00,657 basehttp "GET /media/profile_pics/wp4737303.jpg HTTP/1.1" 304 0
INFO 2025-04-06 20:34:03,976 basehttp "GET /dashboard/ HTTP/1.1" 200 49672
INFO 2025-04-06 20:34:21,575 basehttp "GET /youtube-search/ HTTP/1.1" 200 55046
INFO 2025-04-06 20:34:25,174 basehttp "GET /youtube-search/?q=minemanner HTTP/1.1" 200 60324
INFO 2025-04-06 20:34:29,414 basehttp "GET /youtube-channel/UCgQXbj3iApqWW8u367ggVkA/ HTTP/1.1" 200 84390
WARNING 2025-04-06 20:34:30,885 log Not Found: /api/channel/UCgQXbj3iApqWW8u367ggVkA/stats/
WARNING 2025-04-06 20:34:30,888 basehttp "GET /api/channel/UCgQXbj3iApqWW8u367ggVkA/stats/?range=1month&metric=subscribers HTTP/1.1" 404 6327
INFO 2025-04-06 20:34:35,165 basehttp "GET /logout/ HTTP/1.1" 302 0
INFO 2025-04-06 20:34:35,195 basehttp "GET /home/ HTTP/1.1" 200 17872
INFO 2025-04-06 20:34:40,935 basehttp "GET /auth/login/google-oauth2/?next=/dashboard/ HTTP/1.1" 302 0
INFO 2025-04-06 20:35:00,269 basehttp "GET /auth/complete/google-oauth2/?state=Cxq2kTZwYyJazQjLqqzOT9T802QTnoEJ&code=4/0Ab_5qlk3M_1G1raTjTn38MylscE3HhiA1CsP21AyBA76R4WVWXLr6jFrEijiao3bC5UwAQ&scope=email%20profile%20openid%20https://www.googleapis.com/auth/youtube.readonly%20https://www.googleapis.com/auth/youtubepartner%20https://www.googleapis.com/auth/yt-analytics.readonly%20https://www.googleapis.com/auth/youtube%20https://www.googleapis.com/auth/userinfo.profile%20https://www.googleapis.com/auth/userinfo.email&authuser=0&prompt=consent HTTP/1.1" 302 0
INFO 2025-04-06 20:35:00,276 basehttp "GET /dashboard/ HTTP/1.1" 302 0
INFO 2025-04-06 20:35:00,286 basehttp "GET /dashboard/ HTTP/1.1" 200 49868
INFO 2025-04-06 20:39:40,562 basehttp "GET /dashboard/ HTTP/1.1" 200 48565
INFO 2025-04-06 20:39:42,665 youtube_analytics Access token available: True
INFO 2025-04-06 20:39:42,665 youtube_analytics Refresh token available: True
INFO 2025-04-06 20:39:42,665 youtube_analytics Client ID available: False
INFO 2025-04-06 20:39:42,666 youtube_analytics Client secret available: False
INFO 2025-04-06 20:39:42,951 youtube_analytics Found channel 'Astral' for user navid23rahimib91f43aa088446a2
INFO 2025-04-06 20:39:43,199 youtube_analytics No analytics data available for user navid23rahimib91f43aa088446a2's channel
INFO 2025-04-06 20:39:43,214 basehttp "GET /dashboard/statistics/ HTTP/1.1" 200 64387
INFO 2025-04-06 20:39:43,271 basehttp "GET /dashboard/api/statistics/?days=30 HTTP/1.1" 200 1069
INFO 2025-04-06 20:39:45,274 basehttp "GET /youtube-search/ HTTP/1.1" 200 53931
INFO 2025-04-06 20:39:47,685 basehttp "GET /youtube-search/?q=minemanner HTTP/1.1" 200 59229
INFO 2025-04-06 20:39:52,564 basehttp "GET /youtube-channel/UCgQXbj3iApqWW8u367ggVkA/ HTTP/1.1" 200 83275
WARNING 2025-04-06 20:39:52,624 log Not Found: /api/channel/UCgQXbj3iApqWW8u367ggVkA/stats/
WARNING 2025-04-06 20:39:52,625 basehttp "GET /api/channel/UCgQXbj3iApqWW8u367ggVkA/stats/?range=1month&metric=subscribers HTTP/1.1" 404 6327
INFO 2025-04-06 20:45:10,764 basehttp "GET /youtube-channel/UCgQXbj3iApqWW8u367ggVkA/ HTTP/1.1" 200 83273
WARNING 2025-04-06 20:45:11,113 log Not Found: /api/channel/UCgQXbj3iApqWW8u367ggVkA/stats/
WARNING 2025-04-06 20:45:11,122 basehttp "GET /api/channel/UCgQXbj3iApqWW8u367ggVkA/stats/?range=1month&metric=subscribers HTTP/1.1" 404 6327
INFO 2025-04-06 20:45:17,681 basehttp "GET /dashboard/ HTTP/1.1" 200 48563
INFO 2025-04-06 20:45:19,167 youtube_analytics Access token available: True
INFO 2025-04-06 20:45:19,168 youtube_analytics Refresh token available: True
INFO 2025-04-06 20:45:19,168 youtube_analytics Client ID available: False
INFO 2025-04-06 20:45:19,168 youtube_analytics Client secret available: False
INFO 2025-04-06 20:45:19,347 youtube_analytics Found channel 'Astral' for user navid23rahimib91f43aa088446a2
INFO 2025-04-06 20:45:19,492 youtube_analytics No analytics data available for user navid23rahimib91f43aa088446a2's channel
INFO 2025-04-06 20:45:19,508 basehttp "GET /dashboard/statistics/ HTTP/1.1" 200 64385
INFO 2025-04-06 20:45:19,548 basehttp "GET /dashboard/api/statistics/?days=30 HTTP/1.1" 200 1069
INFO 2025-04-06 20:45:23,363 autoreload Watching for file changes with StatReloader
INFO 2025-04-06 20:45:30,423 basehttp "GET /youtube-search/ HTTP/1.1" 200 53929
INFO 2025-04-06 20:45:32,893 basehttp "GET /youtube-search/?q=minemanner HTTP/1.1" 200 59207
INFO 2025-04-06 21:13:00,205 basehttp "GET /youtube-search/?q=minemanner HTTP/1.1" 200 59408
INFO 2025-04-06 21:13:08,047 autoreload Watching for file changes with StatReloader
INFO 2025-04-06 21:13:11,167 basehttp "GET /dashboard/ HTTP/1.1" 200 48764
INFO 2025-04-06 21:13:14,451 youtube_analytics Access token available: True
INFO 2025-04-06 21:13:14,452 youtube_analytics Refresh token available: True
INFO 2025-04-06 21:13:14,452 youtube_analytics Client ID available: False
INFO 2025-04-06 21:13:14,452 youtube_analytics Client secret available: False
INFO 2025-04-06 21:13:14,654 youtube_analytics Found channel 'Astral' for user navid23rahimib91f43aa088446a2
INFO 2025-04-06 21:13:14,947 youtube_analytics No analytics data available for user navid23rahimib91f43aa088446a2's channel
INFO 2025-04-06 21:13:14,999 basehttp "GET /dashboard/statistics/ HTTP/1.1" 200 64586
INFO 2025-04-06 21:13:15,736 basehttp "GET /dashboard/api/statistics/?days=30 HTTP/1.1" 200 1069
INFO 2025-04-06 21:13:15,978 basehttp "GET /users/ HTTP/1.1" 200 62049
INFO 2025-04-06 21:13:18,444 basehttp "GET /profile/dasoccer/ HTTP/1.1" 200 52016
INFO 2025-04-06 21:13:22,081 basehttp "GET /youtube-search/ HTTP/1.1" 200 54130
INFO 2025-04-06 21:13:25,290 basehttp "GET /youtube-search/?q=minemanner HTTP/1.1" 200 59401
INFO 2025-04-06 21:13:51,347 basehttp "GET /youtube-search/?q=white+minemanner HTTP/1.1" 200 59350
INFO 2025-04-06 21:14:09,243 basehttp "GET /youtube-search/?q=blue+minemanner HTTP/1.1" 200 59296
INFO 2025-04-06 21:14:13,300 basehttp "GET /youtube-channel/UC72Ve7YsWhNyL4EF_8x73MA/ HTTP/1.1" 200 82980
WARNING 2025-04-06 21:14:13,358 log Not Found: /api/channel/UC72Ve7YsWhNyL4EF_8x73MA/stats/
WARNING 2025-04-06 21:14:13,359 basehttp "GET /api/channel/UC72Ve7YsWhNyL4EF_8x73MA/stats/?range=1month&metric=subscribers HTTP/1.1" 404 6327
INFO 2025-04-06 21:14:22,359 youtube_analytics Access token available: True
INFO 2025-04-06 21:14:22,360 youtube_analytics Refresh token available: True
INFO 2025-04-06 21:14:22,360 youtube_analytics Client ID available: False
INFO 2025-04-06 21:14:22,360 youtube_analytics Client secret available: False
INFO 2025-04-06 21:14:22,494 youtube_analytics Found channel 'Astral' for user navid23rahimib91f43aa088446a2
INFO 2025-04-06 21:14:22,755 youtube_analytics No analytics data available for user navid23rahimib91f43aa088446a2's channel
INFO 2025-04-06 21:14:22,761 basehttp "GET /dashboard/statistics/ HTTP/1.1" 200 64586
INFO 2025-04-06 21:14:22,792 basehttp "GET /dashboard/api/statistics/?days=30 HTTP/1.1" 200 1069
INFO 2025-04-06 21:14:24,176 basehttp "GET /users/ HTTP/1.1" 200 62049
INFO 2025-04-06 21:14:24,811 basehttp "GET /youtube-search/ HTTP/1.1" 200 54130
INFO 2025-04-06 21:14:27,651 basehttp "GET /youtube-search/?q=cash HTTP/1.1" 200 59485
INFO 2025-04-06 21:14:30,022 basehttp "GET /youtube-channel/UC0eLBYhxW9HC0P9PXQ73mpQ/ HTTP/1.1" 200 83407
WARNING 2025-04-06 21:14:30,072 log Not Found: /api/channel/UC0eLBYhxW9HC0P9PXQ73mpQ/stats/
WARNING 2025-04-06 21:14:30,072 basehttp "GET /api/channel/UC0eLBYhxW9HC0P9PXQ73mpQ/stats/?range=1month&metric=subscribers HTTP/1.1" 404 6327
WARNING 2025-04-06 21:14:34,629 log Not Found: /api/channel/UC0eLBYhxW9HC0P9PXQ73mpQ/stats/
WARNING 2025-04-06 21:14:34,629 basehttp "GET /api/channel/UC0eLBYhxW9HC0P9PXQ73mpQ/stats/?range=1day&metric=subscribers HTTP/1.1" 404 6325
INFO 2025-04-06 21:14:43,221 basehttp "GET /users/ HTTP/1.1" 200 62049
INFO 2025-04-06 21:14:44,058 basehttp "GET /youtube-search/ HTTP/1.1" 200 54130
INFO 2025-04-06 21:14:48,370 basehttp "GET /youtube-search/?q=ryan+trahan HTTP/1.1" 200 59274
INFO 2025-04-06 21:14:50,362 basehttp "GET /youtube-channel/UCnmGIkw-KdI0W5siakKPKog/ HTTP/1.1" 200 83110
WARNING 2025-04-06 21:14:50,465 log Not Found: /api/channel/UCnmGIkw-KdI0W5siakKPKog/stats/
WARNING 2025-04-06 21:14:50,465 basehttp "GET /api/channel/UCnmGIkw-KdI0W5siakKPKog/stats/?range=1month&metric=subscribers HTTP/1.1" 404 6327
INFO 2025-04-06 21:17:09,868 basehttp "GET /youtube-channel/UCnmGIkw-KdI0W5siakKPKog/ HTTP/1.1" 200 83109
WARNING 2025-04-06 21:17:11,713 log Not Found: /api/channel/UCnmGIkw-KdI0W5siakKPKog/stats/
WARNING 2025-04-06 21:17:11,719 basehttp "GET /api/channel/UCnmGIkw-KdI0W5siakKPKog/stats/?range=1month&metric=subscribers HTTP/1.1" 404 6327
INFO 2025-04-06 21:19:06,059 basehttp "GET /youtube-channel/UCnmGIkw-KdI0W5siakKPKog/ HTTP/1.1" 200 83109
WARNING 2025-04-06 21:19:06,158 log Not Found: /api/channel/UCnmGIkw-KdI0W5siakKPKog/stats/
WARNING 2025-04-06 21:19:06,158 basehttp "GET /api/channel/UCnmGIkw-KdI0W5siakKPKog/stats/?range=1month&metric=subscribers HTTP/1.1" 404 6327
INFO 2025-04-06 21:19:09,520 basehttp "GET /youtube-channel/UCnmGIkw-KdI0W5siakKPKog/ HTTP/1.1" 200 83109
WARNING 2025-04-06 21:19:09,565 log Not Found: /api/channel/UCnmGIkw-KdI0W5siakKPKog/stats/
WARNING 2025-04-06 21:19:09,567 basehttp "GET /api/channel/UCnmGIkw-KdI0W5siakKPKog/stats/?range=1month&metric=subscribers HTTP/1.1" 404 6327
INFO 2025-04-06 21:19:14,857 autoreload Watching for file changes with StatReloader
INFO 2025-04-06 21:19:16,630 basehttp "GET /youtube-search/ HTTP/1.1" 200 54130
INFO 2025-04-06 21:19:20,271 basehttp "GET /youtube-search/?q=minemanner HTTP/1.1" 200 59408
INFO 2025-04-06 21:19:23,693 basehttp "GET /youtube-channel/UCgQXbj3iApqWW8u367ggVkA/ HTTP/1.1" 200 83473
INFO 2025-04-06 21:19:23,694 basehttp - Broken pipe from ('127.0.0.1', 64780)
INFO 2025-04-06 21:19:24,017 basehttp "GET /youtube-channel/UCgQXbj3iApqWW8u367ggVkA/ HTTP/1.1" 200 83473
WARNING 2025-04-06 21:19:24,076 log Not Found: /api/channel/UCgQXbj3iApqWW8u367ggVkA/stats/
WARNING 2025-04-06 21:19:24,077 basehttp "GET /api/channel/UCgQXbj3iApqWW8u367ggVkA/stats/?range=1month&metric=subscribers HTTP/1.1" 404 6327
INFO 2025-04-06 21:19:38,838 basehttp "GET /youtube-search/ HTTP/1.1" 200 54130
INFO 2025-04-06 21:19:44,203 basehttp "GET /youtube-search/?q=coldified HTTP/1.1" 200 59276
INFO 2025-04-06 21:19:46,326 basehttp "GET /youtube-channel/UCiMcmhdA1yX_5THetoe5uNQ/ HTTP/1.1" 200 83692
WARNING 2025-04-06 21:19:46,446 log Not Found: /api/channel/UCiMcmhdA1yX_5THetoe5uNQ/stats/
WARNING 2025-04-06 21:19:46,447 basehttp "GET /api/channel/UCiMcmhdA1yX_5THetoe5uNQ/stats/?range=1month&metric=subscribers HTTP/1.1" 404 6327
INFO 2025-04-06 21:21:34,886 basehttp "GET /youtube-channel/UCiMcmhdA1yX_5THetoe5uNQ/ HTTP/1.1" 200 84373
WARNING 2025-04-06 21:21:35,451 log Not Found: /api/channel/UCiMcmhdA1yX_5THetoe5uNQ/stats/
WARNING 2025-04-06 21:21:35,461 basehttp "GET /api/channel/UCiMcmhdA1yX_5THetoe5uNQ/stats/?range=1month&metric=subscribers HTTP/1.1" 404 6327
INFO 2025-04-06 21:29:29,363 basehttp "GET /youtube-channel/UCiMcmhdA1yX_5THetoe5uNQ/ HTTP/1.1" 200 85445
WARNING 2025-04-06 21:29:29,518 log Not Found: /api/channel/UCiMcmhdA1yX_5THetoe5uNQ/stats/
WARNING 2025-04-06 21:29:29,518 basehttp "GET /api/channel/UCiMcmhdA1yX_5THetoe5uNQ/stats/?range=1month&metric=subscribers HTTP/1.1" 404 6327
INFO 2025-04-06 21:31:54,074 basehttp "GET /youtube-channel/UCiMcmhdA1yX_5THetoe5uNQ/ HTTP/1.1" 200 85278
WARNING 2025-04-06 21:31:54,232 log Not Found: /api/channel/UCiMcmhdA1yX_5THetoe5uNQ/stats/
WARNING 2025-04-06 21:31:54,233 basehttp "GET /api/channel/UCiMcmhdA1yX_5THetoe5uNQ/stats/?range=1month&metric=subscribers HTTP/1.1" 404 6327
INFO 2025-04-06 21:41:19,909 autoreload /Users/navidrahimi/ytanalytics/ytanalytics/settings.py changed, reloading.
INFO 2025-04-06 21:41:20,990 autoreload Watching for file changes with StatReloader
INFO 2025-04-06 21:42:00,246 autoreload /Users/navidrahimi/ytanalytics/dashboard/views.py changed, reloading.
INFO 2025-04-06 21:42:01,107 autoreload Watching for file changes with StatReloader
INFO 2025-04-06 21:51:20,763 basehttp "GET /youtube-channel/UCiMcmhdA1yX_5THetoe5uNQ/ HTTP/1.1" 200 85433
WARNING 2025-04-06 21:51:21,005 log Not Found: /api/channel/UCiMcmhdA1yX_5THetoe5uNQ/stats/
WARNING 2025-04-06 21:51:21,005 basehttp "GET /api/channel/UCiMcmhdA1yX_5THetoe5uNQ/stats/?range=1month&metric=subscribers HTTP/1.1" 404 6327
INFO 2025-04-06 21:51:24,353 basehttp "GET /home/ HTTP/1.1" 200 49221
INFO 2025-04-06 21:51:32,050 basehttp "GET /dashboard/ HTTP/1.1" 200 49947
INFO 2025-04-06 21:51:33,279 youtube_analytics Access token available: True
INFO 2025-04-06 21:51:33,279 youtube_analytics Refresh token available: True
INFO 2025-04-06 21:51:33,279 youtube_analytics Client ID available: False
INFO 2025-04-06 21:51:33,279 youtube_analytics Client secret available: False
INFO 2025-04-06 21:51:33,495 youtube_analytics Found channel 'Astral' for user navid23rahimib91f43aa088446a2
INFO 2025-04-06 21:51:33,794 youtube_analytics No analytics data available for user navid23rahimib91f43aa088446a2's channel
INFO 2025-04-06 21:51:33,806 basehttp "GET /dashboard/statistics/ HTTP/1.1" 200 65769
INFO 2025-04-06 21:51:33,831 basehttp "GET /dashboard/api/statistics/?days=30 HTTP/1.1" 200 1069
INFO 2025-04-06 21:51:34,486 basehttp "GET /users/ HTTP/1.1" 200 63232
INFO 2025-04-06 21:51:36,456 basehttp "GET /youtube-search/ HTTP/1.1" 200 55313
INFO 2025-04-06 21:51:37,662 basehttp "GET /dashboard/ HTTP/1.1" 200 49947
INFO 2025-04-06 21:51:38,726 youtube_analytics Access token available: True
INFO 2025-04-06 21:51:38,726 youtube_analytics Refresh token available: True
INFO 2025-04-06 21:51:38,726 youtube_analytics Client ID available: False
INFO 2025-04-06 21:51:38,726 youtube_analytics Client secret available: False
INFO 2025-04-06 21:51:38,854 youtube_analytics Found channel 'Astral' for user navid23rahimib91f43aa088446a2
INFO 2025-04-06 21:51:39,121 youtube_analytics No analytics data available for user navid23rahimib91f43aa088446a2's channel
INFO 2025-04-06 21:51:39,135 basehttp "GET /dashboard/statistics/ HTTP/1.1" 200 65769
INFO 2025-04-06 21:51:39,165 basehttp "GET /dashboard/api/statistics/?days=30 HTTP/1.1" 200 1069
INFO 2025-04-06 21:51:39,682 basehttp "GET /dashboard/ HTTP/1.1" 200 49947
INFO 2025-04-06 21:51:40,447 basehttp "GET /home/ HTTP/1.1" 200 49221
INFO 2025-04-06 21:51:46,645 basehttp "GET /dashboard/ HTTP/1.1" 200 49947
INFO 2025-04-06 21:56:53,749 basehttp "GET /home/ HTTP/1.1" 200 49221
INFO 2025-04-06 21:56:56,971 youtube_analytics Access token available: True
INFO 2025-04-06 21:56:56,971 youtube_analytics Refresh token available: True
INFO 2025-04-06 21:56:56,971 youtube_analytics Client ID available: False
INFO 2025-04-06 21:56:56,971 youtube_analytics Client secret available: False
INFO 2025-04-06 21:56:57,122 youtube_analytics Found channel 'Astral' for user navid23rahimib91f43aa088446a2
INFO 2025-04-06 21:56:57,380 youtube_analytics No analytics data available for user navid23rahimib91f43aa088446a2's channel
INFO 2025-04-06 21:56:57,386 basehttp "GET /dashboard/statistics/ HTTP/1.1" 200 65769
INFO 2025-04-06 21:56:57,425 basehttp "GET /dashboard/api/statistics/?days=30 HTTP/1.1" 200 1069
INFO 2025-04-06 21:56:57,923 basehttp "GET /users/ HTTP/1.1" 200 63232
INFO 2025-04-06 21:56:58,386 basehttp "GET /youtube-search/ HTTP/1.1" 200 55313
INFO 2025-04-06 21:57:01,372 basehttp "GET /youtube-search/?q=minemanner HTTP/1.1" 200 60611
INFO 2025-04-06 21:57:04,069 basehttp "GET /youtube-channel/UCgQXbj3iApqWW8u367ggVkA/ HTTP/1.1" 200 85214
WARNING 2025-04-06 21:57:04,118 log Not Found: /api/channel/UCgQXbj3iApqWW8u367ggVkA/stats/
WARNING 2025-04-06 21:57:04,119 basehttp "GET /api/channel/UCgQXbj3iApqWW8u367ggVkA/stats/?range=1month&metric=subscribers HTTP/1.1" 404 6327
INFO 2025-04-06 21:57:08,240 basehttp "GET /dashboard/ HTTP/1.1" 200 49947
INFO 2025-04-06 21:57:08,698 basehttp "GET /home/ HTTP/1.1" 200 49221
INFO 2025-04-06 22:06:44,968 basehttp "GET /users/ HTTP/1.1" 200 63232
INFO 2025-04-06 22:06:46,899 basehttp "GET /profile/navidrahimi/ HTTP/1.1" 200 52751
INFO 2025-04-06 22:07:54,341 autoreload /Users/navidrahimi/ytanalytics/dashboard/models.py changed, reloading.
INFO 2025-04-06 22:07:55,031 autoreload Watching for file changes with StatReloader
INFO 2025-04-06 22:08:30,861 autoreload /Users/navidrahimi/ytanalytics/dashboard/views.py changed, reloading.
INFO 2025-04-06 22:08:31,377 autoreload Watching for file changes with StatReloader
INFO 2025-04-06 22:08:33,720 autoreload /Users/navidrahimi/ytanalytics/dashboard/views.py changed, reloading.
INFO 2025-04-06 22:08:34,056 autoreload Watching for file changes with StatReloader
INFO 2025-04-06 22:08:55,606 autoreload /Users/navidrahimi/ytanalytics/ytanalytics/urls.py changed, reloading.
INFO 2025-04-06 22:08:56,095 autoreload Watching for file changes with StatReloader
INFO 2025-04-06 22:12:34,946 autoreload Watching for file changes with StatReloader
INFO 2025-04-06 22:12:54,355 autoreload Watching for file changes with StatReloader
INFO 2025-04-06 22:12:58,191 basehttp "GET /profile/navidrahimi/ HTTP/1.1" 200 56363
INFO 2025-04-06 22:13:00,286 basehttp "GET /home/ HTTP/1.1" 200 50027
INFO 2025-04-06 22:13:02,538 basehttp "GET /dashboard/ HTTP/1.1" 200 49947
INFO 2025-04-06 22:13:03,969 basehttp "GET /home/ HTTP/1.1" 200 50027
INFO 2025-04-06 22:13:10,082 basehttp "GET /users/ HTTP/1.1" 200 63232
INFO 2025-04-06 22:13:12,504 basehttp "GET /profile/navidrahimi/ HTTP/1.1" 200 56363
INFO 2025-04-06 22:13:13,359 basehttp "GET /link/navidrahimi/ HTTP/1.1" 302 0
INFO 2025-04-06 22:13:13,369 basehttp "GET /profile/navidrahimi/ HTTP/1.1" 200 56799
INFO 2025-04-06 22:13:23,133 basehttp "GET /link/navidrahimi/ HTTP/1.1" 302 0
INFO 2025-04-06 22:13:23,143 basehttp "GET /profile/navidrahimi/ HTTP/1.1" 200 56363
INFO 2025-04-06 22:13:25,331 basehttp "GET /users/ HTTP/1.1" 200 63232
INFO 2025-04-06 22:13:28,735 basehttp "GET /profile/dasoccer/ HTTP/1.1" 200 56808
INFO 2025-04-06 22:13:29,540 basehttp "GET /link/dasoccer/ HTTP/1.1" 302 0
INFO 2025-04-06 22:13:29,550 basehttp "GET /profile/dasoccer/ HTTP/1.1" 200 57249
INFO 2025-04-06 22:13:34,994 basehttp "GET /users/ HTTP/1.1" 200 63232
INFO 2025-04-06 22:13:35,555 basehttp "GET /media/profile_pics/6f482244cc2b96860300160f33abcb8f.jpg HTTP/1.1" 304 0
INFO 2025-04-06 22:13:35,557 basehttp "GET /media/profile_pics/wp3064746.jpg HTTP/1.1" 304 0
INFO 2025-04-06 22:13:35,570 basehttp "GET /media/profile_pics/wp4737303.jpg HTTP/1.1" 304 0
INFO 2025-04-06 22:13:37,145 basehttp "GET /profile/navid23rahimib91f43aa088446a2/ HTTP/1.1" 200 56808
INFO 2025-04-06 22:13:38,490 basehttp "GET /link/navid23rahimib91f43aa088446a2/ HTTP/1.1" 302 0
INFO 2025-04-06 22:13:38,511 youtube_analytics Access token available: True
INFO 2025-04-06 22:13:38,511 youtube_analytics Refresh token available: True
INFO 2025-04-06 22:13:38,515 youtube_analytics Client ID available: False
INFO 2025-04-06 22:13:38,516 youtube_analytics Client secret available: False
INFO 2025-04-06 22:13:38,850 youtube_analytics Found channel 'Astral' for user navid23rahimib91f43aa088446a2
INFO 2025-04-06 22:13:39,164 youtube_analytics No analytics data available for user navid23rahimib91f43aa088446a2's channel
INFO 2025-04-06 22:13:39,172 basehttp "GET /profile/navid23rahimib91f43aa088446a2/ HTTP/1.1" 200 57463
INFO 2025-04-06 22:13:46,444 youtube_analytics Access token available: True
INFO 2025-04-06 22:13:46,449 youtube_analytics Refresh token available: True
INFO 2025-04-06 22:13:46,450 youtube_analytics Client ID available: False
INFO 2025-04-06 22:13:46,450 youtube_analytics Client secret available: False
INFO 2025-04-06 22:13:46,735 youtube_analytics Found channel 'ikyy' for user dasoccer
INFO 2025-04-06 22:13:47,344 basehttp "GET /profile/dasoccer/ HTTP/1.1" 200 57463
INFO 2025-04-06 22:14:21,821 basehttp "GET /home/ HTTP/1.1" 200 50027
INFO 2025-04-06 22:21:54,682 autoreload Watching for file changes with StatReloader
INFO 2025-04-06 22:21:56,061 basehttp "GET /users/ HTTP/1.1" 200 63349
INFO 2025-04-06 22:21:59,309 youtube_analytics Access token available: True
INFO 2025-04-06 22:21:59,310 youtube_analytics Refresh token available: True
INFO 2025-04-06 22:21:59,310 youtube_analytics Client ID available: False
INFO 2025-04-06 22:21:59,310 youtube_analytics Client secret available: False
INFO 2025-04-06 22:21:59,587 youtube_analytics Found channel 'ikyy' for user dasoccer
INFO 2025-04-06 22:22:00,299 basehttp "GET /profile/dasoccer/ HTTP/1.1" 200 58647
INFO 2025-04-06 22:22:06,210 basehttp "GET /home/ HTTP/1.1" 200 50144
INFO 2025-04-06 22:22:11,844 basehttp "GET /youtube-search/ HTTP/1.1" 200 55430
INFO 2025-04-06 22:22:12,506 youtube_analytics Access token available: True
INFO 2025-04-06 22:22:12,508 youtube_analytics Refresh token available: True
INFO 2025-04-06 22:22:12,508 youtube_analytics Client ID available: False
INFO 2025-04-06 22:22:12,509 youtube_analytics Client secret available: False
INFO 2025-04-06 22:22:12,729 youtube_analytics Found channel 'ikyy' for user dasoccer
INFO 2025-04-06 22:22:13,681 basehttp "GET /network/ HTTP/1.1" 200 68396
INFO 2025-04-06 22:22:36,147 basehttp "GET /youtube-search/ HTTP/1.1" 200 55430
INFO 2025-04-06 22:22:40,752 basehttp "GET /youtube-search/?q=minemanner HTTP/1.1" 200 60708
INFO 2025-04-06 22:22:42,546 basehttp "GET /youtube-channel/UCgQXbj3iApqWW8u367ggVkA/ HTTP/1.1" 200 85331
WARNING 2025-04-06 22:22:42,657 log Not Found: /api/channel/UCgQXbj3iApqWW8u367ggVkA/stats/
WARNING 2025-04-06 22:22:42,689 basehttp "GET /api/channel/UCgQXbj3iApqWW8u367ggVkA/stats/?range=1month&metric=subscribers HTTP/1.1" 404 6683
INFO 2025-04-06 22:22:47,529 youtube_analytics Access token available: True
INFO 2025-04-06 22:22:47,530 youtube_analytics Refresh token available: True
INFO 2025-04-06 22:22:47,530 youtube_analytics Client ID available: False
INFO 2025-04-06 22:22:47,530 youtube_analytics Client secret available: False
INFO 2025-04-06 22:22:47,724 youtube_analytics Found channel 'Astral' for user navid23rahimib91f43aa088446a2
INFO 2025-04-06 22:22:48,111 youtube_analytics No analytics data available for user navid23rahimib91f43aa088446a2's channel
INFO 2025-04-06 22:22:48,126 basehttp "GET /dashboard/statistics/ HTTP/1.1" 200 65886
INFO 2025-04-06 22:22:48,208 basehttp "GET /dashboard/api/statistics/?days=30 HTTP/1.1" 200 1069
INFO 2025-04-06 22:22:48,715 youtube_analytics Access token available: True
INFO 2025-04-06 22:22:48,715 youtube_analytics Refresh token available: True
INFO 2025-04-06 22:22:48,715 youtube_analytics Client ID available: False
INFO 2025-04-06 22:22:48,715 youtube_analytics Client secret available: False
INFO 2025-04-06 22:22:48,837 youtube_analytics Found channel 'ikyy' for user dasoccer
INFO 2025-04-06 22:22:49,682 basehttp "GET /network/ HTTP/1.1" 200 68396
INFO 2025-04-06 22:22:50,928 basehttp "GET /home/ HTTP/1.1" 200 50144
INFO 2025-04-06 22:22:53,023 youtube_analytics Access token available: True
INFO 2025-04-06 22:22:53,023 youtube_analytics Refresh token available: True
INFO 2025-04-06 22:22:53,023 youtube_analytics Client ID available: False
INFO 2025-04-06 22:22:53,023 youtube_analytics Client secret available: False
INFO 2025-04-06 22:22:53,147 youtube_analytics Found channel 'ikyy' for user dasoccer
INFO 2025-04-06 22:22:53,948 basehttp "GET /users/ HTTP/1.1" 200 63349
INFO 2025-04-06 22:22:54,180 basehttp - Broken pipe from ('127.0.0.1', 49605)
INFO 2025-04-06 22:22:55,252 basehttp "GET /profile/navidrahimi/ HTTP/1.1" 200 56498
INFO 2025-04-06 22:22:55,962 basehttp "GET /link/navidrahimi/ HTTP/1.1" 302 0
INFO 2025-04-06 22:22:55,973 basehttp "GET /profile/navidrahimi/ HTTP/1.1" 200 56934
INFO 2025-04-06 22:22:57,274 youtube_analytics Access token available: True
INFO 2025-04-06 22:22:57,274 youtube_analytics Refresh token available: True
INFO 2025-04-06 22:22:57,274 youtube_analytics Client ID available: False
INFO 2025-04-06 22:22:57,274 youtube_analytics Client secret available: False
INFO 2025-04-06 22:22:57,391 youtube_analytics Found channel 'ikyy' for user dasoccer
INFO 2025-04-06 22:22:58,191 basehttp "GET /network/ HTTP/1.1" 200 68396
INFO 2025-04-06 22:22:58,877 basehttp "GET /users/ HTTP/1.1" 200 63349
INFO 2025-04-06 22:22:59,841 youtube_analytics Access token available: True
INFO 2025-04-06 22:22:59,841 youtube_analytics Refresh token available: True
INFO 2025-04-06 22:22:59,841 youtube_analytics Client ID available: False
INFO 2025-04-06 22:22:59,841 youtube_analytics Client secret available: False
INFO 2025-04-06 22:22:59,971 youtube_analytics Found channel 'ikyy' for user dasoccer
INFO 2025-04-06 22:23:00,447 basehttp "GET /profile/dasoccer/ HTTP/1.1" 200 58647
INFO 2025-04-06 22:23:02,548 youtube_analytics Access token available: True
INFO 2025-04-06 22:23:02,548 youtube_analytics Refresh token available: True
INFO 2025-04-06 22:23:02,548 youtube_analytics Client ID available: False
INFO 2025-04-06 22:23:02,548 youtube_analytics Client secret available: False
INFO 2025-04-06 22:23:02,666 youtube_analytics Found channel 'ikyy' for user dasoccer
INFO 2025-04-06 22:23:03,512 basehttp "GET /network/ HTTP/1.1" 200 68396
INFO 2025-04-06 22:23:08,933 youtube_analytics Access token available: True
INFO 2025-04-06 22:23:08,934 youtube_analytics Refresh token available: True
INFO 2025-04-06 22:23:08,934 youtube_analytics Client ID available: False
INFO 2025-04-06 22:23:08,934 youtube_analytics Client secret available: False
INFO 2025-04-06 22:23:09,042 youtube_analytics Found channel 'ikyy' for user dasoccer
INFO 2025-04-06 22:23:09,489 basehttp "GET /profile/dasoccer/ HTTP/1.1" 200 58647
INFO 2025-04-06 22:23:14,574 basehttp "GET /dashboard/ HTTP/1.1" 200 50064
INFO 2025-04-06 22:23:15,094 youtube_analytics Access token available: True
INFO 2025-04-06 22:23:15,095 youtube_analytics Refresh token available: True
INFO 2025-04-06 22:23:15,095 youtube_analytics Client ID available: False
INFO 2025-04-06 22:23:15,095 youtube_analytics Client secret available: False
INFO 2025-04-06 22:23:15,229 youtube_analytics Found channel 'Astral' for user navid23rahimib91f43aa088446a2
INFO 2025-04-06 22:23:15,490 youtube_analytics No analytics data available for user navid23rahimib91f43aa088446a2's channel
INFO 2025-04-06 22:23:15,495 basehttp "GET /dashboard/statistics/ HTTP/1.1" 200 65886
INFO 2025-04-06 22:23:15,532 basehttp "GET /dashboard/api/statistics/?days=30 HTTP/1.1" 200 1069
INFO 2025-04-06 22:23:16,854 basehttp "GET /users/ HTTP/1.1" 200 63349
INFO 2025-04-06 22:23:18,207 basehttp "GET /home/ HTTP/1.1" 200 50144
INFO 2025-04-06 22:23:20,656 basehttp "GET /logout/ HTTP/1.1" 302 0
INFO 2025-04-06 22:23:20,663 basehttp "GET /home/ HTTP/1.1" 200 17721
ERROR 2025-04-06 22:23:31,395 log Internal Server Error: /logout/
Traceback (most recent call last):
  File "/Users/navidrahimi/ytanalytics/ytanalytics/.venv/lib/python3.12/site-packages/django/db/models/fields/__init__.py", line 2123, in get_prep_value
    return int(value)
           ^^^^^^^^^^
TypeError: int() argument must be a string, a bytes-like object or a real number, not 'SimpleLazyObject'

The above exception was the direct cause of the following exception:

Traceback (most recent call last):
  File "/Users/navidrahimi/ytanalytics/ytanalytics/.venv/lib/python3.12/site-packages/django/core/handlers/exception.py", line 55, in inner
    response = get_response(request)
               ^^^^^^^^^^^^^^^^^^^^^
  File "/Users/navidrahimi/ytanalytics/ytanalytics/.venv/lib/python3.12/site-packages/django/core/handlers/base.py", line 197, in _get_response
    response = wrapped_callback(request, *callback_args, **callback_kwargs)
               ^^^^^^^^^^^^^^^^^^^^^^^^^^^^^^^^^^^^^^^^^^^^^^^^^^^^^^^^^^^^
  File "/Users/navidrahimi/ytanalytics/dashboard/views.py", line 105, in custom_logout
    social_auth = UserSocialAuth.objects.get(user=request.user)
                  ^^^^^^^^^^^^^^^^^^^^^^^^^^^^^^^^^^^^^^^^^^^^^
  File "/Users/navidrahimi/ytanalytics/ytanalytics/.venv/lib/python3.12/site-packages/django/db/models/manager.py", line 87, in manager_method
    return getattr(self.get_queryset(), name)(*args, **kwargs)
           ^^^^^^^^^^^^^^^^^^^^^^^^^^^^^^^^^^^^^^^^^^^^^^^^^^^
  File "/Users/navidrahimi/ytanalytics/ytanalytics/.venv/lib/python3.12/site-packages/django/db/models/query.py", line 635, in get
    clone = self._chain() if self.query.combinator else self.filter(*args, **kwargs)
                                                        ^^^^^^^^^^^^^^^^^^^^^^^^^^^^
  File "/Users/navidrahimi/ytanalytics/ytanalytics/.venv/lib/python3.12/site-packages/django/db/models/query.py", line 1476, in filter
    return self._filter_or_exclude(False, args, kwargs)
           ^^^^^^^^^^^^^^^^^^^^^^^^^^^^^^^^^^^^^^^^^^^^
  File "/Users/navidrahimi/ytanalytics/ytanalytics/.venv/lib/python3.12/site-packages/django/db/models/query.py", line 1494, in _filter_or_exclude
    clone._filter_or_exclude_inplace(negate, args, kwargs)
  File "/Users/navidrahimi/ytanalytics/ytanalytics/.venv/lib/python3.12/site-packages/django/db/models/query.py", line 1501, in _filter_or_exclude_inplace
    self._query.add_q(Q(*args, **kwargs))
  File "/Users/navidrahimi/ytanalytics/ytanalytics/.venv/lib/python3.12/site-packages/django/db/models/sql/query.py", line 1609, in add_q
    clause, _ = self._add_q(q_object, self.used_aliases)
                ^^^^^^^^^^^^^^^^^^^^^^^^^^^^^^^^^^^^^^^^
  File "/Users/navidrahimi/ytanalytics/ytanalytics/.venv/lib/python3.12/site-packages/django/db/models/sql/query.py", line 1641, in _add_q
    child_clause, needed_inner = self.build_filter(
                                 ^^^^^^^^^^^^^^^^^^
  File "/Users/navidrahimi/ytanalytics/ytanalytics/.venv/lib/python3.12/site-packages/django/db/models/sql/query.py", line 1555, in build_filter
    condition = self.build_lookup(lookups, col, value)
                ^^^^^^^^^^^^^^^^^^^^^^^^^^^^^^^^^^^^^^
  File "/Users/navidrahimi/ytanalytics/ytanalytics/.venv/lib/python3.12/site-packages/django/db/models/sql/query.py", line 1385, in build_lookup
    lookup = lookup_class(lhs, rhs)
             ^^^^^^^^^^^^^^^^^^^^^^
  File "/Users/navidrahimi/ytanalytics/ytanalytics/.venv/lib/python3.12/site-packages/django/db/models/lookups.py", line 30, in __init__
    self.rhs = self.get_prep_lookup()
               ^^^^^^^^^^^^^^^^^^^^^^
  File "/Users/navidrahimi/ytanalytics/ytanalytics/.venv/lib/python3.12/site-packages/django/db/models/fields/related_lookups.py", line 156, in get_prep_lookup
    self.rhs = target_field.get_prep_value(self.rhs)
               ^^^^^^^^^^^^^^^^^^^^^^^^^^^^^^^^^^^^^
  File "/Users/navidrahimi/ytanalytics/ytanalytics/.venv/lib/python3.12/site-packages/django/db/models/fields/__init__.py", line 2125, in get_prep_value
    raise e.__class__(
TypeError: Field 'id' expected a number but got <SimpleLazyObject: <django.contrib.auth.models.AnonymousUser object at 0x110df80b0>>.
ERROR 2025-04-06 22:23:31,401 basehttp "GET /logout/ HTTP/1.1" 500 133000
INFO 2025-04-07 01:40:49,118 basehttp "GET /network/ HTTP/1.1" 302 0
WARNING 2025-04-07 01:40:49,129 log Not Found: /network/auth/login/google-oauth2/
WARNING 2025-04-07 01:40:49,130 basehttp "GET /network/auth/login/google-oauth2/?next=/network/ HTTP/1.1" 404 6632
INFO 2025-04-07 01:40:51,608 basehttp "GET /users/ HTTP/1.1" 302 0
WARNING 2025-04-07 01:40:51,627 log Not Found: /users/auth/login/google-oauth2/
WARNING 2025-04-07 01:40:51,627 basehttp "GET /users/auth/login/google-oauth2/?next=/users/ HTTP/1.1" 404 6624
INFO 2025-04-07 01:40:55,253 basehttp "GET /home/ HTTP/1.1" 200 17721
INFO 2025-04-07 01:41:02,658 basehttp "GET /auth/login/google-oauth2/ HTTP/1.1" 302 0
INFO 2025-04-07 01:41:12,793 basehttp "GET /auth/complete/google-oauth2/?state=owhluhf4phcy2Z5COj0TjEPq3VauA5cu&code=4/0Ab_5qlmSFSLsqu971pPC9ssLD6vFTlfiZprBqf4jcqnHa6eRqDTQxzW6qRs0fjaE7Mf7aQ&scope=email%20profile%20openid%20https://www.googleapis.com/auth/youtube.readonly%20https://www.googleapis.com/auth/youtubepartner%20https://www.googleapis.com/auth/yt-analytics.readonly%20https://www.googleapis.com/auth/youtube%20https://www.googleapis.com/auth/userinfo.profile%20https://www.googleapis.com/auth/userinfo.email&authuser=0&prompt=consent HTTP/1.1" 302 0
INFO 2025-04-07 01:41:12,799 basehttp "GET /home/ HTTP/1.1" 200 50144
INFO 2025-04-07 01:41:16,704 basehttp "GET /home/ HTTP/1.1" 200 50144
INFO 2025-04-07 01:41:17,627 basehttp "GET /dashboard/ HTTP/1.1" 302 0
INFO 2025-04-07 01:41:17,635 basehttp "GET /dashboard/ HTTP/1.1" 200 50064
INFO 2025-04-07 01:41:20,679 youtube_analytics Access token available: True
INFO 2025-04-07 01:41:20,680 youtube_analytics Refresh token available: True
INFO 2025-04-07 01:41:20,680 youtube_analytics Client ID available: False
INFO 2025-04-07 01:41:20,680 youtube_analytics Client secret available: False
INFO 2025-04-07 01:41:20,834 youtube_analytics Found channel 'Astral' for user navid23rahimib91f43aa088446a2
INFO 2025-04-07 01:41:21,111 youtube_analytics No analytics data available for user navid23rahimib91f43aa088446a2's channel
INFO 2025-04-07 01:41:21,116 basehttp "GET /dashboard/statistics/ HTTP/1.1" 200 65886
INFO 2025-04-07 01:41:21,153 basehttp "GET /dashboard/api/statistics/?days=30 HTTP/1.1" 200 1069
INFO 2025-04-07 01:41:23,539 basehttp "GET /users/ HTTP/1.1" 200 63349
INFO 2025-04-07 01:41:25,852 youtube_analytics Access token available: True
INFO 2025-04-07 01:41:25,853 youtube_analytics Refresh token available: True
INFO 2025-04-07 01:41:25,853 youtube_analytics Client ID available: False
INFO 2025-04-07 01:41:25,853 youtube_analytics Client secret available: False
INFO 2025-04-07 01:41:26,055 youtube_analytics Found channel 'Astral' for user navid23rahimib91f43aa088446a2
INFO 2025-04-07 01:41:26,314 youtube_analytics No analytics data available for user navid23rahimib91f43aa088446a2's channel
INFO 2025-04-07 01:41:26,321 basehttp "GET /dashboard/statistics/ HTTP/1.1" 200 65886
INFO 2025-04-07 01:41:26,350 basehttp "GET /dashboard/api/statistics/?days=30 HTTP/1.1" 200 1069
INFO 2025-04-07 01:41:28,629 basehttp "GET /users/ HTTP/1.1" 200 63349
INFO 2025-04-07 01:41:29,229 youtube_analytics Access token available: True
INFO 2025-04-07 01:41:29,229 youtube_analytics Refresh token available: True
INFO 2025-04-07 01:41:29,230 youtube_analytics Client ID available: False
INFO 2025-04-07 01:41:29,230 youtube_analytics Client secret available: False
INFO 2025-04-07 01:41:29,358 youtube_analytics Found channel 'Astral' for user navid23rahimib91f43aa088446a2
INFO 2025-04-07 01:41:29,615 youtube_analytics No analytics data available for user navid23rahimib91f43aa088446a2's channel
INFO 2025-04-07 01:41:29,619 basehttp "GET /dashboard/statistics/ HTTP/1.1" 200 65886
INFO 2025-04-07 01:41:29,645 basehttp "GET /dashboard/api/statistics/?days=30 HTTP/1.1" 200 1069
INFO 2025-04-07 01:41:33,047 basehttp "GET /users/ HTTP/1.1" 200 63349
INFO 2025-04-07 01:41:34,626 youtube_analytics Access token available: True
INFO 2025-04-07 01:41:34,626 youtube_analytics Refresh token available: True
INFO 2025-04-07 01:41:34,626 youtube_analytics Client ID available: False
INFO 2025-04-07 01:41:34,627 youtube_analytics Client secret available: False
INFO 2025-04-07 01:41:34,767 youtube_analytics Found channel 'ikyy' for user dasoccer
INFO 2025-04-07 01:41:35,290 basehttp "GET /profile/dasoccer/ HTTP/1.1" 200 58647
INFO 2025-04-07 01:42:20,085 youtube_analytics Access token available: True
INFO 2025-04-07 01:42:20,086 youtube_analytics Refresh token available: True
INFO 2025-04-07 01:42:20,086 youtube_analytics Client ID available: False
INFO 2025-04-07 01:42:20,086 youtube_analytics Client secret available: False
INFO 2025-04-07 01:42:20,326 youtube_analytics Found channel 'Astral' for user navid23rahimib91f43aa088446a2
INFO 2025-04-07 01:42:20,584 youtube_analytics No analytics data available for user navid23rahimib91f43aa088446a2's channel
INFO 2025-04-07 01:42:20,617 basehttp "GET /profile/navid23rahimib91f43aa088446a2/ HTTP/1.1" 200 57901
INFO 2025-04-07 01:44:18,086 youtube_analytics Access token available: True
INFO 2025-04-07 01:44:18,087 youtube_analytics Refresh token available: True
INFO 2025-04-07 01:44:18,087 youtube_analytics Client ID available: False
INFO 2025-04-07 01:44:18,088 youtube_analytics Client secret available: False
INFO 2025-04-07 01:44:18,281 youtube_analytics Found channel 'Astral' for user navid23rahimib91f43aa088446a2
INFO 2025-04-07 01:44:18,595 youtube_analytics No analytics data available for user navid23rahimib91f43aa088446a2's channel
INFO 2025-04-07 01:44:18,607 basehttp "GET /dashboard/statistics/ HTTP/1.1" 200 65886
INFO 2025-04-07 01:44:18,741 basehttp "GET /dashboard/api/statistics/?days=30 HTTP/1.1" 200 1069
INFO 2025-04-07 01:44:21,476 youtube_analytics Access token available: True
INFO 2025-04-07 01:44:21,476 youtube_analytics Refresh token available: True
INFO 2025-04-07 01:44:21,476 youtube_analytics Client ID available: False
INFO 2025-04-07 01:44:21,476 youtube_analytics Client secret available: False
INFO 2025-04-07 01:44:21,609 youtube_analytics Found channel 'ikyy' for user dasoccer
INFO 2025-04-07 01:44:22,628 basehttp "GET /network/ HTTP/1.1" 200 68396
INFO 2025-04-07 01:46:03,080 autoreload /Users/navidrahimi/ytanalytics/dashboard/youtube_analytics.py changed, reloading.
INFO 2025-04-07 01:46:03,906 autoreload Watching for file changes with StatReloader
INFO 2025-04-07 01:46:16,639 autoreload /Users/navidrahimi/ytanalytics/dashboard/views.py changed, reloading.
INFO 2025-04-07 01:46:17,399 autoreload Watching for file changes with StatReloader
INFO 2025-04-07 01:46:25,408 autoreload /Users/navidrahimi/ytanalytics/dashboard/views.py changed, reloading.
INFO 2025-04-07 01:46:27,774 autoreload Watching for file changes with StatReloader
INFO 2025-04-07 01:46:53,248 basehttp "GET /home/ HTTP/1.1" 200 50144
INFO 2025-04-07 01:46:57,003 basehttp "GET /youtube-search/ HTTP/1.1" 200 55430
INFO 2025-04-07 01:46:58,096 youtube_analytics Access token available: True
INFO 2025-04-07 01:46:58,097 youtube_analytics Refresh token available: True
INFO 2025-04-07 01:46:58,098 youtube_analytics Client ID available: False
INFO 2025-04-07 01:46:58,098 youtube_analytics Client secret available: False
INFO 2025-04-07 01:46:58,439 youtube_analytics Found channel 'ikyy' for user dasoccer
INFO 2025-04-07 01:46:59,467 basehttp "GET /network/ HTTP/1.1" 200 68404
INFO 2025-04-07 01:47:00,848 basehttp "GET /users/ HTTP/1.1" 200 63349
INFO 2025-04-07 01:47:05,277 youtube_analytics Access token available: True
INFO 2025-04-07 01:47:05,277 youtube_analytics Refresh token available: True
INFO 2025-04-07 01:47:05,277 youtube_analytics Client ID available: False
INFO 2025-04-07 01:47:05,278 youtube_analytics Client secret available: False
INFO 2025-04-07 01:47:05,426 youtube_analytics Found channel 'Astral' for user navid23rahimib91f43aa088446a2
INFO 2025-04-07 01:47:05,691 youtube_analytics No analytics data available for user navid23rahimib91f43aa088446a2's channel
INFO 2025-04-07 01:47:05,707 basehttp "GET /dashboard/statistics/ HTTP/1.1" 200 65886
INFO 2025-04-07 01:47:05,748 basehttp "GET /dashboard/api/statistics/?days=30 HTTP/1.1" 200 1069
INFO 2025-04-07 01:47:07,727 basehttp "GET /users/ HTTP/1.1" 200 63349
INFO 2025-04-07 01:47:08,542 youtube_analytics Access token available: True
INFO 2025-04-07 01:47:08,548 youtube_analytics Refresh token available: True
INFO 2025-04-07 01:47:08,548 youtube_analytics Client ID available: False
INFO 2025-04-07 01:47:08,548 youtube_analytics Client secret available: False
INFO 2025-04-07 01:47:08,749 youtube_analytics Found channel 'ikyy' for user dasoccer
INFO 2025-04-07 01:47:09,731 basehttp "GET /network/ HTTP/1.1" 200 68404
INFO 2025-04-07 01:47:13,811 basehttp "GET /users/ HTTP/1.1" 200 63349
INFO 2025-04-07 01:47:15,169 youtube_analytics Access token available: True
INFO 2025-04-07 01:47:15,169 youtube_analytics Refresh token available: True
INFO 2025-04-07 01:47:15,169 youtube_analytics Client ID available: False
INFO 2025-04-07 01:47:15,170 youtube_analytics Client secret available: False
INFO 2025-04-07 01:47:15,324 youtube_analytics Found channel 'ikyy' for user dasoccer
INFO 2025-04-07 01:47:15,858 basehttp "GET /profile/dasoccer/ HTTP/1.1" 200 58828
INFO 2025-04-07 01:47:18,973 basehttp "GET /link/dasoccer/ HTTP/1.1" 302 0
INFO 2025-04-07 01:47:18,985 basehttp "GET /profile/dasoccer/ HTTP/1.1" 200 56943
INFO 2025-04-07 01:47:19,787 basehttp "GET /link/dasoccer/ HTTP/1.1" 302 0
INFO 2025-04-07 01:47:19,800 youtube_analytics Access token available: True
INFO 2025-04-07 01:47:19,800 youtube_analytics Refresh token available: True
INFO 2025-04-07 01:47:19,800 youtube_analytics Client ID available: False
INFO 2025-04-07 01:47:19,800 youtube_analytics Client secret available: False
INFO 2025-04-07 01:47:19,938 youtube_analytics Found channel 'ikyy' for user dasoccer
INFO 2025-04-07 01:47:20,468 basehttp "GET /profile/dasoccer/ HTTP/1.1" 200 58828
INFO 2025-04-07 01:47:31,325 basehttp "GET /home/ HTTP/1.1" 200 50144
INFO 2025-04-07 01:47:35,131 basehttp "GET /logout/ HTTP/1.1" 302 0
INFO 2025-04-07 01:47:35,146 basehttp "GET /home/ HTTP/1.1" 200 17721
INFO 2025-04-07 01:50:13,586 basehttp "GET /home/ HTTP/1.1" 200 18113
INFO 2025-04-07 01:50:17,946 basehttp "GET /home/ HTTP/1.1" 200 18113
INFO 2025-04-07 01:52:01,297 basehttp "GET /home/ HTTP/1.1" 200 15381
INFO 2025-04-07 01:54:19,417 basehttp "GET /home/ HTTP/1.1" 200 16707
INFO 2025-04-07 01:55:30,047 basehttp "GET /home/ HTTP/1.1" 200 16707
INFO 2025-04-07 01:55:33,708 basehttp "GET /home/ HTTP/1.1" 200 16707
INFO 2025-04-07 01:55:34,363 basehttp "GET /home/ HTTP/1.1" 200 16707
INFO 2025-04-07 01:55:40,106 basehttp "GET /home/ HTTP/1.1" 200 16707
INFO 2025-04-07 01:56:36,577 basehttp "GET /home/ HTTP/1.1" 200 16707
INFO 2025-04-07 01:56:42,224 basehttp "GET /auth/login/google-oauth2/ HTTP/1.1" 302 0
INFO 2025-04-07 01:57:15,166 basehttp "GET /auth/complete/google-oauth2/?state=KbxuFJIvQbC205QS5JTEkXHaAcF5evto&code=4/0Ab_5qlm3LAz-gxLBT5qGUtKgeA3kbL807xFg88fGhoIMbxxw3CiPSP7TeZXkCU2DueCLKg&scope=email%20profile%20openid%20https://www.googleapis.com/auth/youtube.readonly%20https://www.googleapis.com/auth/youtubepartner%20https://www.googleapis.com/auth/yt-analytics.readonly%20https://www.googleapis.com/auth/youtube%20https://www.googleapis.com/auth/userinfo.profile%20https://www.googleapis.com/auth/userinfo.email&authuser=0&prompt=consent HTTP/1.1" 302 0
INFO 2025-04-07 01:57:15,178 basehttp "GET /home/ HTTP/1.1" 200 51490
INFO 2025-04-07 01:58:54,045 basehttp "GET /home/ HTTP/1.1" 200 51063
INFO 2025-04-07 01:59:00,420 basehttp "GET /youtube-search/ HTTP/1.1" 200 56349
INFO 2025-04-07 01:59:04,122 basehttp "GET /youtube-search/?q=coldified HTTP/1.1" 200 61535
INFO 2025-04-07 01:59:10,558 basehttp "GET /youtube-channel/UCiMcmhdA1yX_5THetoe5uNQ/ HTTP/1.1" 200 86469
WARNING 2025-04-07 01:59:10,734 log Not Found: /api/channel/UCiMcmhdA1yX_5THetoe5uNQ/stats/
WARNING 2025-04-07 01:59:10,735 basehttp "GET /api/channel/UCiMcmhdA1yX_5THetoe5uNQ/stats/?range=1month&metric=subscribers HTTP/1.1" 404 6683
INFO 2025-04-07 01:59:41,193 basehttp "GET /youtube-search/?q=coldified HTTP/1.1" 200 61535
INFO 2025-04-07 01:59:42,382 youtube_analytics Access token available: True
INFO 2025-04-07 01:59:42,382 youtube_analytics Refresh token available: True
INFO 2025-04-07 01:59:42,382 youtube_analytics Client ID available: False
INFO 2025-04-07 01:59:42,382 youtube_analytics Client secret available: False
INFO 2025-04-07 01:59:42,511 youtube_analytics Found channel 'ikyy' for user dasoccer
INFO 2025-04-07 01:59:43,632 basehttp "GET /network/ HTTP/1.1" 200 69323
INFO 2025-04-07 02:00:13,094 basehttp "GET /users/ HTTP/1.1" 200 64268
INFO 2025-04-07 02:00:17,274 youtube_analytics Access token available: True
INFO 2025-04-07 02:00:17,275 youtube_analytics Refresh token available: True
INFO 2025-04-07 02:00:17,275 youtube_analytics Client ID available: False
INFO 2025-04-07 02:00:17,275 youtube_analytics Client secret available: False
INFO 2025-04-07 02:00:17,499 youtube_analytics Found channel 'Astral' for user navid23rahimib91f43aa088446a2
INFO 2025-04-07 02:00:17,771 youtube_analytics No analytics data available for user navid23rahimib91f43aa088446a2's channel
INFO 2025-04-07 02:00:17,793 basehttp "GET /dashboard/statistics/ HTTP/1.1" 200 66805
INFO 2025-04-07 02:00:17,878 basehttp "GET /dashboard/api/statistics/?days=30 HTTP/1.1" 200 1069
INFO 2025-04-07 02:00:19,775 basehttp "GET /dashboard/ HTTP/1.1" 302 0
INFO 2025-04-07 02:00:19,791 basehttp "GET /dashboard/ HTTP/1.1" 200 50983
INFO 2025-04-07 02:00:21,944 basehttp "GET /dashboard/ HTTP/1.1" 200 50983
INFO 2025-04-07 02:04:42,184 basehttp "GET /dashboard/ HTTP/1.1" 200 51509
INFO 2025-04-07 02:04:47,900 youtube_analytics Access token available: True
INFO 2025-04-07 02:04:47,901 youtube_analytics Refresh token available: True
INFO 2025-04-07 02:04:47,902 youtube_analytics Client ID available: False
INFO 2025-04-07 02:04:47,902 youtube_analytics Client secret available: False
INFO 2025-04-07 02:04:48,162 youtube_analytics Found channel 'Astral' for user navid23rahimib91f43aa088446a2
INFO 2025-04-07 02:04:48,439 youtube_analytics No analytics data available for user navid23rahimib91f43aa088446a2's channel
INFO 2025-04-07 02:04:48,474 basehttp "GET /dashboard/statistics/ HTTP/1.1" 200 67331
INFO 2025-04-07 02:04:48,584 basehttp "GET /dashboard/api/statistics/?days=30 HTTP/1.1" 200 1069
INFO 2025-04-07 02:04:50,785 basehttp "GET /users/ HTTP/1.1" 200 64794
INFO 2025-04-07 02:04:56,154 youtube_analytics Access token available: True
INFO 2025-04-07 02:04:56,154 youtube_analytics Refresh token available: True
INFO 2025-04-07 02:04:56,155 youtube_analytics Client ID available: False
INFO 2025-04-07 02:04:56,155 youtube_analytics Client secret available: False
INFO 2025-04-07 02:04:56,293 youtube_analytics Found channel 'ikyy' for user dasoccer
INFO 2025-04-07 02:04:57,428 basehttp "GET /network/ HTTP/1.1" 200 69849
INFO 2025-04-07 02:04:59,127 basehttp "GET /youtube-search/ HTTP/1.1" 200 56875
INFO 2025-04-07 02:05:03,002 basehttp "GET /youtube-search/?q=coldified HTTP/1.1" 200 62061
INFO 2025-04-07 02:05:17,431 basehttp "GET /youtube-channel/UCiMcmhdA1yX_5THetoe5uNQ/ HTTP/1.1" 200 86995
WARNING 2025-04-07 02:05:17,531 log Not Found: /api/channel/UCiMcmhdA1yX_5THetoe5uNQ/stats/
WARNING 2025-04-07 02:05:17,532 basehttp "GET /api/channel/UCiMcmhdA1yX_5THetoe5uNQ/stats/?range=1month&metric=subscribers HTTP/1.1" 404 6683
INFO 2025-04-07 02:11:21,435 basehttp "GET /youtube-channel/UCiMcmhdA1yX_5THetoe5uNQ/ HTTP/1.1" 200 86995
WARNING 2025-04-07 02:11:22,026 log Not Found: /api/channel/UCiMcmhdA1yX_5THetoe5uNQ/stats/
WARNING 2025-04-07 02:11:22,027 basehttp "GET /api/channel/UCiMcmhdA1yX_5THetoe5uNQ/stats/?range=1month&metric=subscribers HTTP/1.1" 404 6683
INFO 2025-04-07 02:11:23,994 basehttp "GET /youtube-search/ HTTP/1.1" 200 57021
INFO 2025-04-07 02:11:26,865 basehttp "GET /youtube-search/?q=minemanner HTTP/1.1" 200 62294
INFO 2025-04-07 02:11:32,208 basehttp "GET /dashboard/ HTTP/1.1" 200 51509
INFO 2025-04-07 02:11:48,754 basehttp "GET /home/ HTTP/1.1" 200 51589
INFO 2025-04-07 02:14:46,205 autoreload Watching for file changes with StatReloader
INFO 2025-04-07 02:14:48,099 basehttp "GET /home/ HTTP/1.1" 200 50729
INFO 2025-04-07 02:14:52,731 youtube_analytics Access token available: True
INFO 2025-04-07 02:14:52,733 youtube_analytics Refresh token available: True
INFO 2025-04-07 02:14:52,733 youtube_analytics Client ID available: False
INFO 2025-04-07 02:14:52,733 youtube_analytics Client secret available: False
INFO 2025-04-07 02:14:52,920 youtube_analytics Found channel 'ikyy' for user dasoccer
INFO 2025-04-07 02:14:54,016 basehttp "GET /network/ HTTP/1.1" 200 69795
INFO 2025-04-07 02:14:56,327 basehttp "GET /users/ HTTP/1.1" 200 64740
INFO 2025-04-07 02:14:58,414 youtube_analytics Access token available: True
INFO 2025-04-07 02:14:58,414 youtube_analytics Refresh token available: True
INFO 2025-04-07 02:14:58,414 youtube_analytics Client ID available: False
INFO 2025-04-07 02:14:58,414 youtube_analytics Client secret available: False
INFO 2025-04-07 02:14:58,635 youtube_analytics Found channel 'ikyy' for user dasoccer
INFO 2025-04-07 02:14:59,886 basehttp "GET /network/ HTTP/1.1" 200 69795
INFO 2025-04-07 02:15:03,060 basehttp "GET /users/ HTTP/1.1" 200 64740
INFO 2025-04-07 02:18:00,709 basehttp "GET /home/ HTTP/1.1" 200 50729
INFO 2025-04-07 02:39:15,104 basehttp "GET /dashboard/ HTTP/1.1" 200 51392
WARNING 2025-04-07 02:39:16,050 log Not Found: /favicon.ico
WARNING 2025-04-07 02:39:16,052 basehttp "GET /favicon.ico HTTP/1.1" 404 6551
INFO 2025-04-07 02:42:03,896 autoreload Watching for file changes with StatReloader
INFO 2025-04-07 02:42:06,031 youtube_analytics Access token available: True
INFO 2025-04-07 02:42:06,031 youtube_analytics Refresh token available: True
INFO 2025-04-07 02:42:06,031 youtube_analytics Client ID available: False
INFO 2025-04-07 02:42:06,031 youtube_analytics Client secret available: False
INFO 2025-04-07 02:42:06,280 youtube_analytics Found channel 'Astral' for user navid23rahimib91f43aa088446a2
INFO 2025-04-07 02:42:06,728 youtube_analytics No analytics data available for user navid23rahimib91f43aa088446a2's channel
INFO 2025-04-07 02:42:06,766 basehttp "GET /dashboard/statistics/ HTTP/1.1" 200 67277
INFO 2025-04-07 02:42:07,216 basehttp "GET /dashboard/api/statistics/?days=30 HTTP/1.1" 200 1069
INFO 2025-04-07 02:42:08,904 youtube_analytics Access token available: True
INFO 2025-04-07 02:42:08,904 youtube_analytics Refresh token available: True
INFO 2025-04-07 02:42:08,904 youtube_analytics Client ID available: False
INFO 2025-04-07 02:42:08,904 youtube_analytics Client secret available: False
INFO 2025-04-07 02:42:09,020 youtube_analytics Found channel 'ikyy' for user dasoccer
INFO 2025-04-07 02:42:09,981 basehttp "GET /network/ HTTP/1.1" 200 69795
INFO 2025-04-07 02:42:17,377 basehttp "GET /dashboard/ HTTP/1.1" 200 51455
INFO 2025-04-07 02:42:47,664 basehttp "GET /home/ HTTP/1.1" 200 50729
INFO 2025-04-07 02:42:51,302 youtube_analytics Access token available: True
INFO 2025-04-07 02:42:51,302 youtube_analytics Refresh token available: True
INFO 2025-04-07 02:42:51,302 youtube_analytics Client ID available: False
INFO 2025-04-07 02:42:51,302 youtube_analytics Client secret available: False
INFO 2025-04-07 02:42:51,507 youtube_analytics Found channel 'Astral' for user navid23rahimib91f43aa088446a2
INFO 2025-04-07 02:42:51,786 youtube_analytics No analytics data available for user navid23rahimib91f43aa088446a2's channel
INFO 2025-04-07 02:42:51,791 basehttp "GET /dashboard/statistics/ HTTP/1.1" 200 67277
INFO 2025-04-07 02:42:51,820 basehttp "GET /dashboard/api/statistics/?days=30 HTTP/1.1" 200 1069
INFO 2025-04-07 02:43:02,443 basehttp "GET /youtube-search/ HTTP/1.1" 200 56967
INFO 2025-04-07 02:43:58,644 basehttp "GET /dashboard/ HTTP/1.1" 200 51455
INFO 2025-04-07 02:43:59,109 basehttp "GET /home/ HTTP/1.1" 200 50729
INFO 2025-04-07 02:44:03,020 basehttp "GET /dashboard/ HTTP/1.1" 200 51455
INFO 2025-04-07 02:54:05,724 autoreload /Users/navidrahimi/ytanalytics/ytanalytics/settings.py changed, reloading.
INFO 2025-04-07 02:54:06,354 autoreload Watching for file changes with StatReloader
INFO 2025-04-07 02:55:24,678 autoreload /Users/navidrahimi/ytanalytics/dashboard/views.py changed, reloading.
INFO 2025-04-07 02:55:25,178 autoreload Watching for file changes with StatReloader
INFO 2025-04-07 02:55:43,750 autoreload /Users/navidrahimi/ytanalytics/ytanalytics/urls.py changed, reloading.
INFO 2025-04-07 02:55:44,202 autoreload Watching for file changes with StatReloader
INFO 2025-04-07 02:55:56,655 autoreload /Users/navidrahimi/ytanalytics/ytanalytics/urls.py changed, reloading.
INFO 2025-04-07 02:55:57,164 autoreload Watching for file changes with StatReloader
INFO 2025-04-07 02:56:12,572 autoreload /Users/navidrahimi/ytanalytics/ytanalytics/urls.py changed, reloading.
INFO 2025-04-07 02:56:13,109 autoreload Watching for file changes with StatReloader
INFO 2025-04-07 02:57:35,365 autoreload /Users/navidrahimi/ytanalytics/dashboard/views.py changed, reloading.
INFO 2025-04-07 02:57:35,886 autoreload Watching for file changes with StatReloader
INFO 2025-04-07 02:57:38,198 autoreload /Users/navidrahimi/ytanalytics/dashboard/views.py changed, reloading.
INFO 2025-04-07 02:57:38,535 autoreload Watching for file changes with StatReloader
INFO 2025-04-07 02:57:58,372 youtube_analytics Access token available: True
INFO 2025-04-07 02:57:58,373 youtube_analytics Refresh token available: True
INFO 2025-04-07 02:57:58,373 youtube_analytics Client ID available: False
INFO 2025-04-07 02:57:58,373 youtube_analytics Client secret available: False
INFO 2025-04-07 02:57:58,583 youtube_analytics Found channel 'ikyy' for user dasoccer
INFO 2025-04-07 02:57:59,205 basehttp "GET /dashboard/ HTTP/1.1" 200 54096
INFO 2025-04-07 02:58:03,067 basehttp "GET /permissions-info/ HTTP/1.1" 200 53864
INFO 2025-04-07 02:58:06,842 views Redirecting user dasoccer to YouTube Analytics OAuth2 upgrade
INFO 2025-04-07 02:58:06,844 basehttp "GET /grant-analytics-access/ HTTP/1.1" 302 0
INFO 2025-04-07 02:58:06,864 basehttp "GET /auth/login/google-oauth2/?next=/dashboard/&scope=https://www.googleapis.com/auth/yt-analytics.readonly&prompt=consent HTTP/1.1" 302 0
INFO 2025-04-07 02:58:17,761 basehttp "GET /auth/complete/google-oauth2/?state=FuQK335r9f2X3GUXHqe0ccii5T4vB1ki&code=4/0Ab_5qlk54I0OvRVDw9dpAFkZkLcZJ_Rf82Ol17GWYlSW66i7U05vTfbgwz_W0tvFUwYVyw&scope=email%20profile%20openid%20https://www.googleapis.com/auth/youtube.readonly%20https://www.googleapis.com/auth/youtubepartner%20https://www.googleapis.com/auth/yt-analytics.readonly%20https://www.googleapis.com/auth/youtube%20https://www.googleapis.com/auth/userinfo.profile%20https://www.googleapis.com/auth/userinfo.email&authuser=0&prompt=consent HTTP/1.1" 302 0
INFO 2025-04-07 02:58:17,771 youtube_analytics Access token available: True
INFO 2025-04-07 02:58:17,771 youtube_analytics Refresh token available: True
INFO 2025-04-07 02:58:17,772 youtube_analytics Client ID available: False
INFO 2025-04-07 02:58:17,772 youtube_analytics Client secret available: False
INFO 2025-04-07 02:58:17,914 youtube_analytics Found channel 'ikyy' for user dasoccer
INFO 2025-04-07 02:58:18,388 basehttp "GET /dashboard/ HTTP/1.1" 200 54096
INFO 2025-04-07 02:58:22,619 youtube_analytics Access token available: True
INFO 2025-04-07 02:58:22,619 youtube_analytics Refresh token available: True
INFO 2025-04-07 02:58:22,619 youtube_analytics Client ID available: False
INFO 2025-04-07 02:58:22,619 youtube_analytics Client secret available: False
INFO 2025-04-07 02:58:22,803 youtube_analytics Found channel 'ikyy' for user dasoccer
INFO 2025-04-07 02:58:23,287 basehttp "GET /dashboard/statistics/ HTTP/1.1" 200 75040
INFO 2025-04-07 03:10:33,576 youtube_analytics Access token available: True
INFO 2025-04-07 03:10:33,579 youtube_analytics Refresh token available: True
INFO 2025-04-07 03:10:33,579 youtube_analytics Client ID available: False
INFO 2025-04-07 03:10:33,579 youtube_analytics Client secret available: False
INFO 2025-04-07 03:10:33,851 youtube_analytics Found channel 'Astral' for user navid23rahimib91f43aa088446a2
INFO 2025-04-07 03:10:35,058 basehttp "GET /network/ HTTP/1.1" 200 58798
INFO 2025-04-07 03:10:35,487 basehttp "GET /media/profile_pics/f1d63732b1aa398f32f2b30cb0313d10.jpg HTTP/1.1" 304 0
INFO 2025-04-07 03:10:56,267 youtube_analytics Access token available: True
INFO 2025-04-07 03:10:56,494 youtube_analytics Access token available: True
INFO 2025-04-07 03:10:56,603 youtube_analytics Refresh token available: True
INFO 2025-04-07 03:10:56,600 youtube_analytics Refresh token available: True
INFO 2025-04-07 03:10:56,603 youtube_analytics Client ID available: False
INFO 2025-04-07 03:10:56,603 youtube_analytics Client secret available: False
INFO 2025-04-07 03:10:56,603 youtube_analytics Client ID available: False
INFO 2025-04-07 03:11:02,378 youtube_analytics Client secret available: False
INFO 2025-04-07 03:11:03,345 youtube_analytics Access token available: True
INFO 2025-04-07 03:11:03,377 youtube_analytics Refresh token available: True
INFO 2025-04-07 03:11:03,377 youtube_analytics Client ID available: False
INFO 2025-04-07 03:11:03,379 youtube_analytics Client secret available: False
INFO 2025-04-07 03:11:03,891 youtube_analytics Found channel 'ikyy' for user dasoccer
INFO 2025-04-07 03:11:04,010 youtube_analytics Found channel 'ikyy' for user dasoccer
INFO 2025-04-07 03:11:04,010 youtube_analytics Found channel 'ikyy' for user dasoccer
INFO 2025-04-07 03:11:05,851 basehttp "GET /network/ HTTP/1.1" 200 69795
INFO 2025-04-07 03:11:06,065 basehttp - Broken pipe from ('127.0.0.1', 51430)
INFO 2025-04-07 03:11:06,081 basehttp - Broken pipe from ('127.0.0.1', 51433)
INFO 2025-04-07 03:11:25,127 basehttp "GET /users/ HTTP/1.1" 200 64740
INFO 2025-04-07 03:11:27,562 basehttp "GET /profile/navidrahimi/ HTTP/1.1" 200 58325
INFO 2025-04-07 03:11:50,923 youtube_analytics Access token available: True
INFO 2025-04-07 03:11:51,271 youtube_analytics Refresh token available: True
INFO 2025-04-07 03:11:51,311 youtube_analytics Client ID available: False
INFO 2025-04-07 03:11:51,549 youtube_analytics Client secret available: False
INFO 2025-04-07 03:11:51,837 basehttp "GET /home/ HTTP/1.1" 200 50729
INFO 2025-04-07 03:11:52,883 youtube_analytics Found channel 'Astral' for user navid23rahimib91f43aa088446a2
INFO 2025-04-07 03:11:53,250 youtube_analytics No analytics data available for user navid23rahimib91f43aa088446a2's channel
INFO 2025-04-07 03:11:53,468 basehttp - Broken pipe from ('127.0.0.1', 51464)
INFO 2025-04-07 03:12:03,129 youtube_analytics Access token available: True
INFO 2025-04-07 03:12:03,134 youtube_analytics Refresh token available: True
INFO 2025-04-07 03:12:03,134 youtube_analytics Client ID available: False
INFO 2025-04-07 03:12:03,134 youtube_analytics Client secret available: False
INFO 2025-04-07 03:12:07,247 youtube_analytics Found channel 'Astral' for user navid23rahimib91f43aa088446a2
INFO 2025-04-07 03:12:07,529 youtube_analytics No analytics data available for user navid23rahimib91f43aa088446a2's channel
INFO 2025-04-07 03:12:07,546 basehttp "GET /dashboard/ HTTP/1.1" 200 53699
INFO 2025-04-07 03:12:14,245 autoreload /Users/navidrahimi/ytanalytics/dashboard/models.py changed, reloading.
INFO 2025-04-07 03:12:20,962 autoreload Watching for file changes with StatReloader
INFO 2025-04-07 03:12:34,818 autoreload /Users/navidrahimi/ytanalytics/dashboard/views.py changed, reloading.
INFO 2025-04-07 03:12:42,000 autoreload Watching for file changes with StatReloader
INFO 2025-04-07 03:12:57,199 autoreload /Users/navidrahimi/ytanalytics/dashboard/youtube_analytics.py changed, reloading.
INFO 2025-04-07 03:12:59,877 autoreload Watching for file changes with StatReloader
INFO 2025-04-07 03:13:10,228 autoreload /Users/navidrahimi/ytanalytics/dashboard/views.py changed, reloading.
INFO 2025-04-07 03:13:13,477 autoreload Watching for file changes with StatReloader
INFO 2025-04-07 03:13:17,331 autoreload /Users/navidrahimi/ytanalytics/dashboard/views.py changed, reloading.
INFO 2025-04-07 03:13:19,321 autoreload Watching for file changes with StatReloader
INFO 2025-04-07 03:13:28,944 autoreload /Users/navidrahimi/ytanalytics/dashboard/views.py changed, reloading.
INFO 2025-04-07 03:13:34,771 autoreload Watching for file changes with StatReloader
INFO 2025-04-07 03:13:41,129 autoreload /Users/navidrahimi/ytanalytics/ytanalytics/urls.py changed, reloading.
INFO 2025-04-07 03:13:44,000 autoreload Watching for file changes with StatReloader
INFO 2025-04-07 03:15:23,522 autoreload /Users/navidrahimi/ytanalytics/dashboard/views.py changed, reloading.
INFO 2025-04-07 03:15:27,855 autoreload Watching for file changes with StatReloader
INFO 2025-04-07 03:17:02,347 autoreload /Users/navidrahimi/ytanalytics/ytanalytics/settings.py changed, reloading.
INFO 2025-04-07 03:17:02,914 autoreload Watching for file changes with StatReloader
INFO 2025-04-07 03:17:56,668 autoreload Watching for file changes with StatReloader
INFO 2025-04-07 03:18:10,356 autoreload Watching for file changes with StatReloader
INFO 2025-04-07 03:18:13,200 youtube_analytics Access token available: True
INFO 2025-04-07 03:18:13,200 youtube_analytics Refresh token available: True
INFO 2025-04-07 03:18:13,201 youtube_analytics Client ID available: False
INFO 2025-04-07 03:18:13,201 youtube_analytics Client secret available: False
INFO 2025-04-07 03:18:13,468 youtube_analytics Found channel 'Astral' for user navid23rahimib91f43aa088446a2
INFO 2025-04-07 03:18:13,832 youtube_analytics No analytics data available for user navid23rahimib91f43aa088446a2's channel
INFO 2025-04-07 03:18:14,131 basehttp "GET /dashboard/ HTTP/1.1" 200 53332
INFO 2025-04-07 03:18:19,310 basehttp "GET /home/ HTTP/1.1" 200 50729
INFO 2025-04-07 03:18:20,321 youtube_analytics Access token available: True
INFO 2025-04-07 03:18:20,321 youtube_analytics Refresh token available: True
INFO 2025-04-07 03:18:20,322 youtube_analytics Client ID available: False
INFO 2025-04-07 03:18:20,322 youtube_analytics Client secret available: False
INFO 2025-04-07 03:18:20,503 youtube_analytics Found channel 'Astral' for user navid23rahimib91f43aa088446a2
INFO 2025-04-07 03:18:20,794 youtube_analytics No analytics data available for user navid23rahimib91f43aa088446a2's channel
INFO 2025-04-07 03:18:20,839 basehttp "GET /dashboard/ HTTP/1.1" 200 53332
INFO 2025-04-07 03:18:51,773 youtube_analytics Access token available: True
INFO 2025-04-07 03:18:51,775 youtube_analytics Refresh token available: True
INFO 2025-04-07 03:18:51,775 youtube_analytics Client ID available: False
INFO 2025-04-07 03:18:51,775 youtube_analytics Client secret available: False
INFO 2025-04-07 03:18:52,348 youtube_analytics Found channel 'Astral' for user navid23rahimib91f43aa088446a2
INFO 2025-04-07 03:18:53,808 youtube_analytics No analytics data available for user navid23rahimib91f43aa088446a2's channel
INFO 2025-04-07 03:18:54,901 basehttp "GET /dashboard/statistics/ HTTP/1.1" 200 71791
WARNING 2025-04-07 03:18:59,000 log Not Found: /dashboard/api/statistics/
WARNING 2025-04-07 03:18:59,238 basehttp "GET /dashboard/api/statistics/?days=30 HTTP/1.1" 404 7642
INFO 2025-04-07 03:19:04,769 youtube_analytics Access token available: True
INFO 2025-04-07 03:19:04,801 youtube_analytics Refresh token available: True
INFO 2025-04-07 03:19:04,801 youtube_analytics Client ID available: False
INFO 2025-04-07 03:19:04,801 youtube_analytics Client secret available: False
INFO 2025-04-07 03:19:05,727 youtube_analytics Found channel 'ikyy' for user dasoccer
INFO 2025-04-07 03:19:06,375 basehttp "GET /dashboard/statistics/ HTTP/1.1" 200 75040
INFO 2025-04-07 03:19:13,758 youtube_analytics Access token available: True
INFO 2025-04-07 03:19:13,784 youtube_analytics Refresh token available: True
INFO 2025-04-07 03:19:13,790 youtube_analytics Client ID available: False
INFO 2025-04-07 03:19:13,792 youtube_analytics Client secret available: False
INFO 2025-04-07 03:19:14,791 youtube_analytics Found channel 'ikyy' for user dasoccer
INFO 2025-04-07 03:19:16,243 basehttp "GET /dashboard/ HTTP/1.1" 200 53248
INFO 2025-04-07 03:19:20,884 basehttp "GET /home/ HTTP/1.1" 200 50666
INFO 2025-04-07 03:19:27,492 youtube_analytics Access token available: True
INFO 2025-04-07 03:19:27,493 youtube_analytics Refresh token available: True
INFO 2025-04-07 03:19:27,493 youtube_analytics Client ID available: False
INFO 2025-04-07 03:19:27,493 youtube_analytics Client secret available: False
INFO 2025-04-07 03:19:28,069 youtube_analytics Found channel 'ikyy' for user dasoccer
INFO 2025-04-07 03:19:28,728 basehttp "GET /dashboard/ HTTP/1.1" 200 53248
INFO 2025-04-07 03:19:32,108 youtube_analytics Access token available: True
INFO 2025-04-07 03:19:32,108 youtube_analytics Refresh token available: True
INFO 2025-04-07 03:19:32,109 youtube_analytics Client ID available: False
INFO 2025-04-07 03:19:32,109 youtube_analytics Client secret available: False
INFO 2025-04-07 03:19:32,333 youtube_analytics Found channel 'Astral' for user navid23rahimib91f43aa088446a2
INFO 2025-04-07 03:19:33,259 basehttp "GET /network/ HTTP/1.1" 200 58798
INFO 2025-04-07 03:19:53,367 basehttp "GET /youtube/search/ HTTP/1.1" 200 56967
INFO 2025-04-07 03:19:56,051 youtube_analytics Access token available: True
INFO 2025-04-07 03:19:56,054 youtube_analytics Refresh token available: True
INFO 2025-04-07 03:19:56,055 youtube_analytics Client ID available: False
INFO 2025-04-07 03:19:56,066 youtube_analytics Client secret available: False
INFO 2025-04-07 03:19:56,905 youtube_analytics Found channel 'ikyy' for user dasoccer
INFO 2025-04-07 03:19:57,306 youtube_analytics Access token available: True
INFO 2025-04-07 03:19:57,306 youtube_analytics Refresh token available: True
INFO 2025-04-07 03:19:57,307 youtube_analytics Client ID available: False
INFO 2025-04-07 03:19:57,307 youtube_analytics Client secret available: False
INFO 2025-04-07 03:19:57,533 youtube_analytics Found channel 'ikyy' for user dasoccer
INFO 2025-04-07 03:19:58,171 basehttp - Broken pipe from ('127.0.0.1', 51700)
INFO 2025-04-07 03:19:58,888 basehttp "GET /youtube/search/ HTTP/1.1" 200 56967
INFO 2025-04-07 03:19:59,003 basehttp - Broken pipe from ('127.0.0.1', 51701)
INFO 2025-04-07 03:19:59,985 basehttp "GET /youtube/search/ HTTP/1.1" 200 56967
INFO 2025-04-07 03:20:03,067 basehttp "GET /youtube/search/?q=minemanner HTTP/1.1" 200 62240
INFO 2025-04-07 03:20:05,590 basehttp "GET /youtube/channel/UCgQXbj3iApqWW8u367ggVkA/ HTTP/1.1" 200 86722
WARNING 2025-04-07 03:20:06,942 log Not Found: /api/channel/UCgQXbj3iApqWW8u367ggVkA/stats/
WARNING 2025-04-07 03:20:06,953 basehttp "GET /api/channel/UCgQXbj3iApqWW8u367ggVkA/stats/?range=1month&metric=subscribers HTTP/1.1" 404 7724
WARNING 2025-04-07 03:20:10,558 log Not Found: /api/channel/UCgQXbj3iApqWW8u367ggVkA/stats/
WARNING 2025-04-07 03:20:10,568 basehttp "GET /api/channel/UCgQXbj3iApqWW8u367ggVkA/stats/?range=1day&metric=subscribers HTTP/1.1" 404 7722
INFO 2025-04-07 03:20:16,070 youtube_analytics Access token available: True
INFO 2025-04-07 03:20:16,072 youtube_analytics Refresh token available: True
INFO 2025-04-07 03:20:16,072 youtube_analytics Client ID available: False
INFO 2025-04-07 03:20:16,072 youtube_analytics Client secret available: False
INFO 2025-04-07 03:20:16,690 youtube_analytics Found channel 'ikyy' for user dasoccer
INFO 2025-04-07 03:20:18,249 basehttp "GET /network/ HTTP/1.1" 200 69795
INFO 2025-04-07 03:20:27,572 youtube_analytics Access token available: True
INFO 2025-04-07 03:20:27,572 youtube_analytics Refresh token available: True
INFO 2025-04-07 03:20:27,572 youtube_analytics Client ID available: False
INFO 2025-04-07 03:20:27,572 youtube_analytics Client secret available: False
INFO 2025-04-07 03:20:27,741 youtube_analytics Found channel 'ikyy' for user dasoccer
INFO 2025-04-07 03:20:28,390 basehttp "GET /profile/dasoccer/ HTTP/1.1" 200 60727
INFO 2025-04-07 03:20:31,939 basehttp "GET /home/ HTTP/1.1" 200 50729
INFO 2025-04-07 03:21:18,710 autoreload /Users/navidrahimi/ytanalytics/dashboard/views.py changed, reloading.
INFO 2025-04-07 03:21:22,577 autoreload Watching for file changes with StatReloader
INFO 2025-04-07 03:23:04,057 autoreload Watching for file changes with StatReloader
INFO 2025-04-07 03:23:09,822 basehttp "GET /home/ HTTP/1.1" 200 50729
INFO 2025-04-07 03:23:12,172 youtube_analytics Access token available: True
INFO 2025-04-07 03:23:12,173 youtube_analytics Refresh token available: True
INFO 2025-04-07 03:23:12,173 youtube_analytics Client ID available: False
INFO 2025-04-07 03:23:12,173 youtube_analytics Client secret available: False
INFO 2025-04-07 03:23:12,416 youtube_analytics Found channel 'Astral' for user navid23rahimib91f43aa088446a2
INFO 2025-04-07 03:23:12,684 youtube_analytics No analytics data available for user navid23rahimib91f43aa088446a2's channel
INFO 2025-04-07 03:23:12,703 basehttp "GET /dashboard/ HTTP/1.1" 200 53332
INFO 2025-04-07 03:23:14,180 youtube_analytics Access token available: True
INFO 2025-04-07 03:23:14,180 youtube_analytics Refresh token available: True
INFO 2025-04-07 03:23:14,180 youtube_analytics Client ID available: False
INFO 2025-04-07 03:23:14,181 youtube_analytics Client secret available: False
INFO 2025-04-07 03:23:14,358 youtube_analytics Found channel 'Astral' for user navid23rahimib91f43aa088446a2
INFO 2025-04-07 03:23:14,633 youtube_analytics No analytics data available for user navid23rahimib91f43aa088446a2's channel
INFO 2025-04-07 03:23:14,655 basehttp "GET /dashboard/statistics/ HTTP/1.1" 200 71791
WARNING 2025-04-07 03:23:14,771 log Not Found: /dashboard/api/statistics/
WARNING 2025-04-07 03:23:14,777 basehttp "GET /dashboard/api/statistics/?days=30 HTTP/1.1" 404 7642
INFO 2025-04-07 03:23:15,422 youtube_analytics Access token available: True
INFO 2025-04-07 03:23:15,423 youtube_analytics Refresh token available: True
INFO 2025-04-07 03:23:15,423 youtube_analytics Client ID available: False
INFO 2025-04-07 03:23:15,423 youtube_analytics Client secret available: False
INFO 2025-04-07 03:23:15,548 youtube_analytics Found channel 'ikyy' for user dasoccer
INFO 2025-04-07 03:23:16,548 basehttp "GET /network/ HTTP/1.1" 200 69795
INFO 2025-04-07 03:23:16,724 youtube_analytics Access token available: True
INFO 2025-04-07 03:23:16,725 youtube_analytics Refresh token available: True
INFO 2025-04-07 03:23:16,725 youtube_analytics Client ID available: False
INFO 2025-04-07 03:23:16,725 youtube_analytics Client secret available: False
INFO 2025-04-07 03:23:16,857 youtube_analytics Found channel 'ikyy' for user dasoccer
INFO 2025-04-07 03:23:17,984 basehttp "GET /network/ HTTP/1.1" 200 69795
INFO 2025-04-07 03:23:25,403 youtube_analytics Access token available: True
INFO 2025-04-07 03:23:25,404 youtube_analytics Refresh token available: True
INFO 2025-04-07 03:23:25,404 youtube_analytics Client ID available: False
INFO 2025-04-07 03:23:25,404 youtube_analytics Client secret available: False
INFO 2025-04-07 03:23:25,686 youtube_analytics Found channel 'Astral' for user navid23rahimib91f43aa088446a2
INFO 2025-04-07 03:23:26,631 basehttp "GET /network/ HTTP/1.1" 200 58798
INFO 2025-04-07 03:23:29,237 youtube_analytics Access token available: True
INFO 2025-04-07 03:23:29,237 youtube_analytics Refresh token available: True
INFO 2025-04-07 03:23:29,238 youtube_analytics Client ID available: False
INFO 2025-04-07 03:23:29,238 youtube_analytics Client secret available: False
INFO 2025-04-07 03:23:29,552 youtube_analytics Found channel 'ikyy' for user dasoccer
INFO 2025-04-07 03:23:30,063 basehttp "GET /dashboard/ HTTP/1.1" 200 53248
INFO 2025-04-07 03:23:31,655 youtube_analytics Access token available: True
INFO 2025-04-07 03:23:31,656 youtube_analytics Refresh token available: True
INFO 2025-04-07 03:23:31,656 youtube_analytics Client ID available: False
INFO 2025-04-07 03:23:31,656 youtube_analytics Client secret available: False
INFO 2025-04-07 03:23:31,858 youtube_analytics Found channel 'Astral' for user navid23rahimib91f43aa088446a2
INFO 2025-04-07 03:23:32,711 basehttp "GET /network/ HTTP/1.1" 200 58798
INFO 2025-04-07 03:23:47,919 youtube_analytics Access token available: True
INFO 2025-04-07 03:23:47,919 youtube_analytics Refresh token available: True
INFO 2025-04-07 03:23:47,919 youtube_analytics Client ID available: False
INFO 2025-04-07 03:23:47,919 youtube_analytics Client secret available: False
INFO 2025-04-07 03:23:48,115 youtube_analytics Found channel 'ikyy' for user dasoccer
INFO 2025-04-07 03:23:48,629 basehttp "GET /dashboard/ HTTP/1.1" 200 53248
INFO 2025-04-07 03:23:52,744 basehttp "GET /home/ HTTP/1.1" 200 50666
INFO 2025-04-07 03:24:01,912 basehttp "GET /home/ HTTP/1.1" 200 50666
INFO 2025-04-07 03:24:04,945 youtube_analytics Access token available: True
INFO 2025-04-07 03:24:04,946 youtube_analytics Refresh token available: True
INFO 2025-04-07 03:24:04,947 youtube_analytics Client ID available: False
INFO 2025-04-07 03:24:04,947 youtube_analytics Client secret available: False
INFO 2025-04-07 03:24:05,241 youtube_analytics Found channel 'ikyy' for user dasoccer
INFO 2025-04-07 03:24:05,723 basehttp "GET /dashboard/ HTTP/1.1" 200 53248
INFO 2025-04-07 03:25:55,312 youtube_analytics Access token available: True
INFO 2025-04-07 03:25:55,313 youtube_analytics Refresh token available: True
INFO 2025-04-07 03:25:55,314 youtube_analytics Client ID available: False
INFO 2025-04-07 03:25:55,314 youtube_analytics Client secret available: False
INFO 2025-04-07 03:25:55,467 youtube_analytics Found channel 'Astral' for user navid23rahimib91f43aa088446a2
INFO 2025-04-07 03:25:55,788 youtube_analytics No analytics data available for user navid23rahimib91f43aa088446a2's channel
INFO 2025-04-07 03:25:55,794 basehttp "GET /dashboard/ HTTP/1.1" 200 53332
INFO 2025-04-07 03:25:57,369 youtube_analytics Access token available: True
INFO 2025-04-07 03:25:57,370 youtube_analytics Refresh token available: True
INFO 2025-04-07 03:25:57,370 youtube_analytics Client ID available: False
INFO 2025-04-07 03:25:57,370 youtube_analytics Client secret available: False
INFO 2025-04-07 03:25:57,489 youtube_analytics Found channel 'ikyy' for user dasoccer
INFO 2025-04-07 03:25:58,533 basehttp "GET /network/ HTTP/1.1" 200 69795
INFO 2025-04-07 03:26:03,314 basehttp "GET /users/ HTTP/1.1" 200 64740
INFO 2025-04-07 03:26:06,133 basehttp "GET /profile/paypalikyy0fc00026d55e44c1/ HTTP/1.1" 200 58373
INFO 2025-04-07 03:26:07,797 basehttp "GET /link/paypalikyy0fc00026d55e44c1/ HTTP/1.1" 302 0
INFO 2025-04-07 03:26:07,855 basehttp "GET /profile/paypalikyy0fc00026d55e44c1/ HTTP/1.1" 200 58819
INFO 2025-04-07 03:26:09,724 basehttp "GET /youtube/search/ HTTP/1.1" 200 56967
INFO 2025-04-07 03:26:14,123 basehttp "GET /youtube/search/?q=mrbeast HTTP/1.1" 200 62496
INFO 2025-04-07 03:26:17,017 basehttp "GET /youtube/channel/UCX6OQ3DkcsbYNE6H8uQQuVA/ HTTP/1.1" 200 87961
WARNING 2025-04-07 03:26:17,217 log Not Found: /api/channel/UCX6OQ3DkcsbYNE6H8uQQuVA/stats/
WARNING 2025-04-07 03:26:17,217 basehttp "GET /api/channel/UCX6OQ3DkcsbYNE6H8uQQuVA/stats/?range=1month&metric=subscribers HTTP/1.1" 404 7724
INFO 2025-04-07 03:26:45,877 basehttp "GET /home/ HTTP/1.1" 200 50729
INFO 2025-04-07 03:30:47,078 autoreload /Users/navidrahimi/ytanalytics/ytanalytics/urls.py changed, reloading.
INFO 2025-04-07 03:30:50,073 autoreload Watching for file changes with StatReloader
INFO 2025-04-07 03:31:11,107 autoreload /Users/navidrahimi/ytanalytics/dashboard/models.py changed, reloading.
INFO 2025-04-07 03:31:11,643 autoreload Watching for file changes with StatReloader
INFO 2025-04-07 03:32:57,894 autoreload Watching for file changes with StatReloader
INFO 2025-04-07 03:33:00,983 youtube_analytics Access token available: True
INFO 2025-04-07 03:33:00,984 youtube_analytics Refresh token available: True
INFO 2025-04-07 03:33:00,984 youtube_analytics Client ID available: False
INFO 2025-04-07 03:33:00,984 youtube_analytics Client secret available: False
INFO 2025-04-07 03:33:01,335 youtube_analytics Found channel 'ikyy' for user dasoccer
ERROR 2025-04-07 03:33:03,298 views Error in dashboard view for user dasoccer: Unsupported lookup 'link_from_user' for OneToOneField or join on the field not permitted.
INFO 2025-04-07 03:33:03,450 basehttp "GET /dashboard/ HTTP/1.1" 200 53248
INFO 2025-04-07 03:33:09,987 youtube_analytics Access token available: True
INFO 2025-04-07 03:33:09,988 youtube_analytics Refresh token available: True
INFO 2025-04-07 03:33:09,988 youtube_analytics Client ID available: False
INFO 2025-04-07 03:33:09,988 youtube_analytics Client secret available: False
INFO 2025-04-07 03:33:10,114 youtube_analytics Found channel 'ikyy' for user dasoccer
INFO 2025-04-07 03:33:10,590 basehttp "GET /dashboard/statistics/ HTTP/1.1" 200 75040
INFO 2025-04-07 03:33:12,176 basehttp "GET /users/ HTTP/1.1" 200 64740
INFO 2025-04-07 17:24:41,925 autoreload Watching for file changes with StatReloader
INFO 2025-04-07 17:24:45,369 youtube_analytics Access token available: True
INFO 2025-04-07 17:24:45,369 youtube_analytics Refresh token available: True
INFO 2025-04-07 17:24:45,369 youtube_analytics Client ID available: False
INFO 2025-04-07 17:24:45,369 youtube_analytics Client secret available: False
INFO 2025-04-07 17:24:45,597 youtube_analytics Found channel 'Astral' for user navid23rahimib91f43aa088446a2
INFO 2025-04-07 17:24:45,884 youtube_analytics No analytics data available for user navid23rahimib91f43aa088446a2's channel
ERROR 2025-04-07 17:24:46,232 views Error in dashboard view for user navid23rahimib91f43aa088446a2: Unsupported lookup 'link_from_user' for OneToOneField or join on the field not permitted.
INFO 2025-04-07 17:24:46,266 basehttp "GET /dashboard/ HTTP/1.1" 200 53332
INFO 2025-04-07 17:24:46,424 basehttp "GET /static/images/grid-circle.png HTTP/1.1" 304 0
INFO 2025-04-07 17:24:46,426 basehttp "GET /media/profile_pics/6f482244cc2b96860300160f33abcb8f.jpg HTTP/1.1" 304 0
INFO 2025-04-07 17:24:48,269 youtube_analytics Access token available: True
INFO 2025-04-07 17:24:48,269 youtube_analytics Refresh token available: True
INFO 2025-04-07 17:24:48,270 youtube_analytics Client ID available: False
INFO 2025-04-07 17:24:48,270 youtube_analytics Client secret available: False
INFO 2025-04-07 17:24:48,424 youtube_analytics Found channel 'Astral' for user navid23rahimib91f43aa088446a2
INFO 2025-04-07 17:24:48,792 youtube_analytics No analytics data available for user navid23rahimib91f43aa088446a2's channel
INFO 2025-04-07 17:24:48,811 basehttp "GET /dashboard/statistics/ HTTP/1.1" 200 71791
WARNING 2025-04-07 17:24:48,856 log Not Found: /dashboard/api/statistics/
WARNING 2025-04-07 17:24:48,857 basehttp "GET /dashboard/api/statistics/?days=30 HTTP/1.1" 404 7642
INFO 2025-04-07 17:24:49,907 youtube_analytics Access token available: True
INFO 2025-04-07 17:24:49,907 youtube_analytics Refresh token available: True
INFO 2025-04-07 17:24:49,907 youtube_analytics Client ID available: False
INFO 2025-04-07 17:24:49,907 youtube_analytics Client secret available: False
INFO 2025-04-07 17:24:50,064 youtube_analytics Found channel 'ikyy' for user dasoccer
INFO 2025-04-07 17:24:51,126 basehttp "GET /network/ HTTP/1.1" 200 69795
INFO 2025-04-07 17:24:51,169 basehttp "GET /media/profile_pics/f1d63732b1aa398f32f2b30cb0313d10.jpg HTTP/1.1" 304 0
INFO 2025-04-07 17:24:51,646 basehttp "GET /users/ HTTP/1.1" 200 64740
INFO 2025-04-07 17:24:51,669 basehttp "GET /media/profile_pics/wp3064746.jpg HTTP/1.1" 304 0
INFO 2025-04-07 17:24:51,673 basehttp "GET /media/profile_pics/wp4737303.jpg HTTP/1.1" 304 0
INFO 2025-04-07 17:24:54,893 youtube_analytics Access token available: True
INFO 2025-04-07 17:24:54,894 youtube_analytics Refresh token available: True
INFO 2025-04-07 17:24:54,894 youtube_analytics Client ID available: False
INFO 2025-04-07 17:24:54,895 youtube_analytics Client secret available: False
INFO 2025-04-07 17:24:55,060 youtube_analytics Found channel 'ikyy' for user dasoccer
INFO 2025-04-07 17:24:55,629 basehttp "GET /profile/dasoccer/ HTTP/1.1" 200 60727
INFO 2025-04-07 17:24:57,089 basehttp "GET /link/dasoccer/ HTTP/1.1" 302 0
INFO 2025-04-07 17:24:57,102 basehttp "GET /profile/dasoccer/ HTTP/1.1" 200 58334
INFO 2025-04-07 17:24:57,671 basehttp "GET /link/dasoccer/ HTTP/1.1" 302 0
INFO 2025-04-07 17:24:57,681 youtube_analytics Access token available: True
INFO 2025-04-07 17:24:57,681 youtube_analytics Refresh token available: True
INFO 2025-04-07 17:24:57,681 youtube_analytics Client ID available: False
INFO 2025-04-07 17:24:57,681 youtube_analytics Client secret available: False
INFO 2025-04-07 17:24:57,826 youtube_analytics Found channel 'ikyy' for user dasoccer
INFO 2025-04-07 17:24:58,376 basehttp "GET /profile/dasoccer/ HTTP/1.1" 200 60727
INFO 2025-04-07 17:24:59,035 youtube_analytics Access token available: True
INFO 2025-04-07 17:24:59,036 youtube_analytics Refresh token available: True
INFO 2025-04-07 17:24:59,036 youtube_analytics Client ID available: False
INFO 2025-04-07 17:24:59,036 youtube_analytics Client secret available: False
INFO 2025-04-07 17:24:59,265 youtube_analytics Found channel 'ikyy' for user dasoccer
INFO 2025-04-07 17:25:00,169 basehttp "GET /network/ HTTP/1.1" 200 69795
INFO 2025-04-07 17:25:05,936 basehttp "GET /youtube/search/ HTTP/1.1" 200 56967
INFO 2025-04-07 17:25:09,872 basehttp "GET /youtube/search/?q=mrbeast HTTP/1.1" 200 62496
INFO 2025-04-07 17:25:10,922 youtube_analytics Access token available: True
INFO 2025-04-07 17:25:10,922 youtube_analytics Refresh token available: True
INFO 2025-04-07 17:25:10,922 youtube_analytics Client ID available: False
INFO 2025-04-07 17:25:10,922 youtube_analytics Client secret available: False
INFO 2025-04-07 17:25:11,111 youtube_analytics Found channel 'ikyy' for user dasoccer
INFO 2025-04-07 17:25:11,915 basehttp "GET /network/ HTTP/1.1" 200 69795
INFO 2025-04-07 17:25:17,591 basehttp "GET /youtube/search/ HTTP/1.1" 200 56967
INFO 2025-04-07 17:25:20,600 basehttp "GET /youtube/search/?q=mrbeast HTTP/1.1" 200 62496
INFO 2025-04-07 17:25:22,383 basehttp "GET /youtube/channel/UCX6OQ3DkcsbYNE6H8uQQuVA/ HTTP/1.1" 200 87957
WARNING 2025-04-07 17:25:22,568 log Not Found: /api/channel/UCX6OQ3DkcsbYNE6H8uQQuVA/stats/
WARNING 2025-04-07 17:25:22,569 basehttp "GET /api/channel/UCX6OQ3DkcsbYNE6H8uQQuVA/stats/?range=1month&metric=subscribers HTTP/1.1" 404 7724
WARNING 2025-04-07 17:25:26,681 log Not Found: /api/channel/UCX6OQ3DkcsbYNE6H8uQQuVA/stats/
WARNING 2025-04-07 17:25:26,682 basehttp "GET /api/channel/UCX6OQ3DkcsbYNE6H8uQQuVA/stats/?range=1day&metric=subscribers HTTP/1.1" 404 7722
INFO 2025-04-07 17:25:36,046 basehttp "GET /home/ HTTP/1.1" 200 50729
INFO 2025-04-07 17:25:40,054 basehttp "GET /connect-accounts/ HTTP/1.1" 200 17565
INFO 2025-04-07 17:25:45,643 views Edit profile accessed by user: navid23rahimib91f43aa088446a2
INFO 2025-04-07 17:25:45,648 views Loading profile form via AJAX for user: navid23rahimib91f43aa088446a2
DEBUG 2025-04-07 17:25:45,665 views Submit button in HTML: True
INFO 2025-04-07 17:25:45,666 basehttp "GET /edit-profile/?ajax=1 HTTP/1.1" 200 6779
INFO 2025-04-07 17:27:41,010 youtube_analytics Access token available: True
INFO 2025-04-07 17:27:41,012 youtube_analytics Refresh token available: True
INFO 2025-04-07 17:27:41,012 youtube_analytics Client ID available: False
INFO 2025-04-07 17:27:41,012 youtube_analytics Client secret available: False
INFO 2025-04-07 17:27:41,191 youtube_analytics Found channel 'ikyy' for user dasoccer
INFO 2025-04-07 17:27:42,029 basehttp "GET /network/ HTTP/1.1" 200 69795
INFO 2025-04-07 17:27:46,740 youtube_analytics Access token available: True
INFO 2025-04-07 17:27:46,741 youtube_analytics Refresh token available: True
INFO 2025-04-07 17:27:46,741 youtube_analytics Client ID available: False
INFO 2025-04-07 17:27:46,741 youtube_analytics Client secret available: False
INFO 2025-04-07 17:27:46,856 youtube_analytics Found channel 'ikyy' for user dasoccer
INFO 2025-04-07 17:27:47,432 basehttp "GET /profile/dasoccer/ HTTP/1.1" 200 60727
INFO 2025-04-07 17:28:11,630 youtube_analytics Access token available: True
INFO 2025-04-07 17:28:11,631 youtube_analytics Refresh token available: True
INFO 2025-04-07 17:28:11,631 youtube_analytics Client ID available: False
INFO 2025-04-07 17:28:11,631 youtube_analytics Client secret available: False
INFO 2025-04-07 17:28:11,775 youtube_analytics Found channel 'Astral' for user navid23rahimib91f43aa088446a2
INFO 2025-04-07 17:28:12,029 youtube_analytics No analytics data available for user navid23rahimib91f43aa088446a2's channel
ERROR 2025-04-07 17:28:12,367 views Error in dashboard view for user navid23rahimib91f43aa088446a2: Unsupported lookup 'link_from_user' for OneToOneField or join on the field not permitted.
INFO 2025-04-07 17:28:12,374 basehttp "GET /dashboard/ HTTP/1.1" 200 53332
INFO 2025-04-07 17:28:19,135 basehttp "GET /analytics-info/ HTTP/1.1" 200 52650
ERROR 2025-04-07 17:28:23,169 views Error requesting analytics access for user navid23rahimib91f43aa088446a2: 'Settings' object has no attribute 'SOCIAL_AUTH_URL_PREFIX'
INFO 2025-04-07 17:28:23,172 basehttp "GET /request-analytics-access/ HTTP/1.1" 302 0
INFO 2025-04-07 17:28:23,181 youtube_analytics Access token available: True
INFO 2025-04-07 17:28:23,182 youtube_analytics Refresh token available: True
INFO 2025-04-07 17:28:23,182 youtube_analytics Client ID available: False
INFO 2025-04-07 17:28:23,182 youtube_analytics Client secret available: False
INFO 2025-04-07 17:28:23,386 youtube_analytics Found channel 'Astral' for user navid23rahimib91f43aa088446a2
INFO 2025-04-07 17:28:23,642 youtube_analytics No analytics data available for user navid23rahimib91f43aa088446a2's channel
ERROR 2025-04-07 17:28:23,933 views Error in dashboard view for user navid23rahimib91f43aa088446a2: Unsupported lookup 'link_from_user' for OneToOneField or join on the field not permitted.
INFO 2025-04-07 17:28:23,937 basehttp "GET /dashboard/ HTTP/1.1" 200 53332
INFO 2025-04-07 18:03:33,457 youtube_analytics Access token available: True
INFO 2025-04-07 18:03:33,459 youtube_analytics Refresh token available: True
INFO 2025-04-07 18:03:33,459 youtube_analytics Client ID available: False
INFO 2025-04-07 18:03:33,459 youtube_analytics Client secret available: False
INFO 2025-04-07 18:03:33,690 youtube_analytics Found channel 'Astral' for user navid23rahimib91f43aa088446a2
INFO 2025-04-07 18:03:33,964 youtube_analytics No analytics data available for user navid23rahimib91f43aa088446a2's channel
INFO 2025-04-07 18:03:33,981 basehttp "GET /dashboard/statistics/ HTTP/1.1" 200 71791
WARNING 2025-04-07 18:03:34,033 log Not Found: /dashboard/api/statistics/
WARNING 2025-04-07 18:03:34,034 basehttp "GET /dashboard/api/statistics/?days=30 HTTP/1.1" 404 7642
INFO 2025-04-07 18:03:35,460 basehttp "GET /users/ HTTP/1.1" 200 64740
INFO 2025-04-07 18:03:37,873 youtube_analytics Access token available: True
INFO 2025-04-07 18:03:37,874 youtube_analytics Refresh token available: True
INFO 2025-04-07 18:03:37,874 youtube_analytics Client ID available: False
INFO 2025-04-07 18:03:37,874 youtube_analytics Client secret available: False
INFO 2025-04-07 18:03:38,163 youtube_analytics Found channel 'ikyy' for user dasoccer
INFO 2025-04-07 18:03:39,617 basehttp "GET /network/ HTTP/1.1" 200 69795
INFO 2025-04-07 18:07:11,670 autoreload Watching for file changes with StatReloader
INFO 2025-04-07 18:07:18,752 youtube_analytics Access token available: True
INFO 2025-04-07 18:07:18,752 youtube_analytics Refresh token available: True
INFO 2025-04-07 18:07:18,752 youtube_analytics Client ID available: False
INFO 2025-04-07 18:07:18,752 youtube_analytics Client secret available: False
INFO 2025-04-07 18:07:19,083 youtube_analytics Found channel 'ikyy' for user dasoccer
INFO 2025-04-07 18:07:20,040 basehttp "GET /network/ HTTP/1.1" 200 69795
INFO 2025-04-07 18:07:21,482 youtube_analytics Access token available: True
INFO 2025-04-07 18:07:21,482 youtube_analytics Refresh token available: True
INFO 2025-04-07 18:07:21,482 youtube_analytics Client ID available: False
INFO 2025-04-07 18:07:21,482 youtube_analytics Client secret available: False
INFO 2025-04-07 18:07:21,690 youtube_analytics Found channel 'Astral' for user navid23rahimib91f43aa088446a2
INFO 2025-04-07 18:07:22,029 youtube_analytics No analytics data available for user navid23rahimib91f43aa088446a2's channel
ERROR 2025-04-07 18:07:22,276 views Error in dashboard view for user navid23rahimib91f43aa088446a2: Unsupported lookup 'link_from_user' for OneToOneField or join on the field not permitted.
INFO 2025-04-07 18:07:22,290 basehttp "GET /dashboard/ HTTP/1.1" 200 55046
INFO 2025-04-07 18:07:23,511 youtube_analytics Access token available: True
INFO 2025-04-07 18:07:23,523 youtube_analytics Refresh token available: True
INFO 2025-04-07 18:07:23,523 youtube_analytics Client ID available: False
INFO 2025-04-07 18:07:23,523 youtube_analytics Client secret available: False
INFO 2025-04-07 18:07:23,686 youtube_analytics Found channel 'Astral' for user navid23rahimib91f43aa088446a2
INFO 2025-04-07 18:07:23,945 youtube_analytics No analytics data available for user navid23rahimib91f43aa088446a2's channel
ERROR 2025-04-07 18:07:24,204 views Error in dashboard view for user navid23rahimib91f43aa088446a2: Unsupported lookup 'link_from_user' for OneToOneField or join on the field not permitted.
INFO 2025-04-07 18:07:24,209 basehttp "GET /dashboard/ HTTP/1.1" 200 55046
INFO 2025-04-07 18:07:25,312 youtube_analytics Access token available: True
INFO 2025-04-07 18:07:25,312 youtube_analytics Refresh token available: True
INFO 2025-04-07 18:07:25,313 youtube_analytics Client ID available: False
INFO 2025-04-07 18:07:25,313 youtube_analytics Client secret available: False
INFO 2025-04-07 18:07:25,436 youtube_analytics Found channel 'Astral' for user navid23rahimib91f43aa088446a2
INFO 2025-04-07 18:07:25,700 youtube_analytics No analytics data available for user navid23rahimib91f43aa088446a2's channel
ERROR 2025-04-07 18:07:25,918 views Error in dashboard view for user navid23rahimib91f43aa088446a2: Unsupported lookup 'link_from_user' for OneToOneField or join on the field not permitted.
INFO 2025-04-07 18:07:25,922 basehttp "GET /dashboard/ HTTP/1.1" 200 55046
INFO 2025-04-07 18:08:48,416 autoreload Watching for file changes with StatReloader
INFO 2025-04-07 18:08:52,809 youtube_analytics Access token available: True
INFO 2025-04-07 18:08:52,809 youtube_analytics Refresh token available: True
INFO 2025-04-07 18:08:52,809 youtube_analytics Client ID available: False
INFO 2025-04-07 18:08:52,809 youtube_analytics Client secret available: False
INFO 2025-04-07 18:08:52,988 youtube_analytics Found channel 'Astral' for user navid23rahimib91f43aa088446a2
INFO 2025-04-07 18:08:53,307 youtube_analytics No analytics data available for user navid23rahimib91f43aa088446a2's channel
ERROR 2025-04-07 18:08:53,619 views Error in dashboard view for user navid23rahimib91f43aa088446a2: Unsupported lookup 'link_from_user' for OneToOneField or join on the field not permitted.
INFO 2025-04-07 18:08:53,643 basehttp "GET /dashboard/ HTTP/1.1" 200 55046
INFO 2025-04-07 18:08:55,247 youtube_analytics Access token available: True
INFO 2025-04-07 18:08:55,247 youtube_analytics Refresh token available: True
INFO 2025-04-07 18:08:55,247 youtube_analytics Client ID available: False
INFO 2025-04-07 18:08:55,247 youtube_analytics Client secret available: False
INFO 2025-04-07 18:08:55,381 youtube_analytics Found channel 'Astral' for user navid23rahimib91f43aa088446a2
INFO 2025-04-07 18:08:55,621 youtube_analytics No analytics data available for user navid23rahimib91f43aa088446a2's channel
INFO 2025-04-07 18:08:55,638 basehttp "GET /dashboard/statistics/ HTTP/1.1" 200 71791
WARNING 2025-04-07 18:08:55,671 log Not Found: /dashboard/api/statistics/
WARNING 2025-04-07 18:08:55,671 basehttp "GET /dashboard/api/statistics/?days=30 HTTP/1.1" 404 7642
INFO 2025-04-07 18:08:56,420 basehttp "GET /users/ HTTP/1.1" 200 64740
INFO 2025-04-07 18:08:57,071 youtube_analytics Access token available: True
INFO 2025-04-07 18:08:57,071 youtube_analytics Refresh token available: True
INFO 2025-04-07 18:08:57,071 youtube_analytics Client ID available: False
INFO 2025-04-07 18:08:57,071 youtube_analytics Client secret available: False
INFO 2025-04-07 18:08:57,271 youtube_analytics Found channel 'Astral' for user navid23rahimib91f43aa088446a2
INFO 2025-04-07 18:08:57,599 youtube_analytics No analytics data available for user navid23rahimib91f43aa088446a2's channel
ERROR 2025-04-07 18:08:57,905 views Error in dashboard view for user navid23rahimib91f43aa088446a2: Unsupported lookup 'link_from_user' for OneToOneField or join on the field not permitted.
INFO 2025-04-07 18:08:57,909 basehttp "GET /dashboard/ HTTP/1.1" 200 55046
INFO 2025-04-07 18:18:16,351 youtube_analytics Access token available: True
INFO 2025-04-07 18:18:16,351 youtube_analytics Refresh token available: True
INFO 2025-04-07 18:18:16,351 youtube_analytics Client ID available: False
INFO 2025-04-07 18:18:16,351 youtube_analytics Client secret available: False
INFO 2025-04-07 18:18:16,672 youtube_analytics Found channel 'Astral' for user navid23rahimib91f43aa088446a2
INFO 2025-04-07 18:18:17,006 youtube_analytics No analytics data available for user navid23rahimib91f43aa088446a2's channel
ERROR 2025-04-07 18:18:17,217 views Error in dashboard view for user navid23rahimib91f43aa088446a2: Unsupported lookup 'link_from_user' for OneToOneField or join on the field not permitted.
INFO 2025-04-07 18:18:17,242 basehttp "GET /dashboard/ HTTP/1.1" 200 13400
INFO 2025-04-07 18:18:34,748 basehttp "GET /users/ HTTP/1.1" 200 23162
INFO 2025-04-07 18:18:56,180 basehttp "GET /permissions-info/ HTTP/1.1" 200 12355
INFO 2025-04-07 18:19:00,662 views Redirecting user navid23rahimib91f43aa088446a2 to YouTube Analytics OAuth2 upgrade
INFO 2025-04-07 18:19:00,665 basehttp "GET /grant-analytics-access/ HTTP/1.1" 302 0
INFO 2025-04-07 18:19:00,687 basehttp "GET /auth/login/google-oauth2/?next=/dashboard/&scope=https://www.googleapis.com/auth/yt-analytics.readonly&prompt=consent HTTP/1.1" 302 0
INFO 2025-04-07 18:19:03,533 youtube_analytics Access token available: True
INFO 2025-04-07 18:19:03,534 youtube_analytics Refresh token available: True
INFO 2025-04-07 18:19:03,534 youtube_analytics Client ID available: False
INFO 2025-04-07 18:19:03,534 youtube_analytics Client secret available: False
INFO 2025-04-07 18:19:03,735 youtube_analytics Found channel 'Astral' for user navid23rahimib91f43aa088446a2
INFO 2025-04-07 18:19:03,997 youtube_analytics No analytics data available for user navid23rahimib91f43aa088446a2's channel
ERROR 2025-04-07 18:19:04,393 views Error in dashboard view for user navid23rahimib91f43aa088446a2: Unsupported lookup 'link_from_user' for OneToOneField or join on the field not permitted.
INFO 2025-04-07 18:19:04,395 basehttp "GET /dashboard/ HTTP/1.1" 200 13400
INFO 2025-04-07 18:19:51,893 youtube_analytics Access token available: True
INFO 2025-04-07 18:19:51,895 youtube_analytics Refresh token available: True
INFO 2025-04-07 18:19:51,895 youtube_analytics Client ID available: False
INFO 2025-04-07 18:19:51,895 youtube_analytics Client secret available: False
INFO 2025-04-07 18:19:52,184 youtube_analytics Found channel 'Astral' for user navid23rahimib91f43aa088446a2
INFO 2025-04-07 18:19:52,627 youtube_analytics No analytics data available for user navid23rahimib91f43aa088446a2's channel
ERROR 2025-04-07 18:19:52,847 views Error in dashboard view for user navid23rahimib91f43aa088446a2: Unsupported lookup 'link_from_user' for OneToOneField or join on the field not permitted.
INFO 2025-04-07 18:19:52,863 basehttp "GET /dashboard/ HTTP/1.1" 200 16939
INFO 2025-04-07 18:19:54,309 youtube_analytics Access token available: True
INFO 2025-04-07 18:19:54,309 youtube_analytics Refresh token available: True
INFO 2025-04-07 18:19:54,309 youtube_analytics Client ID available: False
INFO 2025-04-07 18:19:54,309 youtube_analytics Client secret available: False
INFO 2025-04-07 18:19:54,528 youtube_analytics Found channel 'Astral' for user navid23rahimib91f43aa088446a2
INFO 2025-04-07 18:19:54,819 youtube_analytics No analytics data available for user navid23rahimib91f43aa088446a2's channel
ERROR 2025-04-07 18:19:55,123 views Error in dashboard view for user navid23rahimib91f43aa088446a2: Unsupported lookup 'link_from_user' for OneToOneField or join on the field not permitted.
INFO 2025-04-07 18:19:55,125 basehttp "GET /dashboard/ HTTP/1.1" 200 16939
INFO 2025-04-07 18:19:59,104 youtube_analytics Access token available: True
INFO 2025-04-07 18:19:59,105 youtube_analytics Refresh token available: True
INFO 2025-04-07 18:19:59,105 youtube_analytics Client ID available: False
INFO 2025-04-07 18:19:59,105 youtube_analytics Client secret available: False
INFO 2025-04-07 18:19:59,240 youtube_analytics Found channel 'Astral' for user navid23rahimib91f43aa088446a2
INFO 2025-04-07 18:19:59,692 youtube_analytics No analytics data available for user navid23rahimib91f43aa088446a2's channel
INFO 2025-04-07 18:19:59,709 basehttp "GET /dashboard/statistics/ HTTP/1.1" 200 33752
WARNING 2025-04-07 18:19:59,877 log Not Found: /dashboard/api/statistics/
WARNING 2025-04-07 18:19:59,877 basehttp "GET /dashboard/api/statistics/?days=30 HTTP/1.1" 404 7642
INFO 2025-04-07 18:20:01,602 youtube_analytics Access token available: True
INFO 2025-04-07 18:20:01,602 youtube_analytics Refresh token available: True
INFO 2025-04-07 18:20:01,602 youtube_analytics Client ID available: False
INFO 2025-04-07 18:20:01,602 youtube_analytics Client secret available: False
INFO 2025-04-07 18:20:01,725 youtube_analytics Found channel 'Astral' for user navid23rahimib91f43aa088446a2
INFO 2025-04-07 18:20:01,985 youtube_analytics No analytics data available for user navid23rahimib91f43aa088446a2's channel
ERROR 2025-04-07 18:20:02,214 views Error in dashboard view for user navid23rahimib91f43aa088446a2: Unsupported lookup 'link_from_user' for OneToOneField or join on the field not permitted.
INFO 2025-04-07 18:20:02,219 basehttp "GET /dashboard/ HTTP/1.1" 200 16939
INFO 2025-04-07 18:20:02,851 basehttp "GET /home/ HTTP/1.1" 200 12707
INFO 2025-04-07 18:20:04,161 youtube_analytics Access token available: True
INFO 2025-04-07 18:20:04,161 youtube_analytics Refresh token available: True
INFO 2025-04-07 18:20:04,161 youtube_analytics Client ID available: False
INFO 2025-04-07 18:20:04,161 youtube_analytics Client secret available: False
INFO 2025-04-07 18:20:04,292 youtube_analytics Found channel 'Astral' for user navid23rahimib91f43aa088446a2
INFO 2025-04-07 18:20:04,534 youtube_analytics No analytics data available for user navid23rahimib91f43aa088446a2's channel
ERROR 2025-04-07 18:20:04,755 views Error in dashboard view for user navid23rahimib91f43aa088446a2: Unsupported lookup 'link_from_user' for OneToOneField or join on the field not permitted.
INFO 2025-04-07 18:20:04,758 basehttp "GET /dashboard/ HTTP/1.1" 200 16939
INFO 2025-04-07 18:20:15,594 views Edit profile accessed by user: navid23rahimib91f43aa088446a2
ERROR 2025-04-07 18:20:15,599 views Error in edit_profile: auth/profile.html
Traceback (most recent call last):
  File "/Users/navidrahimi/ytanalytics/dashboard/views.py", line 395, in edit_profile
    return render(request, 'auth/profile.html', {
           ^^^^^^^^^^^^^^^^^^^^^^^^^^^^^^^^^^^^^^
  File "/Users/navidrahimi/ytanalytics/ytanalytics/.venv/lib/python3.12/site-packages/django/shortcuts.py", line 25, in render
    content = loader.render_to_string(template_name, context, request, using=using)
              ^^^^^^^^^^^^^^^^^^^^^^^^^^^^^^^^^^^^^^^^^^^^^^^^^^^^^^^^^^^^^^^^^^^^^
  File "/Users/navidrahimi/ytanalytics/ytanalytics/.venv/lib/python3.12/site-packages/django/template/loader.py", line 61, in render_to_string
    template = get_template(template_name, using=using)
               ^^^^^^^^^^^^^^^^^^^^^^^^^^^^^^^^^^^^^^^^
  File "/Users/navidrahimi/ytanalytics/ytanalytics/.venv/lib/python3.12/site-packages/django/template/loader.py", line 19, in get_template
    raise TemplateDoesNotExist(template_name, chain=chain)
django.template.exceptions.TemplateDoesNotExist: auth/profile.html
INFO 2025-04-07 18:20:15,607 basehttp "GET /edit-profile/ HTTP/1.1" 302 0
INFO 2025-04-07 18:20:15,618 youtube_analytics Access token available: True
INFO 2025-04-07 18:20:15,618 youtube_analytics Refresh token available: True
INFO 2025-04-07 18:20:15,618 youtube_analytics Client ID available: False
INFO 2025-04-07 18:20:15,618 youtube_analytics Client secret available: False
INFO 2025-04-07 18:20:15,802 youtube_analytics Found channel 'Astral' for user navid23rahimib91f43aa088446a2
INFO 2025-04-07 18:20:16,053 youtube_analytics No analytics data available for user navid23rahimib91f43aa088446a2's channel
ERROR 2025-04-07 18:20:16,381 views Error in dashboard view for user navid23rahimib91f43aa088446a2: Unsupported lookup 'link_from_user' for OneToOneField or join on the field not permitted.
INFO 2025-04-07 18:20:16,386 basehttp "GET /dashboard/ HTTP/1.1" 200 16939
INFO 2025-04-07 18:20:18,550 views Edit profile accessed by user: navid23rahimib91f43aa088446a2
ERROR 2025-04-07 18:20:18,551 views Error in edit_profile: auth/profile.html
Traceback (most recent call last):
  File "/Users/navidrahimi/ytanalytics/dashboard/views.py", line 395, in edit_profile
    return render(request, 'auth/profile.html', {
           ^^^^^^^^^^^^^^^^^^^^^^^^^^^^^^^^^^^^^^
  File "/Users/navidrahimi/ytanalytics/ytanalytics/.venv/lib/python3.12/site-packages/django/shortcuts.py", line 25, in render
    content = loader.render_to_string(template_name, context, request, using=using)
              ^^^^^^^^^^^^^^^^^^^^^^^^^^^^^^^^^^^^^^^^^^^^^^^^^^^^^^^^^^^^^^^^^^^^^
  File "/Users/navidrahimi/ytanalytics/ytanalytics/.venv/lib/python3.12/site-packages/django/template/loader.py", line 61, in render_to_string
    template = get_template(template_name, using=using)
               ^^^^^^^^^^^^^^^^^^^^^^^^^^^^^^^^^^^^^^^^
  File "/Users/navidrahimi/ytanalytics/ytanalytics/.venv/lib/python3.12/site-packages/django/template/loader.py", line 19, in get_template
    raise TemplateDoesNotExist(template_name, chain=chain)
django.template.exceptions.TemplateDoesNotExist: auth/profile.html
INFO 2025-04-07 18:20:18,555 basehttp "GET /edit-profile/ HTTP/1.1" 302 0
INFO 2025-04-07 18:20:18,563 youtube_analytics Access token available: True
INFO 2025-04-07 18:20:18,563 youtube_analytics Refresh token available: True
INFO 2025-04-07 18:20:18,564 youtube_analytics Client ID available: False
INFO 2025-04-07 18:20:18,564 youtube_analytics Client secret available: False
INFO 2025-04-07 18:20:18,691 youtube_analytics Found channel 'Astral' for user navid23rahimib91f43aa088446a2
INFO 2025-04-07 18:20:18,944 youtube_analytics No analytics data available for user navid23rahimib91f43aa088446a2's channel
ERROR 2025-04-07 18:20:19,172 views Error in dashboard view for user navid23rahimib91f43aa088446a2: Unsupported lookup 'link_from_user' for OneToOneField or join on the field not permitted.
INFO 2025-04-07 18:20:19,175 basehttp "GET /dashboard/ HTTP/1.1" 200 16939
INFO 2025-04-07 18:20:20,835 basehttp "GET /home/ HTTP/1.1" 200 12707
INFO 2025-04-07 18:20:23,336 views Edit profile accessed by user: navid23rahimib91f43aa088446a2
ERROR 2025-04-07 18:20:23,338 views Error in edit_profile: auth/profile.html
Traceback (most recent call last):
  File "/Users/navidrahimi/ytanalytics/dashboard/views.py", line 395, in edit_profile
    return render(request, 'auth/profile.html', {
           ^^^^^^^^^^^^^^^^^^^^^^^^^^^^^^^^^^^^^^
  File "/Users/navidrahimi/ytanalytics/ytanalytics/.venv/lib/python3.12/site-packages/django/shortcuts.py", line 25, in render
    content = loader.render_to_string(template_name, context, request, using=using)
              ^^^^^^^^^^^^^^^^^^^^^^^^^^^^^^^^^^^^^^^^^^^^^^^^^^^^^^^^^^^^^^^^^^^^^
  File "/Users/navidrahimi/ytanalytics/ytanalytics/.venv/lib/python3.12/site-packages/django/template/loader.py", line 61, in render_to_string
    template = get_template(template_name, using=using)
               ^^^^^^^^^^^^^^^^^^^^^^^^^^^^^^^^^^^^^^^^
  File "/Users/navidrahimi/ytanalytics/ytanalytics/.venv/lib/python3.12/site-packages/django/template/loader.py", line 19, in get_template
    raise TemplateDoesNotExist(template_name, chain=chain)
django.template.exceptions.TemplateDoesNotExist: auth/profile.html
INFO 2025-04-07 18:20:23,341 basehttp "GET /edit-profile/ HTTP/1.1" 302 0
INFO 2025-04-07 18:20:23,355 youtube_analytics Access token available: True
INFO 2025-04-07 18:20:23,356 youtube_analytics Refresh token available: True
INFO 2025-04-07 18:20:23,356 youtube_analytics Client ID available: False
INFO 2025-04-07 18:20:23,356 youtube_analytics Client secret available: False
INFO 2025-04-07 18:20:23,475 youtube_analytics Found channel 'Astral' for user navid23rahimib91f43aa088446a2
INFO 2025-04-07 18:20:23,727 youtube_analytics No analytics data available for user navid23rahimib91f43aa088446a2's channel
ERROR 2025-04-07 18:20:23,932 views Error in dashboard view for user navid23rahimib91f43aa088446a2: Unsupported lookup 'link_from_user' for OneToOneField or join on the field not permitted.
INFO 2025-04-07 18:20:23,935 basehttp "GET /dashboard/ HTTP/1.1" 200 16939
INFO 2025-04-07 18:20:26,339 youtube_analytics Access token available: True
INFO 2025-04-07 18:20:26,340 youtube_analytics Refresh token available: True
INFO 2025-04-07 18:20:26,340 youtube_analytics Client ID available: False
INFO 2025-04-07 18:20:26,340 youtube_analytics Client secret available: False
INFO 2025-04-07 18:20:26,480 youtube_analytics Found channel 'Astral' for user navid23rahimib91f43aa088446a2
INFO 2025-04-07 18:20:26,739 youtube_analytics No analytics data available for user navid23rahimib91f43aa088446a2's channel
INFO 2025-04-07 18:20:26,750 basehttp "GET /profile/navid23rahimib91f43aa088446a2/ HTTP/1.1" 200 20127
INFO 2025-04-07 18:20:29,853 basehttp "GET /home/ HTTP/1.1" 200 12707
INFO 2025-04-07 18:25:11,836 autoreload /Users/navidrahimi/ytanalytics/dashboard/views.py changed, reloading.
INFO 2025-04-07 18:25:12,513 autoreload Watching for file changes with StatReloader
INFO 2025-04-07 18:26:24,974 basehttp "GET /home/ HTTP/1.1" 200 14825
INFO 2025-04-07 18:26:27,317 youtube_analytics Access token available: True
INFO 2025-04-07 18:26:27,318 youtube_analytics Refresh token available: True
INFO 2025-04-07 18:26:27,318 youtube_analytics Client ID available: False
INFO 2025-04-07 18:26:27,318 youtube_analytics Client secret available: False
INFO 2025-04-07 18:26:27,482 youtube_analytics Found channel 'Astral' for user navid23rahimib91f43aa088446a2
INFO 2025-04-07 18:26:27,766 youtube_analytics No analytics data available for user navid23rahimib91f43aa088446a2's channel
ERROR 2025-04-07 18:26:28,002 views Error in dashboard view for user navid23rahimib91f43aa088446a2: Unsupported lookup 'link_from_user' for OneToOneField or join on the field not permitted.
INFO 2025-04-07 18:26:28,014 basehttp "GET /dashboard/ HTTP/1.1" 200 19057
ERROR 2025-04-07 18:26:29,677 log Internal Server Error: /network/
Traceback (most recent call last):
  File "/Users/navidrahimi/ytanalytics/ytanalytics/.venv/lib/python3.12/site-packages/django/core/handlers/exception.py", line 55, in inner
    response = get_response(request)
               ^^^^^^^^^^^^^^^^^^^^^
  File "/Users/navidrahimi/ytanalytics/ytanalytics/.venv/lib/python3.12/site-packages/django/core/handlers/base.py", line 197, in _get_response
    response = wrapped_callback(request, *callback_args, **callback_kwargs)
               ^^^^^^^^^^^^^^^^^^^^^^^^^^^^^^^^^^^^^^^^^^^^^^^^^^^^^^^^^^^^
  File "/Users/navidrahimi/ytanalytics/ytanalytics/.venv/lib/python3.12/site-packages/django/contrib/auth/decorators.py", line 60, in _view_wrapper
    return view_func(request, *args, **kwargs)
           ^^^^^^^^^^^^^^^^^^^^^^^^^^^^^^^^^^^
  File "/Users/navidrahimi/ytanalytics/ytanalytics/.venv/lib/python3.12/site-packages/django/contrib/auth/decorators.py", line 60, in _view_wrapper
    return view_func(request, *args, **kwargs)
           ^^^^^^^^^^^^^^^^^^^^^^^^^^^^^^^^^^^
  File "/Users/navidrahimi/ytanalytics/dashboard/views.py", line 518, in network_view
    linked_users = user_profile.connected_users.all()
                   ^^^^^^^^^^^^^^^^^^^^^^^^^^^^
AttributeError: 'UserProfile' object has no attribute 'connected_users'
ERROR 2025-04-07 18:26:29,684 basehttp "GET /network/ HTTP/1.1" 500 79436
INFO 2025-04-07 19:03:11,490 youtube_analytics Access token available: True
INFO 2025-04-07 19:03:11,498 youtube_analytics Refresh token available: True
INFO 2025-04-07 19:03:11,498 youtube_analytics Client ID available: False
INFO 2025-04-07 19:03:11,498 youtube_analytics Client secret available: False
INFO 2025-04-07 19:03:11,729 youtube_analytics Found channel 'Astral' for user navid23rahimib91f43aa088446a2
INFO 2025-04-07 19:03:12,015 youtube_analytics No analytics data available for user navid23rahimib91f43aa088446a2's channel
INFO 2025-04-07 19:03:12,034 basehttp "GET /dashboard/statistics/ HTTP/1.1" 200 35870
WARNING 2025-04-07 19:03:12,386 log Not Found: /dashboard/api/statistics/
WARNING 2025-04-07 19:03:12,387 basehttp "GET /dashboard/api/statistics/?days=30 HTTP/1.1" 404 7642
INFO 2025-04-07 19:03:18,890 basehttp "GET /home/ HTTP/1.1" 200 14825
INFO 2025-04-07 19:03:20,578 autoreload /Users/navidrahimi/ytanalytics/dashboard/models.py changed, reloading.
INFO 2025-04-07 19:03:22,443 autoreload Watching for file changes with StatReloader
INFO 2025-04-07 19:04:05,831 autoreload Watching for file changes with StatReloader
INFO 2025-04-07 19:04:16,767 autoreload Watching for file changes with StatReloader
INFO 2025-04-07 19:04:19,116 basehttp "GET /home/ HTTP/1.1" 200 14825
INFO 2025-04-07 19:04:20,690 youtube_analytics Access token available: True
INFO 2025-04-07 19:04:20,692 youtube_analytics Refresh token available: True
INFO 2025-04-07 19:04:20,693 youtube_analytics Client ID available: False
INFO 2025-04-07 19:04:20,693 youtube_analytics Client secret available: False
INFO 2025-04-07 19:04:20,987 youtube_analytics Found channel 'Astral' for user navid23rahimib91f43aa088446a2
INFO 2025-04-07 19:04:21,337 youtube_analytics No analytics data available for user navid23rahimib91f43aa088446a2's channel
ERROR 2025-04-07 19:04:21,625 views Error in dashboard view for user navid23rahimib91f43aa088446a2: Unsupported lookup 'link_from_user' for OneToOneField or join on the field not permitted.
INFO 2025-04-07 19:04:21,636 basehttp "GET /dashboard/ HTTP/1.1" 200 19057
INFO 2025-04-07 19:04:24,297 basehttp "GET /network/ HTTP/1.1" 200 16334
INFO 2025-04-07 19:04:28,126 basehttp "GET /network/?search=dasoc HTTP/1.1" 200 18740
INFO 2025-04-07 19:04:32,964 youtube_analytics Access token available: True
INFO 2025-04-07 19:04:32,964 youtube_analytics Refresh token available: True
INFO 2025-04-07 19:04:32,964 youtube_analytics Client ID available: False
INFO 2025-04-07 19:04:32,964 youtube_analytics Client secret available: False
INFO 2025-04-07 19:04:33,150 youtube_analytics Found channel 'ikyy' for user dasoccer
INFO 2025-04-07 19:04:33,754 basehttp "GET /profile/dasoccer/ HTTP/1.1" 200 24823
WARNING 2025-04-07 19:04:36,521 log Not Found: /network/connect/dasoccer/
WARNING 2025-04-07 19:04:36,522 basehttp "POST /network/connect/dasoccer/ HTTP/1.1" 404 7635
WARNING 2025-04-07 19:04:37,905 log Not Found: /network/connect/dasoccer/
WARNING 2025-04-07 19:04:37,905 basehttp "POST /network/connect/dasoccer/ HTTP/1.1" 404 7635
WARNING 2025-04-07 19:04:38,405 log Not Found: /network/connect/dasoccer/
WARNING 2025-04-07 19:04:38,405 basehttp "POST /network/connect/dasoccer/ HTTP/1.1" 404 7635
INFO 2025-04-07 19:05:31,806 youtube_analytics Access token available: True
INFO 2025-04-07 19:05:31,807 youtube_analytics Refresh token available: True
INFO 2025-04-07 19:05:31,807 youtube_analytics Client ID available: False
INFO 2025-04-07 19:05:31,807 youtube_analytics Client secret available: False
INFO 2025-04-07 19:05:31,990 youtube_analytics Found channel 'ikyy' for user dasoccer
INFO 2025-04-07 19:05:32,727 basehttp "GET /profile/dasoccer/ HTTP/1.1" 200 24823
INFO 2025-04-07 19:06:47,558 youtube_analytics Access token available: True
INFO 2025-04-07 19:06:47,559 youtube_analytics Refresh token available: True
INFO 2025-04-07 19:06:47,559 youtube_analytics Client ID available: False
INFO 2025-04-07 19:06:47,559 youtube_analytics Client secret available: False
INFO 2025-04-07 19:06:47,807 youtube_analytics Found channel 'Astral' for user navid23rahimib91f43aa088446a2
INFO 2025-04-07 19:06:48,294 youtube_analytics No analytics data available for user navid23rahimib91f43aa088446a2's channel
ERROR 2025-04-07 19:06:48,566 views Error in dashboard view for user navid23rahimib91f43aa088446a2: Unsupported lookup 'link_from_user' for OneToOneField or join on the field not permitted.
INFO 2025-04-07 19:06:48,579 basehttp "GET /dashboard/ HTTP/1.1" 200 19057
INFO 2025-04-07 19:06:51,473 basehttp "GET /analytics-info/ HTTP/1.1" 200 16746
INFO 2025-04-07 19:07:27,729 youtube_analytics Access token available: True
INFO 2025-04-07 19:07:27,730 youtube_analytics Refresh token available: True
INFO 2025-04-07 19:07:27,730 youtube_analytics Client ID available: False
INFO 2025-04-07 19:07:27,730 youtube_analytics Client secret available: False
INFO 2025-04-07 19:07:28,184 youtube_analytics Found channel 'ikyy' for user dasoccer
ERROR 2025-04-07 19:07:29,069 views Error in dashboard view for user dasoccer: Unsupported lookup 'link_from_user' for OneToOneField or join on the field not permitted.
INFO 2025-04-07 19:07:29,130 basehttp "GET /dashboard/ HTTP/1.1" 200 18994
INFO 2025-04-07 19:07:30,087 basehttp "GET /static/images/grid-circle.png HTTP/1.1" 304 0
INFO 2025-04-07 19:07:30,087 basehttp "GET /media/profile_pics/f1d63732b1aa398f32f2b30cb0313d10.jpg HTTP/1.1" 304 0
WARNING 2025-04-07 19:07:30,792 log Not Found: /favicon.ico
WARNING 2025-04-07 19:07:30,793 basehttp "GET /favicon.ico HTTP/1.1" 404 7592
INFO 2025-04-07 19:07:38,361 basehttp "GET /network/ HTTP/1.1" 200 16292
INFO 2025-04-07 19:07:43,290 basehttp "GET /users/ HTTP/1.1" 200 28851
INFO 2025-04-07 19:07:43,341 basehttp "GET /media/profile_pics/6f482244cc2b96860300160f33abcb8f.jpg HTTP/1.1" 304 0
INFO 2025-04-07 19:07:43,343 basehttp "GET /media/profile_pics/wp3064746.jpg HTTP/1.1" 304 0
INFO 2025-04-07 19:07:43,568 basehttp "GET /media/profile_pics/wp4737303.jpg HTTP/1.1" 304 0
INFO 2025-04-07 19:07:51,489 youtube_analytics Access token available: True
INFO 2025-04-07 19:07:51,491 youtube_analytics Refresh token available: True
INFO 2025-04-07 19:07:51,492 youtube_analytics Client ID available: False
INFO 2025-04-07 19:07:51,492 youtube_analytics Client secret available: False
INFO 2025-04-07 19:07:51,774 youtube_analytics Found channel 'ikyy' for user dasoccer
ERROR 2025-04-07 19:07:52,718 views Error in dashboard view for user dasoccer: Unsupported lookup 'link_from_user' for OneToOneField or join on the field not permitted.
INFO 2025-04-07 19:07:52,736 basehttp "GET /dashboard/ HTTP/1.1" 200 18994
INFO 2025-04-07 19:07:53,875 basehttp "GET /network/ HTTP/1.1" 200 16292
INFO 2025-04-07 19:07:56,553 basehttp "GET /network/?search=dasoc HTTP/1.1" 200 16883
INFO 2025-04-07 19:08:02,115 basehttp "GET /network/?search=navid HTTP/1.1" 200 23138
WARNING 2025-04-07 19:08:13,295 log Not Found: /network/connect/navidrahimi/
WARNING 2025-04-07 19:08:13,297 basehttp "POST /network/connect/navidrahimi/ HTTP/1.1" 404 7644
WARNING 2025-04-07 19:08:14,558 log Not Found: /network/connect/navidrahimi/
WARNING 2025-04-07 19:08:14,558 basehttp "POST /network/connect/navidrahimi/ HTTP/1.1" 404 7644
WARNING 2025-04-07 19:08:15,882 log Not Found: /network/connect/navidrahimi/
WARNING 2025-04-07 19:08:15,883 basehttp "POST /network/connect/navidrahimi/ HTTP/1.1" 404 7644
WARNING 2025-04-07 19:08:17,438 log Not Found: /network/connect/navid23rahimib91f43aa088446a2/
WARNING 2025-04-07 19:08:17,440 basehttp "POST /network/connect/navid23rahimib91f43aa088446a2/ HTTP/1.1" 404 7698
WARNING 2025-04-07 19:08:18,227 log Not Found: /network/connect/navid/
WARNING 2025-04-07 19:08:18,232 basehttp "POST /network/connect/navid/ HTTP/1.1" 404 7626
WARNING 2025-04-07 19:08:18,422 log Not Found: /network/connect/navid/
WARNING 2025-04-07 19:08:18,423 basehttp "POST /network/connect/navid/ HTTP/1.1" 404 7626
WARNING 2025-04-07 19:08:18,575 log Not Found: /network/connect/navid/
WARNING 2025-04-07 19:08:18,576 basehttp "POST /network/connect/navid/ HTTP/1.1" 404 7626
WARNING 2025-04-07 19:08:18,723 log Not Found: /network/connect/navid/
WARNING 2025-04-07 19:08:18,724 basehttp "POST /network/connect/navid/ HTTP/1.1" 404 7626
WARNING 2025-04-07 19:08:18,875 log Not Found: /network/connect/navid/
WARNING 2025-04-07 19:08:18,876 basehttp "POST /network/connect/navid/ HTTP/1.1" 404 7626
INFO 2025-04-07 19:08:25,911 basehttp "GET /profile/navidrahimi/ HTTP/1.1" 200 21943
WARNING 2025-04-07 19:08:30,225 log Not Found: /network/connect/navidrahimi/
WARNING 2025-04-07 19:08:30,226 basehttp "POST /network/connect/navidrahimi/ HTTP/1.1" 404 7644
INFO 2025-04-07 19:08:30,910 basehttp "GET /profile/navidrahimi/ HTTP/1.1" 200 21943
INFO 2025-04-07 19:08:32,385 basehttp "GET /link/navidrahimi/ HTTP/1.1" 302 0
INFO 2025-04-07 19:08:32,403 basehttp "GET /profile/navidrahimi/ HTTP/1.1" 200 22379
INFO 2025-04-07 19:08:36,407 basehttp "GET /network/ HTTP/1.1" 200 16292
INFO 2025-04-07 19:08:39,141 basehttp "GET /network/?search=navid HTTP/1.1" 200 23138
INFO 2025-04-07 19:09:02,741 basehttp "GET /home/ HTTP/1.1" 200 14825
INFO 2025-04-07 19:09:05,259 basehttp "GET /logout/ HTTP/1.1" 302 0
ERROR 2025-04-07 19:09:05,476 log Internal Server Error: /home/
Traceback (most recent call last):
  File "/Users/navidrahimi/ytanalytics/ytanalytics/.venv/lib/python3.12/site-packages/django/core/handlers/exception.py", line 55, in inner
    response = get_response(request)
               ^^^^^^^^^^^^^^^^^^^^^
  File "/Users/navidrahimi/ytanalytics/ytanalytics/.venv/lib/python3.12/site-packages/django/core/handlers/base.py", line 197, in _get_response
    response = wrapped_callback(request, *callback_args, **callback_kwargs)
               ^^^^^^^^^^^^^^^^^^^^^^^^^^^^^^^^^^^^^^^^^^^^^^^^^^^^^^^^^^^^
  File "/Users/navidrahimi/ytanalytics/dashboard/views.py", line 165, in home_view
    return render(request, 'home.html')
           ^^^^^^^^^^^^^^^^^^^^^^^^^^^^
  File "/Users/navidrahimi/ytanalytics/ytanalytics/.venv/lib/python3.12/site-packages/django/shortcuts.py", line 25, in render
    content = loader.render_to_string(template_name, context, request, using=using)
              ^^^^^^^^^^^^^^^^^^^^^^^^^^^^^^^^^^^^^^^^^^^^^^^^^^^^^^^^^^^^^^^^^^^^^
  File "/Users/navidrahimi/ytanalytics/ytanalytics/.venv/lib/python3.12/site-packages/django/template/loader.py", line 62, in render_to_string
    return template.render(context, request)
           ^^^^^^^^^^^^^^^^^^^^^^^^^^^^^^^^^
  File "/Users/navidrahimi/ytanalytics/ytanalytics/.venv/lib/python3.12/site-packages/django/template/backends/django.py", line 107, in render
    return self.template.render(context)
           ^^^^^^^^^^^^^^^^^^^^^^^^^^^^^
  File "/Users/navidrahimi/ytanalytics/ytanalytics/.venv/lib/python3.12/site-packages/django/template/base.py", line 171, in render
    return self._render(context)
           ^^^^^^^^^^^^^^^^^^^^^
  File "/Users/navidrahimi/ytanalytics/ytanalytics/.venv/lib/python3.12/site-packages/django/template/base.py", line 163, in _render
    return self.nodelist.render(context)
           ^^^^^^^^^^^^^^^^^^^^^^^^^^^^^
  File "/Users/navidrahimi/ytanalytics/ytanalytics/.venv/lib/python3.12/site-packages/django/template/base.py", line 1008, in render
    return SafeString("".join([node.render_annotated(context) for node in self]))
                               ^^^^^^^^^^^^^^^^^^^^^^^^^^^^^^
  File "/Users/navidrahimi/ytanalytics/ytanalytics/.venv/lib/python3.12/site-packages/django/template/base.py", line 969, in render_annotated
    return self.render(context)
           ^^^^^^^^^^^^^^^^^^^^
  File "/Users/navidrahimi/ytanalytics/ytanalytics/.venv/lib/python3.12/site-packages/django/template/loader_tags.py", line 159, in render
    return compiled_parent._render(context)
           ^^^^^^^^^^^^^^^^^^^^^^^^^^^^^^^^
  File "/Users/navidrahimi/ytanalytics/ytanalytics/.venv/lib/python3.12/site-packages/django/template/base.py", line 163, in _render
    return self.nodelist.render(context)
           ^^^^^^^^^^^^^^^^^^^^^^^^^^^^^
  File "/Users/navidrahimi/ytanalytics/ytanalytics/.venv/lib/python3.12/site-packages/django/template/base.py", line 1008, in render
    return SafeString("".join([node.render_annotated(context) for node in self]))
                               ^^^^^^^^^^^^^^^^^^^^^^^^^^^^^^
  File "/Users/navidrahimi/ytanalytics/ytanalytics/.venv/lib/python3.12/site-packages/django/template/base.py", line 969, in render_annotated
    return self.render(context)
           ^^^^^^^^^^^^^^^^^^^^
  File "/Users/navidrahimi/ytanalytics/ytanalytics/.venv/lib/python3.12/site-packages/django/template/loader_tags.py", line 65, in render
    result = block.nodelist.render(context)
             ^^^^^^^^^^^^^^^^^^^^^^^^^^^^^^
  File "/Users/navidrahimi/ytanalytics/ytanalytics/.venv/lib/python3.12/site-packages/django/template/base.py", line 1008, in render
    return SafeString("".join([node.render_annotated(context) for node in self]))
                               ^^^^^^^^^^^^^^^^^^^^^^^^^^^^^^
  File "/Users/navidrahimi/ytanalytics/ytanalytics/.venv/lib/python3.12/site-packages/django/template/base.py", line 969, in render_annotated
    return self.render(context)
           ^^^^^^^^^^^^^^^^^^^^
  File "/Users/navidrahimi/ytanalytics/ytanalytics/.venv/lib/python3.12/site-packages/django/template/defaulttags.py", line 480, in render
    url = reverse(view_name, args=args, kwargs=kwargs, current_app=current_app)
          ^^^^^^^^^^^^^^^^^^^^^^^^^^^^^^^^^^^^^^^^^^^^^^^^^^^^^^^^^^^^^^^^^^^^^
  File "/Users/navidrahimi/ytanalytics/ytanalytics/.venv/lib/python3.12/site-packages/django/urls/base.py", line 88, in reverse
    return resolver._reverse_with_prefix(view, prefix, *args, **kwargs)
           ^^^^^^^^^^^^^^^^^^^^^^^^^^^^^^^^^^^^^^^^^^^^^^^^^^^^^^^^^^^^
  File "/Users/navidrahimi/ytanalytics/ytanalytics/.venv/lib/python3.12/site-packages/django/urls/resolvers.py", line 831, in _reverse_with_prefix
    raise NoReverseMatch(msg)
django.urls.exceptions.NoReverseMatch: Reverse for 'login' not found. 'login' is not a valid view function or pattern name.
ERROR 2025-04-07 19:09:05,509 basehttp "GET /home/ HTTP/1.1" 500 151146
INFO 2025-04-07 19:10:29,977 autoreload /Users/navidrahimi/ytanalytics/ytanalytics/urls.py changed, reloading.
INFO 2025-04-07 19:10:33,300 autoreload Watching for file changes with StatReloader
INFO 2025-04-07 19:14:11,451 basehttp "GET /home/ HTTP/1.1" 200 16645
INFO 2025-04-07 19:14:15,991 basehttp "GET /auth/login/google-oauth2/ HTTP/1.1" 302 0
INFO 2025-04-07 19:14:27,457 basehttp "POST /login/ HTTP/1.1" 200 10256
INFO 2025-04-07 19:14:36,475 basehttp "POST /login/ HTTP/1.1" 302 0
INFO 2025-04-07 19:14:36,623 basehttp "GET /home/ HTTP/1.1" 200 14724
INFO 2025-04-07 19:14:39,383 basehttp "GET /network/ HTTP/1.1" 200 16233
INFO 2025-04-07 19:14:45,741 basehttp "GET /network/?search=navid HTTP/1.1" 200 23046
WARNING 2025-04-07 19:14:50,733 log Not Found: /network/connect/navid23rahimib91f43aa088446a2/
WARNING 2025-04-07 19:14:50,733 basehttp "POST /network/connect/navid23rahimib91f43aa088446a2/ HTTP/1.1" 404 7861
WARNING 2025-04-07 19:14:52,095 log Not Found: /network/connect/navid23rahimib91f43aa088446a2/
WARNING 2025-04-07 19:14:52,096 basehttp "POST /network/connect/navid23rahimib91f43aa088446a2/ HTTP/1.1" 404 7861
INFO 2025-04-07 19:17:12,322 autoreload /Users/navidrahimi/ytanalytics/dashboard/forms.py changed, reloading.
INFO 2025-04-07 19:17:15,466 autoreload Watching for file changes with StatReloader
INFO 2025-04-07 19:21:30,572 basehttp "GET /network/?search=navid HTTP/1.1" 200 23936
WARNING 2025-04-07 19:21:34,915 views User navid accessed dashboard without connecting YouTube channel
ERROR 2025-04-07 19:21:38,817 log Internal Server Error: /dashboard/
Traceback (most recent call last):
  File "/Users/navidrahimi/ytanalytics/ytanalytics/.venv/lib/python3.12/site-packages/django/core/handlers/exception.py", line 55, in inner
    response = get_response(request)
               ^^^^^^^^^^^^^^^^^^^^^
  File "/Users/navidrahimi/ytanalytics/ytanalytics/.venv/lib/python3.12/site-packages/django/core/handlers/base.py", line 197, in _get_response
    response = wrapped_callback(request, *callback_args, **callback_kwargs)
               ^^^^^^^^^^^^^^^^^^^^^^^^^^^^^^^^^^^^^^^^^^^^^^^^^^^^^^^^^^^^
  File "/Users/navidrahimi/ytanalytics/ytanalytics/.venv/lib/python3.12/site-packages/django/contrib/auth/decorators.py", line 60, in _view_wrapper
    return view_func(request, *args, **kwargs)
           ^^^^^^^^^^^^^^^^^^^^^^^^^^^^^^^^^^^
  File "/Users/navidrahimi/ytanalytics/dashboard/views.py", line 107, in dashboard
    return redirect('connect_account')
           ^^^^^^^^^^^^^^^^^^^^^^^^^^^
  File "/Users/navidrahimi/ytanalytics/ytanalytics/.venv/lib/python3.12/site-packages/django/shortcuts.py", line 49, in redirect
    return redirect_class(resolve_url(to, *args, **kwargs))
                          ^^^^^^^^^^^^^^^^^^^^^^^^^^^^^^^^
  File "/Users/navidrahimi/ytanalytics/ytanalytics/.venv/lib/python3.12/site-packages/django/shortcuts.py", line 180, in resolve_url
    return reverse(to, args=args, kwargs=kwargs)
           ^^^^^^^^^^^^^^^^^^^^^^^^^^^^^^^^^^^^^
  File "/Users/navidrahimi/ytanalytics/ytanalytics/.venv/lib/python3.12/site-packages/django/urls/base.py", line 88, in reverse
    return resolver._reverse_with_prefix(view, prefix, *args, **kwargs)
           ^^^^^^^^^^^^^^^^^^^^^^^^^^^^^^^^^^^^^^^^^^^^^^^^^^^^^^^^^^^^
  File "/Users/navidrahimi/ytanalytics/ytanalytics/.venv/lib/python3.12/site-packages/django/urls/resolvers.py", line 831, in _reverse_with_prefix
    raise NoReverseMatch(msg)
django.urls.exceptions.NoReverseMatch: Reverse for 'connect_account' not found. 'connect_account' is not a valid view function or pattern name.
ERROR 2025-04-07 19:21:39,002 basehttp "GET /dashboard/ HTTP/1.1" 500 92959
INFO 2025-04-07 19:23:14,979 autoreload /Users/navidrahimi/ytanalytics/dashboard/views.py changed, reloading.
INFO 2025-04-07 19:23:29,093 autoreload Watching for file changes with StatReloader
WARNING 2025-04-07 19:23:39,833 views User navid accessed dashboard without connecting YouTube channel
INFO 2025-04-07 19:23:39,886 basehttp "GET /dashboard/ HTTP/1.1" 302 0
INFO 2025-04-07 19:23:40,005 basehttp "GET /connect-accounts/ HTTP/1.1" 200 17973
WARNING 2025-04-07 19:23:45,626 views User navid accessed dashboard without connecting YouTube channel
INFO 2025-04-07 19:23:45,628 basehttp "GET /dashboard/ HTTP/1.1" 302 0
INFO 2025-04-07 19:23:45,647 basehttp "GET /connect-accounts/ HTTP/1.1" 200 17973
WARNING 2025-04-07 19:23:48,094 views User navid accessed dashboard without connecting YouTube channel
INFO 2025-04-07 19:23:48,095 basehttp "GET /dashboard/ HTTP/1.1" 302 0
INFO 2025-04-07 19:23:48,103 basehttp "GET /connect-accounts/ HTTP/1.1" 200 17973
INFO 2025-04-07 19:24:51,668 autoreload /Users/navidrahimi/ytanalytics/dashboard/views.py changed, reloading.
INFO 2025-04-07 19:24:54,355 autoreload Watching for file changes with StatReloader
INFO 2025-04-07 19:26:23,956 basehttp "GET /network/?search=navid HTTP/1.1" 200 24028
INFO 2025-04-07 19:26:27,293 youtube_analytics Access token available: True
INFO 2025-04-07 19:26:27,293 youtube_analytics Refresh token available: True
INFO 2025-04-07 19:26:27,293 youtube_analytics Client ID available: False
INFO 2025-04-07 19:26:27,293 youtube_analytics Client secret available: False
INFO 2025-04-07 19:26:27,450 youtube_analytics Found channel 'ikyy' for user dasoccer
ERROR 2025-04-07 19:26:28,488 views Error in dashboard view for user dasoccer: Unsupported lookup 'link_from_user' for OneToOneField or join on the field not permitted.
INFO 2025-04-07 19:26:28,497 basehttp "GET /dashboard/ HTTP/1.1" 200 14875
INFO 2025-04-07 19:26:33,269 basehttp "GET /connect-accounts/ HTTP/1.1" 200 17976
ERROR 2025-04-07 19:26:38,506 log Internal Server Error: /connect/tiktok/
Traceback (most recent call last):
  File "/Users/navidrahimi/ytanalytics/ytanalytics/.venv/lib/python3.12/site-packages/django/core/handlers/exception.py", line 55, in inner
    response = get_response(request)
               ^^^^^^^^^^^^^^^^^^^^^
  File "/Users/navidrahimi/ytanalytics/ytanalytics/.venv/lib/python3.12/site-packages/django/core/handlers/base.py", line 197, in _get_response
    response = wrapped_callback(request, *callback_args, **callback_kwargs)
               ^^^^^^^^^^^^^^^^^^^^^^^^^^^^^^^^^^^^^^^^^^^^^^^^^^^^^^^^^^^^
  File "/Users/navidrahimi/ytanalytics/ytanalytics/.venv/lib/python3.12/site-packages/django/contrib/auth/decorators.py", line 60, in _view_wrapper
    return view_func(request, *args, **kwargs)
           ^^^^^^^^^^^^^^^^^^^^^^^^^^^^^^^^^^^
  File "/Users/navidrahimi/ytanalytics/dashboard/views.py", line 644, in connect_tiktok
    return redirect('tiktok_oauth_url')
           ^^^^^^^^^^^^^^^^^^^^^^^^^^^^
  File "/Users/navidrahimi/ytanalytics/ytanalytics/.venv/lib/python3.12/site-packages/django/shortcuts.py", line 49, in redirect
    return redirect_class(resolve_url(to, *args, **kwargs))
                          ^^^^^^^^^^^^^^^^^^^^^^^^^^^^^^^^
  File "/Users/navidrahimi/ytanalytics/ytanalytics/.venv/lib/python3.12/site-packages/django/shortcuts.py", line 180, in resolve_url
    return reverse(to, args=args, kwargs=kwargs)
           ^^^^^^^^^^^^^^^^^^^^^^^^^^^^^^^^^^^^^
  File "/Users/navidrahimi/ytanalytics/ytanalytics/.venv/lib/python3.12/site-packages/django/urls/base.py", line 88, in reverse
    return resolver._reverse_with_prefix(view, prefix, *args, **kwargs)
           ^^^^^^^^^^^^^^^^^^^^^^^^^^^^^^^^^^^^^^^^^^^^^^^^^^^^^^^^^^^^
  File "/Users/navidrahimi/ytanalytics/ytanalytics/.venv/lib/python3.12/site-packages/django/urls/resolvers.py", line 831, in _reverse_with_prefix
    raise NoReverseMatch(msg)
django.urls.exceptions.NoReverseMatch: Reverse for 'tiktok_oauth_url' not found. 'tiktok_oauth_url' is not a valid view function or pattern name.
ERROR 2025-04-07 19:26:38,511 basehttp "GET /connect/tiktok/ HTTP/1.1" 500 92875
INFO 2025-04-07 19:26:42,319 youtube_analytics Access token available: True
INFO 2025-04-07 19:26:42,319 youtube_analytics Refresh token available: True
INFO 2025-04-07 19:26:42,320 youtube_analytics Client ID available: False
INFO 2025-04-07 19:26:42,320 youtube_analytics Client secret available: False
INFO 2025-04-07 19:26:42,457 youtube_analytics Found channel 'ikyy' for user dasoccer
ERROR 2025-04-07 19:26:43,205 views Error in dashboard view for user dasoccer: Unsupported lookup 'link_from_user' for OneToOneField or join on the field not permitted.
INFO 2025-04-07 19:26:43,207 basehttp "GET /dashboard/ HTTP/1.1" 200 14875
INFO 2025-04-07 19:26:44,848 basehttp "GET /home/ HTTP/1.1" 200 14783
INFO 2025-04-07 19:26:46,058 youtube_analytics Access token available: True
INFO 2025-04-07 19:26:46,059 youtube_analytics Refresh token available: True
INFO 2025-04-07 19:26:46,060 youtube_analytics Client ID available: False
INFO 2025-04-07 19:26:46,060 youtube_analytics Client secret available: False
INFO 2025-04-07 19:26:46,297 youtube_analytics Found channel 'ikyy' for user dasoccer
ERROR 2025-04-07 19:26:47,124 views Error in dashboard view for user dasoccer: Unsupported lookup 'link_from_user' for OneToOneField or join on the field not permitted.
INFO 2025-04-07 19:26:47,127 basehttp "GET /dashboard/ HTTP/1.1" 200 14875
INFO 2025-04-07 19:26:49,270 youtube_analytics Access token available: True
INFO 2025-04-07 19:26:49,273 youtube_analytics Refresh token available: True
INFO 2025-04-07 19:26:49,273 youtube_analytics Client ID available: False
INFO 2025-04-07 19:26:49,273 youtube_analytics Client secret available: False
INFO 2025-04-07 19:26:49,473 youtube_analytics Found channel 'ikyy' for user dasoccer
INFO 2025-04-07 19:26:50,021 basehttp "GET /dashboard/statistics/ HTTP/1.1" 200 39202
INFO 2025-04-07 19:26:55,928 youtube_analytics Access token available: True
INFO 2025-04-07 19:26:55,928 youtube_analytics Refresh token available: True
INFO 2025-04-07 19:26:55,928 youtube_analytics Client ID available: False
INFO 2025-04-07 19:26:55,928 youtube_analytics Client secret available: False
INFO 2025-04-07 19:26:56,040 youtube_analytics Found channel 'ikyy' for user dasoccer
ERROR 2025-04-07 19:26:56,894 views Error in dashboard view for user dasoccer: Unsupported lookup 'link_from_user' for OneToOneField or join on the field not permitted.
INFO 2025-04-07 19:26:56,899 basehttp "GET /dashboard/ HTTP/1.1" 200 14875
INFO 2025-04-07 19:27:16,559 youtube_analytics Access token available: True
INFO 2025-04-07 19:27:16,560 youtube_analytics Refresh token available: True
INFO 2025-04-07 19:27:16,560 youtube_analytics Client ID available: False
INFO 2025-04-07 19:27:16,560 youtube_analytics Client secret available: False
INFO 2025-04-07 19:27:16,714 youtube_analytics Found channel 'ikyy' for user dasoccer
ERROR 2025-04-07 19:27:17,514 views Error in dashboard view for user dasoccer: Unsupported lookup 'link_from_user' for OneToOneField or join on the field not permitted.
INFO 2025-04-07 19:27:17,519 basehttp "GET /dashboard/ HTTP/1.1" 200 14875
INFO 2025-04-07 19:29:52,965 views Edit profile accessed by user: navid
INFO 2025-04-07 19:29:52,969 views Loading profile form via AJAX for user: navid
DEBUG 2025-04-07 19:29:52,988 views Submit button in HTML: True
INFO 2025-04-07 19:29:52,988 basehttp "GET /edit-profile/?ajax=1 HTTP/1.1" 200 6715
WARNING 2025-04-07 19:30:42,964 views User navid accessed dashboard without connecting YouTube channel
INFO 2025-04-07 19:30:42,968 basehttp "GET /dashboard/ HTTP/1.1" 200 14816
WARNING 2025-04-07 19:30:44,367 views User navid accessed dashboard without connecting YouTube channel
INFO 2025-04-07 19:30:44,369 basehttp "GET /dashboard/ HTTP/1.1" 200 14816
INFO 2025-04-07 19:31:49,935 youtube_analytics Access token available: True
INFO 2025-04-07 19:31:49,936 youtube_analytics Refresh token available: True
INFO 2025-04-07 19:31:49,937 youtube_analytics Client ID available: False
INFO 2025-04-07 19:31:49,937 youtube_analytics Client secret available: False
INFO 2025-04-07 19:31:50,218 youtube_analytics Found channel 'ikyy' for user dasoccer
ERROR 2025-04-07 19:31:51,589 views Error in dashboard view for user dasoccer: Unsupported lookup 'link_from_user' for OneToOneField or join on the field not permitted.
INFO 2025-04-07 19:31:51,643 basehttp "GET /dashboard/ HTTP/1.1" 200 14875
WARNING 2025-04-07 19:31:53,220 log Not Found: /favicon.ico
WARNING 2025-04-07 19:31:53,221 basehttp "GET /favicon.ico HTTP/1.1" 404 7755
INFO 2025-04-07 19:32:15,086 youtube_analytics Access token available: True
INFO 2025-04-07 19:32:15,086 youtube_analytics Refresh token available: True
INFO 2025-04-07 19:32:15,086 youtube_analytics Client ID available: False
INFO 2025-04-07 19:32:15,087 youtube_analytics Client secret available: False
INFO 2025-04-07 19:32:15,242 youtube_analytics Found channel 'ikyy' for user dasoccer
INFO 2025-04-07 19:32:15,720 basehttp "GET /dashboard/statistics/ HTTP/1.1" 200 39202
INFO 2025-04-07 19:32:19,008 basehttp "GET /home/ HTTP/1.1" 200 14783
INFO 2025-04-07 19:32:26,281 basehttp "GET /network/ HTTP/1.1" 200 17182
INFO 2025-04-07 19:36:20,356 basehttp "GET /network/ HTTP/1.1" 200 17123
INFO 2025-04-07 19:36:30,558 basehttp "GET /network/ HTTP/1.1" 200 17182
INFO 2025-04-07 19:37:50,995 basehttp "GET /network/?search=dasoc HTTP/1.1" 200 17773
INFO 2025-04-07 19:37:53,845 basehttp "GET /network/?search=dasoccer HTTP/1.1" 200 17776
INFO 2025-04-07 19:37:56,094 basehttp "GET /network/?search=navid HTTP/1.1" 200 24028
INFO 2025-04-07 19:49:26,099 autoreload /Users/navidrahimi/ytanalytics/dashboard/views.py changed, reloading.
INFO 2025-04-07 19:49:35,043 autoreload Watching for file changes with StatReloader
INFO 2025-04-07 19:51:01,297 basehttp "GET /network/?search=navid HTTP/1.1" 200 28318
WARNING 2025-04-07 19:51:04,673 log Not Found: /connect/navidrahimi/
WARNING 2025-04-07 19:51:04,674 basehttp "POST /connect/navidrahimi/ HTTP/1.1" 404 7783
WARNING 2025-04-07 19:51:07,796 log Not Found: /connect/navid23rahimib91f43aa088446a2/
WARNING 2025-04-07 19:51:07,797 basehttp "POST /connect/navid23rahimib91f43aa088446a2/ HTTP/1.1" 404 7837
WARNING 2025-04-07 19:51:10,065 log Not Found: /connect/navid/
WARNING 2025-04-07 19:51:10,066 basehttp "POST /connect/navid/ HTTP/1.1" 404 7765
INFO 2025-04-07 19:51:37,943 youtube_analytics Access token available: True
INFO 2025-04-07 19:51:37,945 youtube_analytics Refresh token available: True
INFO 2025-04-07 19:51:37,945 youtube_analytics Client ID available: False
INFO 2025-04-07 19:51:37,945 youtube_analytics Client secret available: False
INFO 2025-04-07 19:51:38,365 youtube_analytics Found channel 'ikyy' for user dasoccer
INFO 2025-04-07 19:51:41,363 basehttp "GET /dashboard/statistics/ HTTP/1.1" 200 44325
INFO 2025-04-07 19:51:46,873 youtube_analytics Access token available: True
INFO 2025-04-07 19:51:46,874 youtube_analytics Refresh token available: True
INFO 2025-04-07 19:51:46,874 youtube_analytics Client ID available: False
INFO 2025-04-07 19:51:46,874 youtube_analytics Client secret available: False
INFO 2025-04-07 19:51:47,123 youtube_analytics Found channel 'ikyy' for user dasoccer
ERROR 2025-04-07 19:51:47,996 views Error in dashboard view for user dasoccer: Unsupported lookup 'link_from_user' for OneToOneField or join on the field not permitted.
INFO 2025-04-07 19:51:48,174 basehttp "GET /dashboard/ HTTP/1.1" 200 29361
INFO 2025-04-07 19:51:51,341 youtube_analytics Access token available: True
INFO 2025-04-07 19:51:51,346 youtube_analytics Refresh token available: True
INFO 2025-04-07 19:51:51,346 youtube_analytics Client ID available: False
INFO 2025-04-07 19:51:51,347 youtube_analytics Client secret available: False
INFO 2025-04-07 19:51:51,529 youtube_analytics Found channel 'ikyy' for user dasoccer
ERROR 2025-04-07 19:51:52,282 views Error in dashboard view for user dasoccer: Unsupported lookup 'link_from_user' for OneToOneField or join on the field not permitted.
INFO 2025-04-07 19:51:52,286 basehttp "GET /dashboard/ HTTP/1.1" 200 29361
INFO 2025-04-07 19:52:07,109 autoreload Watching for file changes with StatReloader
INFO 2025-04-07 19:52:09,729 youtube_analytics Access token available: True
INFO 2025-04-07 19:52:09,730 youtube_analytics Refresh token available: True
INFO 2025-04-07 19:52:09,731 youtube_analytics Client ID available: False
INFO 2025-04-07 19:52:09,731 youtube_analytics Client secret available: False
INFO 2025-04-07 19:52:10,085 youtube_analytics Found channel 'ikyy' for user dasoccer
ERROR 2025-04-07 19:52:11,995 views Error in dashboard view for user dasoccer: Unsupported lookup 'link_from_user' for OneToOneField or join on the field not permitted.
INFO 2025-04-07 19:52:12,045 basehttp "GET /dashboard/ HTTP/1.1" 200 29361
INFO 2025-04-07 19:52:16,641 basehttp "GET /home/ HTTP/1.1" 200 19906
INFO 2025-04-07 19:52:29,782 youtube_analytics Access token available: True
INFO 2025-04-07 19:52:29,783 youtube_analytics Refresh token available: True
INFO 2025-04-07 19:52:29,783 youtube_analytics Client ID available: False
INFO 2025-04-07 19:52:29,783 youtube_analytics Client secret available: False
INFO 2025-04-07 19:52:29,957 youtube_analytics Found channel 'ikyy' for user dasoccer
ERROR 2025-04-07 19:52:30,841 views Error in dashboard view for user dasoccer: Unsupported lookup 'link_from_user' for OneToOneField or join on the field not permitted.
INFO 2025-04-07 19:52:30,845 basehttp "GET /dashboard/ HTTP/1.1" 200 29361
INFO 2025-04-07 19:52:54,683 youtube_analytics Access token available: True
INFO 2025-04-07 19:52:54,690 youtube_analytics Refresh token available: True
INFO 2025-04-07 19:52:54,690 youtube_analytics Client ID available: False
INFO 2025-04-07 19:52:54,690 youtube_analytics Client secret available: False
INFO 2025-04-07 19:52:54,902 youtube_analytics Found channel 'ikyy' for user dasoccer
INFO 2025-04-07 19:52:56,586 basehttp "GET /dashboard/statistics/ HTTP/1.1" 200 44325
INFO 2025-04-07 19:53:15,817 basehttp "GET /network/ HTTP/1.1" 200 21471
INFO 2025-04-07 19:53:55,486 autoreload /Users/navidrahimi/ytanalytics/dashboard/youtube_analytics.py changed, reloading.
INFO 2025-04-07 19:53:58,784 autoreload Watching for file changes with StatReloader
INFO 2025-04-07 19:54:23,111 autoreload Watching for file changes with StatReloader
INFO 2025-04-07 19:55:26,926 autoreload /Users/navidrahimi/ytanalytics/dashboard/youtube_analytics.py changed, reloading.
INFO 2025-04-07 19:55:27,435 autoreload Watching for file changes with StatReloader
INFO 2025-04-07 19:55:40,926 autoreload Watching for file changes with StatReloader
INFO 2025-04-07 19:55:43,019 youtube_analytics Access token available: True
INFO 2025-04-07 19:55:43,019 youtube_analytics Refresh token available: True
INFO 2025-04-07 19:55:43,019 youtube_analytics Client ID available: False
INFO 2025-04-07 19:55:43,019 youtube_analytics Client secret available: False
INFO 2025-04-07 19:55:43,568 youtube_analytics Found channel 'ikyy' for user dasoccer
ERROR 2025-04-07 19:55:44,635 views Error in dashboard view for user dasoccer: Unsupported lookup 'link_from_user' for OneToOneField or join on the field not permitted.
INFO 2025-04-07 19:55:44,673 basehttp "GET /dashboard/ HTTP/1.1" 200 29361
INFO 2025-04-07 19:55:47,340 basehttp "GET /home/ HTTP/1.1" 200 19906
INFO 2025-04-07 19:55:49,213 youtube_analytics Access token available: True
INFO 2025-04-07 19:55:49,213 youtube_analytics Refresh token available: True
INFO 2025-04-07 19:55:49,214 youtube_analytics Client ID available: False
INFO 2025-04-07 19:55:49,214 youtube_analytics Client secret available: False
INFO 2025-04-07 19:55:49,332 youtube_analytics Found channel 'ikyy' for user dasoccer
INFO 2025-04-07 19:55:49,813 basehttp "GET /dashboard/statistics/ HTTP/1.1" 200 44325
INFO 2025-04-07 19:55:51,165 basehttp "GET /network/ HTTP/1.1" 200 21471
INFO 2025-04-07 19:55:57,535 basehttp "GET /youtube/search/ HTTP/1.1" 200 26127
INFO 2025-04-07 19:56:00,232 youtube_analytics Access token available: True
INFO 2025-04-07 19:56:00,232 youtube_analytics Refresh token available: True
INFO 2025-04-07 19:56:00,232 youtube_analytics Client ID available: False
INFO 2025-04-07 19:56:00,232 youtube_analytics Client secret available: False
INFO 2025-04-07 19:56:00,363 youtube_analytics Found channel 'ikyy' for user dasoccer
INFO 2025-04-07 19:56:00,858 basehttp "GET /dashboard/statistics/ HTTP/1.1" 200 44325
INFO 2025-04-07 19:56:03,604 views Edit profile accessed by user: dasoccer
INFO 2025-04-07 19:56:03,606 views Loading profile form via AJAX for user: dasoccer
DEBUG 2025-04-07 19:56:03,609 views Submit button in HTML: False
INFO 2025-04-07 19:56:03,609 basehttp "GET /edit-profile/?ajax=1 HTTP/1.1" 200 9068
INFO 2025-04-07 19:56:09,674 youtube_analytics Access token available: True
INFO 2025-04-07 19:56:09,675 youtube_analytics Refresh token available: True
INFO 2025-04-07 19:56:09,675 youtube_analytics Client ID available: False
INFO 2025-04-07 19:56:09,675 youtube_analytics Client secret available: False
INFO 2025-04-07 19:56:09,826 youtube_analytics Found channel 'ikyy' for user dasoccer
ERROR 2025-04-07 19:56:10,662 views Error in dashboard view for user dasoccer: Unsupported lookup 'link_from_user' for OneToOneField or join on the field not permitted.
INFO 2025-04-07 19:56:10,665 basehttp "GET /dashboard/ HTTP/1.1" 200 29361
INFO 2025-04-07 19:56:54,718 youtube_analytics Access token available: True
INFO 2025-04-07 19:56:54,778 youtube_analytics Refresh token available: True
INFO 2025-04-07 19:56:54,778 youtube_analytics Client ID available: False
INFO 2025-04-07 19:56:54,778 youtube_analytics Client secret available: False
INFO 2025-04-07 19:56:57,718 youtube_analytics Found channel 'ikyy' for user dasoccer
WARNING 2025-04-07 19:56:58,080 youtube_analytics Could not fetch additional metrics, using basic metrics only
INFO 2025-04-07 19:56:58,294 basehttp "GET /dashboard/statistics/ HTTP/1.1" 200 44320
INFO 2025-04-07 19:58:09,029 youtube_analytics Access token available: True
INFO 2025-04-07 19:58:09,034 youtube_analytics Refresh token available: True
INFO 2025-04-07 19:58:09,035 youtube_analytics Client ID available: False
INFO 2025-04-07 19:58:09,035 youtube_analytics Client secret available: False
INFO 2025-04-07 19:58:09,318 youtube_analytics Found channel 'ikyy' for user dasoccer
ERROR 2025-04-07 19:58:11,630 views Error in dashboard view for user dasoccer: Unsupported lookup 'link_from_user' for OneToOneField or join on the field not permitted.
INFO 2025-04-07 19:58:11,684 basehttp "GET /dashboard/ HTTP/1.1" 200 29361
INFO 2025-04-07 20:00:11,568 autoreload /Users/navidrahimi/ytanalytics/dashboard/views.py changed, reloading.
INFO 2025-04-07 20:00:14,389 autoreload Watching for file changes with StatReloader
INFO 2025-04-07 20:04:09,588 autoreload /Users/navidrahimi/ytanalytics/dashboard/youtube_analytics.py changed, reloading.
INFO 2025-04-07 20:04:10,523 autoreload Watching for file changes with StatReloader
INFO 2025-04-07 20:04:30,070 autoreload Watching for file changes with StatReloader
INFO 2025-04-07 20:04:37,516 youtube_analytics Access token available: True
INFO 2025-04-07 20:04:37,517 youtube_analytics Refresh token available: True
INFO 2025-04-07 20:04:37,518 youtube_analytics Client ID available: False
INFO 2025-04-07 20:04:37,518 youtube_analytics Client secret available: False
INFO 2025-04-07 20:04:37,787 youtube_analytics Found channel 'ikyy' for user dasoccer
ERROR 2025-04-07 20:04:38,783 views Error in dashboard view for user dasoccer: Unsupported lookup 'link_from_user' for OneToOneField or join on the field not permitted.
INFO 2025-04-07 20:04:38,862 basehttp "GET /dashboard/ HTTP/1.1" 200 29679
INFO 2025-04-07 20:04:41,947 youtube_analytics Access token available: True
INFO 2025-04-07 20:04:41,954 youtube_analytics Refresh token available: True
INFO 2025-04-07 20:04:41,954 youtube_analytics Client ID available: False
INFO 2025-04-07 20:04:41,954 youtube_analytics Client secret available: False
INFO 2025-04-07 20:04:42,145 youtube_analytics Found channel 'ikyy' for user dasoccer
INFO 2025-04-07 20:04:42,730 basehttp "GET /dashboard/statistics/ HTTP/1.1" 200 45785
WARNING 2025-04-07 20:04:45,842 log Not Found: /statistics/
WARNING 2025-04-07 20:04:45,852 basehttp "GET /statistics/?days=30 HTTP/1.1" 404 7763
INFO 2025-04-07 20:05:05,397 basehttp "GET /logout/ HTTP/1.1" 302 0
INFO 2025-04-07 20:05:05,520 basehttp "GET /home/ HTTP/1.1" 200 16645
INFO 2025-04-07 20:05:08,103 basehttp "GET /auth/login/google-oauth2/ HTTP/1.1" 302 0
INFO 2025-04-07 20:05:23,282 basehttp "GET /auth/complete/google-oauth2/?state=HPAlMw8baOMhCDJEW1lBPz2bbMgvg0JT&code=4/0Ab_5qlk89EifiuVttMqJ_sKNBPHC--X_4EDM29rIAUccbyTPRy-YqGAG3z70TPWhBRo9HA&scope=email%20profile%20openid%20https://www.googleapis.com/auth/youtube.readonly%20https://www.googleapis.com/auth/youtubepartner%20https://www.googleapis.com/auth/yt-analytics.readonly%20https://www.googleapis.com/auth/youtube%20https://www.googleapis.com/auth/userinfo.profile%20https://www.googleapis.com/auth/userinfo.email&authuser=0&prompt=consent HTTP/1.1" 302 0
INFO 2025-04-07 20:05:23,314 basehttp "GET /home/ HTTP/1.1" 200 20938
INFO 2025-04-07 20:05:28,703 youtube_analytics Access token available: True
INFO 2025-04-07 20:05:28,704 youtube_analytics Refresh token available: True
INFO 2025-04-07 20:05:28,704 youtube_analytics Client ID available: False
INFO 2025-04-07 20:05:28,704 youtube_analytics Client secret available: False
INFO 2025-04-07 20:05:28,870 youtube_analytics Found channel 'ikyy' for user dasoccer
ERROR 2025-04-07 20:05:29,720 views Error in dashboard view for user dasoccer: Unsupported lookup 'link_from_user' for OneToOneField or join on the field not permitted.
INFO 2025-04-07 20:05:29,723 basehttp "GET /dashboard/ HTTP/1.1" 200 29679
INFO 2025-04-07 20:05:31,592 youtube_analytics Access token available: True
INFO 2025-04-07 20:05:31,593 youtube_analytics Refresh token available: True
INFO 2025-04-07 20:05:31,593 youtube_analytics Client ID available: False
INFO 2025-04-07 20:05:31,593 youtube_analytics Client secret available: False
INFO 2025-04-07 20:05:31,757 youtube_analytics Found channel 'ikyy' for user dasoccer
INFO 2025-04-07 20:05:32,243 basehttp "GET /dashboard/statistics/ HTTP/1.1" 200 45785
WARNING 2025-04-07 20:05:33,035 log Not Found: /statistics/
WARNING 2025-04-07 20:05:33,036 basehttp "GET /statistics/?days=30 HTTP/1.1" 404 7763
INFO 2025-04-07 20:05:37,139 youtube_analytics Access token available: True
INFO 2025-04-07 20:05:37,140 youtube_analytics Refresh token available: True
INFO 2025-04-07 20:05:37,141 youtube_analytics Client ID available: False
INFO 2025-04-07 20:05:37,141 youtube_analytics Client secret available: False
INFO 2025-04-07 20:05:37,352 youtube_analytics Found channel 'ikyy' for user dasoccer
ERROR 2025-04-07 20:05:38,262 views Error in dashboard view for user dasoccer: Unsupported lookup 'link_from_user' for OneToOneField or join on the field not permitted.
INFO 2025-04-07 20:05:38,268 basehttp "GET /dashboard/ HTTP/1.1" 200 29679
INFO 2025-04-07 20:07:24,327 youtube_analytics Access token available: True
INFO 2025-04-07 20:07:24,331 youtube_analytics Refresh token available: True
INFO 2025-04-07 20:07:24,332 youtube_analytics Client ID available: False
INFO 2025-04-07 20:07:24,332 youtube_analytics Client secret available: False
INFO 2025-04-07 20:07:24,626 youtube_analytics Found channel 'ikyy' for user dasoccer
INFO 2025-04-07 20:07:25,163 basehttp "GET /dashboard/statistics/ HTTP/1.1" 200 45785
WARNING 2025-04-07 20:07:26,633 log Not Found: /statistics/
WARNING 2025-04-07 20:07:26,636 basehttp "GET /statistics/?days=30 HTTP/1.1" 404 7763
WARNING 2025-04-07 20:08:29,412 log Not Found: /statistics/
WARNING 2025-04-07 20:08:29,420 basehttp "GET /statistics/?days=all HTTP/1.1" 404 7764
INFO 2025-04-07 20:08:29,588 youtube_analytics Access token available: True
INFO 2025-04-07 20:08:29,598 youtube_analytics Refresh token available: True
INFO 2025-04-07 20:08:29,598 youtube_analytics Client ID available: False
INFO 2025-04-07 20:08:29,599 youtube_analytics Client secret available: False
INFO 2025-04-07 20:08:29,901 youtube_analytics Found channel 'ikyy' for user dasoccer
INFO 2025-04-07 20:08:30,433 basehttp "GET /dashboard/statistics/ HTTP/1.1" 200 45785
WARNING 2025-04-07 20:08:33,037 log Not Found: /statistics/
WARNING 2025-04-07 20:08:33,073 basehttp "GET /statistics/?days=30 HTTP/1.1" 404 7763
INFO 2025-04-07 20:12:34,559 autoreload /Users/navidrahimi/ytanalytics/dashboard/youtube_analytics.py changed, reloading.
INFO 2025-04-07 20:12:37,569 autoreload Watching for file changes with StatReloader
INFO 2025-04-07 20:16:36,878 autoreload /Users/navidrahimi/ytanalytics/dashboard/views.py changed, reloading.
INFO 2025-04-07 20:16:38,129 autoreload Watching for file changes with StatReloader
INFO 2025-04-07 20:17:05,055 autoreload /Users/navidrahimi/ytanalytics/dashboard/views.py changed, reloading.
INFO 2025-04-07 20:17:09,424 autoreload Watching for file changes with StatReloader
INFO 2025-04-07 20:19:54,473 autoreload Watching for file changes with StatReloader
INFO 2025-04-07 20:20:05,040 youtube_analytics Access token available: True
INFO 2025-04-07 20:20:05,041 youtube_analytics Refresh token available: True
INFO 2025-04-07 20:20:05,041 youtube_analytics Client ID available: False
INFO 2025-04-07 20:20:05,041 youtube_analytics Client secret available: False
INFO 2025-04-07 20:20:05,326 youtube_analytics Found channel 'ikyy' for user dasoccer
INFO 2025-04-07 20:20:05,963 basehttp "GET /dashboard/statistics/ HTTP/1.1" 200 45881
WARNING 2025-04-07 20:20:08,207 log Not Found: /api/statistics/
WARNING 2025-04-07 20:20:08,208 basehttp "GET /api/statistics/?days=30 HTTP/1.1" 404 7775
INFO 2025-04-07 20:20:09,376 youtube_analytics Access token available: True
INFO 2025-04-07 20:20:09,377 youtube_analytics Refresh token available: True
INFO 2025-04-07 20:20:09,377 youtube_analytics Client ID available: False
INFO 2025-04-07 20:20:09,377 youtube_analytics Client secret available: False
INFO 2025-04-07 20:20:09,525 youtube_analytics Found channel 'ikyy' for user dasoccer
ERROR 2025-04-07 20:20:10,460 views Error in dashboard view for user dasoccer: Unsupported lookup 'link_from_user' for OneToOneField or join on the field not permitted.
INFO 2025-04-07 20:20:10,476 basehttp "GET /dashboard/ HTTP/1.1" 200 25457
INFO 2025-04-07 20:20:40,258 youtube_analytics Access token available: True
INFO 2025-04-07 20:20:40,259 youtube_analytics Refresh token available: True
INFO 2025-04-07 20:20:40,260 youtube_analytics Client ID available: False
INFO 2025-04-07 20:20:40,260 youtube_analytics Client secret available: False
INFO 2025-04-07 20:20:40,477 youtube_analytics Found channel 'ikyy' for user dasoccer
ERROR 2025-04-07 20:20:43,090 views Error in dashboard view for user dasoccer: Unsupported lookup 'link_from_user' for OneToOneField or join on the field not permitted.
INFO 2025-04-07 20:20:43,125 basehttp "GET /dashboard/ HTTP/1.1" 200 25457
INFO 2025-04-07 20:20:44,546 youtube_analytics Access token available: True
INFO 2025-04-07 20:20:44,548 youtube_analytics Refresh token available: True
INFO 2025-04-07 20:20:44,549 youtube_analytics Client ID available: False
INFO 2025-04-07 20:20:44,550 youtube_analytics Client secret available: False
INFO 2025-04-07 20:20:44,714 youtube_analytics Found channel 'ikyy' for user dasoccer
INFO 2025-04-07 20:20:45,224 basehttp "GET /dashboard/statistics/ HTTP/1.1" 200 45881
WARNING 2025-04-07 20:20:45,817 log Not Found: /api/statistics/
WARNING 2025-04-07 20:20:45,820 basehttp "GET /api/statistics/?days=30 HTTP/1.1" 404 7775
INFO 2025-04-07 20:21:23,149 autoreload /Users/navidrahimi/ytanalytics/dashboard/views.py changed, reloading.
INFO 2025-04-07 20:21:28,762 autoreload Watching for file changes with StatReloader
INFO 2025-04-07 20:22:02,875 autoreload /Users/navidrahimi/ytanalytics/dashboard/youtube_analytics.py changed, reloading.
INFO 2025-04-07 20:22:07,649 autoreload Watching for file changes with StatReloader
INFO 2025-04-07 20:22:24,066 autoreload /Users/navidrahimi/ytanalytics/dashboard/youtube_analytics.py changed, reloading.
INFO 2025-04-07 20:22:27,982 autoreload Watching for file changes with StatReloader
INFO 2025-04-07 20:22:52,327 autoreload /Users/navidrahimi/ytanalytics/dashboard/youtube_analytics.py changed, reloading.
INFO 2025-04-07 20:22:55,243 autoreload Watching for file changes with StatReloader
INFO 2025-04-07 20:34:03,445 autoreload Watching for file changes with StatReloader
INFO 2025-04-07 20:34:07,365 youtube_analytics Access token available: True
INFO 2025-04-07 20:34:07,366 youtube_analytics Refresh token available: True
INFO 2025-04-07 20:34:07,366 youtube_analytics Client ID available: False
INFO 2025-04-07 20:34:07,366 youtube_analytics Client secret available: False
INFO 2025-04-07 20:34:07,916 youtube_analytics Found channel 'ikyy' for user dasoccer
ERROR 2025-04-07 20:34:10,360 log Internal Server Error: /dashboard/statistics/
Traceback (most recent call last):
  File "/Users/navidrahimi/ytanalytics/ytanalytics/.venv/lib/python3.12/site-packages/django/core/handlers/exception.py", line 55, in inner
    response = get_response(request)
               ^^^^^^^^^^^^^^^^^^^^^
  File "/Users/navidrahimi/ytanalytics/ytanalytics/.venv/lib/python3.12/site-packages/django/core/handlers/base.py", line 197, in _get_response
    response = wrapped_callback(request, *callback_args, **callback_kwargs)
               ^^^^^^^^^^^^^^^^^^^^^^^^^^^^^^^^^^^^^^^^^^^^^^^^^^^^^^^^^^^^
  File "/Users/navidrahimi/ytanalytics/ytanalytics/.venv/lib/python3.12/site-packages/django/contrib/auth/decorators.py", line 60, in _view_wrapper
    return view_func(request, *args, **kwargs)
           ^^^^^^^^^^^^^^^^^^^^^^^^^^^^^^^^^^^
  File "/Users/navidrahimi/ytanalytics/ytanalytics/.venv/lib/python3.12/site-packages/django/contrib/auth/decorators.py", line 60, in _view_wrapper
    return view_func(request, *args, **kwargs)
           ^^^^^^^^^^^^^^^^^^^^^^^^^^^^^^^^^^^
  File "/Users/navidrahimi/ytanalytics/dashboard/views.py", line 320, in statistics_view
    return render(request, 'auth/statistics.html', context)
           ^^^^^^^^^^^^^^^^^^^^^^^^^^^^^^^^^^^^^^^^^^^^^^^^
  File "/Users/navidrahimi/ytanalytics/ytanalytics/.venv/lib/python3.12/site-packages/django/shortcuts.py", line 25, in render
    content = loader.render_to_string(template_name, context, request, using=using)
              ^^^^^^^^^^^^^^^^^^^^^^^^^^^^^^^^^^^^^^^^^^^^^^^^^^^^^^^^^^^^^^^^^^^^^
  File "/Users/navidrahimi/ytanalytics/ytanalytics/.venv/lib/python3.12/site-packages/django/template/loader.py", line 61, in render_to_string
    template = get_template(template_name, using=using)
               ^^^^^^^^^^^^^^^^^^^^^^^^^^^^^^^^^^^^^^^^
  File "/Users/navidrahimi/ytanalytics/ytanalytics/.venv/lib/python3.12/site-packages/django/template/loader.py", line 15, in get_template
    return engine.get_template(template_name)
           ^^^^^^^^^^^^^^^^^^^^^^^^^^^^^^^^^^
  File "/Users/navidrahimi/ytanalytics/ytanalytics/.venv/lib/python3.12/site-packages/django/template/backends/django.py", line 79, in get_template
    return Template(self.engine.get_template(template_name), self)
                    ^^^^^^^^^^^^^^^^^^^^^^^^^^^^^^^^^^^^^^^
  File "/Users/navidrahimi/ytanalytics/ytanalytics/.venv/lib/python3.12/site-packages/django/template/engine.py", line 177, in get_template
    template, origin = self.find_template(template_name)
                       ^^^^^^^^^^^^^^^^^^^^^^^^^^^^^^^^^
  File "/Users/navidrahimi/ytanalytics/ytanalytics/.venv/lib/python3.12/site-packages/django/template/engine.py", line 159, in find_template
    template = loader.get_template(name, skip=skip)
               ^^^^^^^^^^^^^^^^^^^^^^^^^^^^^^^^^^^^
  File "/Users/navidrahimi/ytanalytics/ytanalytics/.venv/lib/python3.12/site-packages/django/template/loaders/cached.py", line 57, in get_template
    template = super().get_template(template_name, skip)
               ^^^^^^^^^^^^^^^^^^^^^^^^^^^^^^^^^^^^^^^^^
  File "/Users/navidrahimi/ytanalytics/ytanalytics/.venv/lib/python3.12/site-packages/django/template/loaders/base.py", line 28, in get_template
    return Template(
           ^^^^^^^^^
  File "/Users/navidrahimi/ytanalytics/ytanalytics/.venv/lib/python3.12/site-packages/django/template/base.py", line 154, in __init__
    self.nodelist = self.compile_nodelist()
                    ^^^^^^^^^^^^^^^^^^^^^^^
  File "/Users/navidrahimi/ytanalytics/ytanalytics/.venv/lib/python3.12/site-packages/django/template/base.py", line 196, in compile_nodelist
    nodelist = parser.parse()
               ^^^^^^^^^^^^^^
  File "/Users/navidrahimi/ytanalytics/ytanalytics/.venv/lib/python3.12/site-packages/django/template/base.py", line 518, in parse
    raise self.error(token, e)
  File "/Users/navidrahimi/ytanalytics/ytanalytics/.venv/lib/python3.12/site-packages/django/template/base.py", line 516, in parse
    compiled_result = compile_func(self, token)
                      ^^^^^^^^^^^^^^^^^^^^^^^^^
  File "/Users/navidrahimi/ytanalytics/ytanalytics/.venv/lib/python3.12/site-packages/django/template/loader_tags.py", line 295, in do_extends
    nodelist = parser.parse()
               ^^^^^^^^^^^^^^
  File "/Users/navidrahimi/ytanalytics/ytanalytics/.venv/lib/python3.12/site-packages/django/template/base.py", line 518, in parse
    raise self.error(token, e)
  File "/Users/navidrahimi/ytanalytics/ytanalytics/.venv/lib/python3.12/site-packages/django/template/base.py", line 516, in parse
    compiled_result = compile_func(self, token)
                      ^^^^^^^^^^^^^^^^^^^^^^^^^
  File "/Users/navidrahimi/ytanalytics/ytanalytics/.venv/lib/python3.12/site-packages/django/template/loader_tags.py", line 234, in do_block
    nodelist = parser.parse(("endblock",))
               ^^^^^^^^^^^^^^^^^^^^^^^^^^^
  File "/Users/navidrahimi/ytanalytics/ytanalytics/.venv/lib/python3.12/site-packages/django/template/base.py", line 523, in parse
    self.unclosed_block_tag(parse_until)
  File "/Users/navidrahimi/ytanalytics/ytanalytics/.venv/lib/python3.12/site-packages/django/template/base.py", line 586, in unclosed_block_tag
    raise self.error(token, msg)
django.template.exceptions.TemplateSyntaxError: Unclosed tag on line 6: 'block'. Looking for one of: endblock.
ERROR 2025-04-07 20:34:10,457 basehttp "GET /dashboard/statistics/ HTTP/1.1" 500 195585
INFO 2025-04-07 20:37:59,418 autoreload /Users/navidrahimi/ytanalytics/dashboard/youtube_analytics.py changed, reloading.
INFO 2025-04-07 20:38:00,031 autoreload Watching for file changes with StatReloader
INFO 2025-04-07 20:43:48,849 autoreload /Users/navidrahimi/ytanalytics/dashboard/youtube_analytics.py changed, reloading.
INFO 2025-04-07 20:43:49,514 autoreload Watching for file changes with StatReloader
INFO 2025-04-07 20:44:47,075 youtube_analytics Access token available: True
INFO 2025-04-07 20:44:47,077 youtube_analytics Refresh token available: True
INFO 2025-04-07 20:44:47,078 youtube_analytics Client ID available: False
INFO 2025-04-07 20:44:47,078 youtube_analytics Client secret available: False
INFO 2025-04-07 20:44:47,556 youtube_analytics Found channel 'ikyy' for user dasoccer
INFO 2025-04-07 20:44:49,768 basehttp "GET /dashboard/statistics/ HTTP/1.1" 200 48247
WARNING 2025-04-07 20:44:51,923 log Not Found: /statistics/
WARNING 2025-04-07 20:44:51,991 basehttp "GET /statistics/?days=30 HTTP/1.1" 404 7763
WARNING 2025-04-07 20:44:52,075 log Not Found: /statistics/
WARNING 2025-04-07 20:44:52,090 basehttp "GET /statistics/?days=30 HTTP/1.1" 404 7763
INFO 2025-04-07 20:45:01,344 youtube_analytics Access token available: True
INFO 2025-04-07 20:45:01,345 youtube_analytics Refresh token available: True
INFO 2025-04-07 20:45:01,345 youtube_analytics Client ID available: False
INFO 2025-04-07 20:45:01,345 youtube_analytics Client secret available: False
INFO 2025-04-07 20:45:01,637 youtube_analytics Found channel 'ikyy' for user dasoccer
ERROR 2025-04-07 20:45:02,542 views Error in dashboard view for user dasoccer: Unsupported lookup 'link_from_user' for OneToOneField or join on the field not permitted.
INFO 2025-04-07 20:45:02,553 basehttp "GET /dashboard/ HTTP/1.1" 200 32160
WARNING 2025-04-07 20:45:03,379 log Not Found: /statistics/
WARNING 2025-04-07 20:45:03,380 basehttp "GET /statistics/?days=30 HTTP/1.1" 404 7763
WARNING 2025-04-07 20:45:03,394 log Not Found: /statistics/
WARNING 2025-04-07 20:45:03,395 basehttp "GET /statistics/?days=30 HTTP/1.1" 404 7763
INFO 2025-04-07 20:45:09,332 basehttp "GET /home/ HTTP/1.1" 200 20938
INFO 2025-04-07 20:45:16,742 basehttp "GET /network/ HTTP/1.1" 200 21789
INFO 2025-04-07 20:45:22,929 youtube_analytics Access token available: True
INFO 2025-04-07 20:45:22,929 youtube_analytics Refresh token available: True
INFO 2025-04-07 20:45:22,930 youtube_analytics Client ID available: False
INFO 2025-04-07 20:45:22,930 youtube_analytics Client secret available: False
INFO 2025-04-07 20:45:23,073 youtube_analytics Found channel 'ikyy' for user dasoccer
INFO 2025-04-07 20:45:23,559 basehttp "GET /dashboard/statistics/ HTTP/1.1" 200 48247
WARNING 2025-04-07 20:45:24,246 log Not Found: /statistics/
WARNING 2025-04-07 20:45:24,254 basehttp "GET /statistics/?days=30 HTTP/1.1" 404 7763
WARNING 2025-04-07 20:45:24,282 log Not Found: /statistics/
WARNING 2025-04-07 20:45:24,299 basehttp "GET /statistics/?days=30 HTTP/1.1" 404 7763
WARNING 2025-04-07 20:45:27,318 log Not Found: /statistics/
WARNING 2025-04-07 20:45:27,319 basehttp "GET /statistics/?days=60 HTTP/1.1" 404 7763
WARNING 2025-04-07 20:45:27,326 log Not Found: /statistics/
WARNING 2025-04-07 20:45:27,326 basehttp "GET /statistics/?days=60 HTTP/1.1" 404 7763
WARNING 2025-04-07 20:45:31,492 log Not Found: /statistics/
WARNING 2025-04-07 20:45:31,492 basehttp "GET /statistics/?days=365 HTTP/1.1" 404 7764
WARNING 2025-04-07 20:45:31,498 log Not Found: /statistics/
WARNING 2025-04-07 20:45:31,502 basehttp "GET /statistics/?days=365 HTTP/1.1" 404 7764
INFO 2025-04-07 20:45:34,421 basehttp "GET /network/ HTTP/1.1" 200 21789
INFO 2025-04-07 20:45:35,940 basehttp "GET /youtube/search/ HTTP/1.1" 200 27159
INFO 2025-04-07 20:45:42,206 basehttp "GET /youtube/search/?q=minemanner HTTP/1.1" 200 32432
INFO 2025-04-07 20:45:44,157 basehttp "GET /youtube/channel/UCgQXbj3iApqWW8u367ggVkA/ HTTP/1.1" 200 56925
WARNING 2025-04-07 20:45:44,427 log Not Found: /api/channel/UCgQXbj3iApqWW8u367ggVkA/stats/
WARNING 2025-04-07 20:45:44,427 basehttp "GET /api/channel/UCgQXbj3iApqWW8u367ggVkA/stats/?range=1month&metric=subscribers HTTP/1.1" 404 7887
WARNING 2025-04-07 20:46:08,043 log Not Found: /api/channel/UCgQXbj3iApqWW8u367ggVkA/stats/
WARNING 2025-04-07 20:46:08,044 basehttp "GET /api/channel/UCgQXbj3iApqWW8u367ggVkA/stats/?range=1day&metric=subscribers HTTP/1.1" 404 7885
INFO 2025-04-07 20:48:22,298 basehttp "GET /youtube/channel/UCgQXbj3iApqWW8u367ggVkA/ HTTP/1.1" 200 56925
WARNING 2025-04-07 20:48:23,247 log Not Found: /api/channel/UCgQXbj3iApqWW8u367ggVkA/stats/
WARNING 2025-04-07 20:48:23,248 basehttp "GET /api/channel/UCgQXbj3iApqWW8u367ggVkA/stats/?range=1month&metric=subscribers HTTP/1.1" 404 7887
WARNING 2025-04-07 20:48:26,311 log Not Found: /api/channel/UCgQXbj3iApqWW8u367ggVkA/stats/
WARNING 2025-04-07 20:48:26,313 basehttp "GET /api/channel/UCgQXbj3iApqWW8u367ggVkA/stats/?range=1day&metric=subscribers HTTP/1.1" 404 7885
INFO 2025-04-07 20:48:33,164 basehttp "GET /youtube/search/ HTTP/1.1" 200 27159
INFO 2025-04-07 20:48:36,629 basehttp "GET /youtube/search/?q=mrbeast HTTP/1.1" 200 32688
INFO 2025-04-07 20:48:38,720 basehttp "GET /youtube/channel/UCX6OQ3DkcsbYNE6H8uQQuVA/ HTTP/1.1" 200 58219
WARNING 2025-04-07 20:48:39,729 log Not Found: /api/channel/UCX6OQ3DkcsbYNE6H8uQQuVA/stats/
WARNING 2025-04-07 20:48:39,730 basehttp "GET /api/channel/UCX6OQ3DkcsbYNE6H8uQQuVA/stats/?range=1month&metric=subscribers HTTP/1.1" 404 7887
WARNING 2025-04-07 20:48:44,826 log Not Found: /api/channel/UCX6OQ3DkcsbYNE6H8uQQuVA/stats/
WARNING 2025-04-07 20:48:44,827 basehttp "GET /api/channel/UCX6OQ3DkcsbYNE6H8uQQuVA/stats/?range=1day&metric=subscribers HTTP/1.1" 404 7885
INFO 2025-04-07 20:49:20,463 youtube_analytics Access token available: True
INFO 2025-04-07 20:49:20,463 youtube_analytics Refresh token available: True
INFO 2025-04-07 20:49:20,464 youtube_analytics Client ID available: False
INFO 2025-04-07 20:49:20,464 youtube_analytics Client secret available: False
INFO 2025-04-07 20:49:20,756 youtube_analytics Found channel 'ikyy' for user dasoccer
ERROR 2025-04-07 20:49:21,939 views Error in dashboard view for user dasoccer: Unsupported lookup 'link_from_user' for OneToOneField or join on the field not permitted.
INFO 2025-04-07 20:49:21,989 basehttp "GET /dashboard/ HTTP/1.1" 200 32160
WARNING 2025-04-07 20:49:24,138 log Not Found: /statistics/
WARNING 2025-04-07 20:49:24,140 basehttp "GET /statistics/?days=30 HTTP/1.1" 404 7763
WARNING 2025-04-07 20:49:24,227 log Not Found: /statistics/
WARNING 2025-04-07 20:49:24,231 basehttp "GET /statistics/?days=30 HTTP/1.1" 404 7763
INFO 2025-04-07 20:49:28,364 youtube_analytics Access token available: True
INFO 2025-04-07 20:49:28,365 youtube_analytics Refresh token available: True
INFO 2025-04-07 20:49:28,365 youtube_analytics Client ID available: False
INFO 2025-04-07 20:49:28,365 youtube_analytics Client secret available: False
INFO 2025-04-07 20:49:28,658 youtube_analytics Found channel 'ikyy' for user dasoccer
ERROR 2025-04-07 20:49:29,510 views Error in dashboard view for user dasoccer: Unsupported lookup 'link_from_user' for OneToOneField or join on the field not permitted.
INFO 2025-04-07 20:49:29,514 basehttp "GET /dashboard/ HTTP/1.1" 200 32160
WARNING 2025-04-07 20:49:30,971 log Not Found: /statistics/
WARNING 2025-04-07 20:49:30,971 basehttp "GET /statistics/?days=30 HTTP/1.1" 404 7763
WARNING 2025-04-07 20:49:30,979 log Not Found: /statistics/
WARNING 2025-04-07 20:49:30,980 basehttp "GET /statistics/?days=30 HTTP/1.1" 404 7763
INFO 2025-04-07 20:49:39,335 youtube_analytics Access token available: True
INFO 2025-04-07 20:49:39,338 youtube_analytics Refresh token available: True
INFO 2025-04-07 20:49:39,340 youtube_analytics Client ID available: False
INFO 2025-04-07 20:49:39,343 youtube_analytics Client secret available: False
INFO 2025-04-07 20:49:39,807 youtube_analytics Found channel 'ikyy' for user dasoccer
INFO 2025-04-07 20:49:40,291 basehttp "GET /dashboard/statistics/ HTTP/1.1" 200 48247
WARNING 2025-04-07 20:49:41,084 log Not Found: /statistics/
WARNING 2025-04-07 20:49:41,086 basehttp "GET /statistics/?days=30 HTTP/1.1" 404 7763
WARNING 2025-04-07 20:49:41,115 log Not Found: /statistics/
WARNING 2025-04-07 20:49:41,121 basehttp "GET /statistics/?days=30 HTTP/1.1" 404 7763
INFO 2025-04-07 20:53:30,447 youtube_analytics Access token available: True
INFO 2025-04-07 20:53:30,449 youtube_analytics Refresh token available: True
INFO 2025-04-07 20:53:30,450 youtube_analytics Client ID available: False
INFO 2025-04-07 20:53:30,450 youtube_analytics Client secret available: False
INFO 2025-04-07 20:53:30,780 youtube_analytics Found channel 'ikyy' for user dasoccer
ERROR 2025-04-07 20:53:33,639 views Error in dashboard view for user dasoccer: Unsupported lookup 'link_from_user' for OneToOneField or join on the field not permitted.
INFO 2025-04-07 20:53:33,836 basehttp "GET /dashboard/ HTTP/1.1" 200 32160
WARNING 2025-04-07 20:53:35,976 log Not Found: /statistics/
WARNING 2025-04-07 20:53:35,987 basehttp "GET /statistics/?days=30 HTTP/1.1" 404 7763
WARNING 2025-04-07 20:53:36,078 log Not Found: /statistics/
WARNING 2025-04-07 20:53:36,095 basehttp "GET /statistics/?days=30 HTTP/1.1" 404 7763
INFO 2025-04-07 20:55:15,152 autoreload /Users/navidrahimi/ytanalytics/dashboard/youtube_analytics.py changed, reloading.
INFO 2025-04-07 20:55:20,986 autoreload Watching for file changes with StatReloader
INFO 2025-04-07 20:58:18,684 autoreload Watching for file changes with StatReloader
INFO 2025-04-07 20:58:32,883 autoreload Watching for file changes with StatReloader
INFO 2025-04-07 20:59:07,951 autoreload Watching for file changes with StatReloader
INFO 2025-04-07 20:59:15,627 youtube_analytics Getting YouTube analytics for user: dasoccer, days: 30
INFO 2025-04-07 20:59:15,646 youtube_analytics Access token available: True
INFO 2025-04-07 20:59:15,651 youtube_analytics Refresh token available: True
INFO 2025-04-07 20:59:15,651 youtube_analytics Client ID available: False
INFO 2025-04-07 20:59:15,651 youtube_analytics Client secret available: False
ERROR 2025-04-07 20:59:15,653 youtube_analytics Missing required token data for user dasoccer
ERROR 2025-04-07 20:59:16,337 views Error in dashboard view for user dasoccer: Unsupported lookup 'link_from_user' for OneToOneField or join on the field not permitted.
INFO 2025-04-07 20:59:16,456 basehttp "GET /dashboard/ HTTP/1.1" 200 32160
WARNING 2025-04-07 20:59:18,508 log Not Found: /statistics/
WARNING 2025-04-07 20:59:18,511 basehttp "GET /statistics/?days=30 HTTP/1.1" 404 7763
WARNING 2025-04-07 20:59:18,627 log Not Found: /statistics/
WARNING 2025-04-07 20:59:18,627 basehttp "GET /statistics/?days=30 HTTP/1.1" 404 7763
WARNING 2025-04-07 20:59:25,174 log Not Found: /statistics/
WARNING 2025-04-07 20:59:25,175 basehttp "GET /statistics/?days=1 HTTP/1.1" 404 7762
WARNING 2025-04-07 20:59:25,187 log Not Found: /statistics/
WARNING 2025-04-07 20:59:25,195 basehttp "GET /statistics/?days=1 HTTP/1.1" 404 7762
INFO 2025-04-07 20:59:28,377 youtube_analytics Getting YouTube analytics for user: dasoccer, days: 30
INFO 2025-04-07 20:59:28,412 youtube_analytics Access token available: True
INFO 2025-04-07 20:59:28,423 youtube_analytics Refresh token available: True
INFO 2025-04-07 20:59:28,423 youtube_analytics Client ID available: False
INFO 2025-04-07 20:59:28,423 youtube_analytics Client secret available: False
ERROR 2025-04-07 20:59:28,424 youtube_analytics Missing required token data for user dasoccer
INFO 2025-04-07 20:59:28,568 basehttp "GET /dashboard/statistics/ HTTP/1.1" 200 49121
WARNING 2025-04-07 20:59:29,466 log Not Found: /api/statistics/
WARNING 2025-04-07 20:59:29,466 basehttp "GET /api/statistics/?days=30 HTTP/1.1" 404 7775
WARNING 2025-04-07 20:59:29,488 log Not Found: /api/statistics/
WARNING 2025-04-07 20:59:29,512 basehttp "GET /api/statistics/?days=30 HTTP/1.1" 404 7775
INFO 2025-04-07 20:59:33,624 youtube_analytics Getting YouTube analytics for user: dasoccer, days: 30
INFO 2025-04-07 20:59:33,640 youtube_analytics Access token available: True
INFO 2025-04-07 20:59:33,659 youtube_analytics Refresh token available: True
INFO 2025-04-07 20:59:33,660 youtube_analytics Client ID available: False
INFO 2025-04-07 20:59:33,660 youtube_analytics Client secret available: False
ERROR 2025-04-07 20:59:33,660 youtube_analytics Missing required token data for user dasoccer
INFO 2025-04-07 20:59:33,695 basehttp "GET /dashboard/statistics/ HTTP/1.1" 200 49121
WARNING 2025-04-07 20:59:34,734 log Not Found: /api/statistics/
WARNING 2025-04-07 20:59:34,738 basehttp "GET /api/statistics/?days=30 HTTP/1.1" 404 7775
WARNING 2025-04-07 20:59:34,755 log Not Found: /api/statistics/
WARNING 2025-04-07 20:59:34,760 basehttp "GET /api/statistics/?days=30 HTTP/1.1" 404 7775
INFO 2025-04-07 20:59:37,300 youtube_analytics Getting YouTube analytics for user: dasoccer, days: 30
INFO 2025-04-07 20:59:37,303 youtube_analytics Access token available: True
INFO 2025-04-07 20:59:37,303 youtube_analytics Refresh token available: True
INFO 2025-04-07 20:59:37,303 youtube_analytics Client ID available: False
INFO 2025-04-07 20:59:37,303 youtube_analytics Client secret available: False
ERROR 2025-04-07 20:59:37,303 youtube_analytics Missing required token data for user dasoccer
INFO 2025-04-07 20:59:37,307 basehttp "GET /dashboard/statistics/ HTTP/1.1" 200 49121
WARNING 2025-04-07 20:59:38,003 log Not Found: /api/statistics/
WARNING 2025-04-07 20:59:38,019 basehttp "GET /api/statistics/?days=30 HTTP/1.1" 404 7775
WARNING 2025-04-07 20:59:38,062 log Not Found: /api/statistics/
WARNING 2025-04-07 20:59:38,071 basehttp "GET /api/statistics/?days=30 HTTP/1.1" 404 7775
INFO 2025-04-07 21:06:38,439 autoreload /Users/navidrahimi/ytanalytics/dashboard/youtube_analytics.py changed, reloading.
INFO 2025-04-07 21:06:39,159 autoreload Watching for file changes with StatReloader
INFO 2025-04-07 21:07:59,630 autoreload /Users/navidrahimi/ytanalytics/dashboard/views.py changed, reloading.
INFO 2025-04-07 21:08:00,192 autoreload Watching for file changes with StatReloader
INFO 2025-04-07 21:08:14,749 autoreload /Users/navidrahimi/ytanalytics/dashboard/views.py changed, reloading.
INFO 2025-04-07 21:08:15,242 autoreload Watching for file changes with StatReloader
INFO 2025-04-07 21:08:18,562 autoreload /Users/navidrahimi/ytanalytics/dashboard/views.py changed, reloading.
INFO 2025-04-07 21:08:18,931 autoreload Watching for file changes with StatReloader
INFO 2025-04-07 21:10:45,255 autoreload /Users/navidrahimi/ytanalytics/dashboard/youtube_analytics.py changed, reloading.
INFO 2025-04-07 21:10:45,804 autoreload Watching for file changes with StatReloader
INFO 2025-04-07 21:10:51,483 autoreload Watching for file changes with StatReloader
INFO 2025-04-07 21:11:01,036 basehttp "GET /network/ HTTP/1.1" 200 21711
WARNING 2025-04-07 21:11:03,184 views User navid accessed dashboard without connecting YouTube channel
INFO 2025-04-07 21:11:03,196 basehttp "GET /dashboard/ HTTP/1.1" 200 29769
INFO 2025-04-07 21:11:07,171 youtube_analytics Getting YouTube analytics for user: navid, days: 30
INFO 2025-04-07 21:11:07,178 youtube_analytics User's stored channel ID: 
WARNING 2025-04-07 21:11:07,178 youtube_analytics No channel ID for user navid, using test channel temporarily
INFO 2025-04-07 21:11:07,183 youtube_analytics Temporarily set user's channel to test ID for testing
ERROR 2025-04-07 21:11:07,195 youtube_analytics Error getting social auth for user navid: UserSocialAuth matching query does not exist.
ERROR 2025-04-07 21:11:07,198 views Error checking analytics permission: UserSocialAuth matching query does not exist.
INFO 2025-04-07 21:11:07,216 basehttp "GET /dashboard/statistics/ HTTP/1.1" 200 55060
WARNING 2025-04-07 21:11:07,715 log Not Found: /api/statistics/
WARNING 2025-04-07 21:11:07,716 basehttp "GET /api/statistics/?days=30 HTTP/1.1" 404 7775
WARNING 2025-04-07 21:11:07,746 log Not Found: /api/statistics/
WARNING 2025-04-07 21:11:07,754 basehttp "GET /api/statistics/?days=30 HTTP/1.1" 404 7775
INFO 2025-04-07 21:11:15,999 youtube_analytics Getting YouTube analytics for user: dasoccer, days: 30
INFO 2025-04-07 21:11:16,101 youtube_analytics User's stored channel ID: UCsDQAU5nsydVnxJZkAVGHdQ
INFO 2025-04-07 21:11:16,115 youtube_analytics User dasoccer has these OAuth scopes: 
INFO 2025-04-07 21:11:16,115 youtube_analytics User has youtube.readonly scope: False
INFO 2025-04-07 21:11:16,120 youtube_analytics User has yt-analytics.readonly scope: False
WARNING 2025-04-07 21:11:16,122 youtube_analytics User dasoccer does not have analytics scope
INFO 2025-04-07 21:11:16,122 youtube_analytics Using mock data for user dasoccer due to missing analytics scope
INFO 2025-04-07 21:11:16,149 basehttp "GET /dashboard/statistics/ HTTP/1.1" 200 55119
WARNING 2025-04-07 21:11:18,350 log Not Found: /api/statistics/
WARNING 2025-04-07 21:11:18,366 basehttp "GET /api/statistics/?days=30 HTTP/1.1" 404 7775
WARNING 2025-04-07 21:11:18,712 log Not Found: /api/statistics/
WARNING 2025-04-07 21:11:18,713 basehttp "GET /api/statistics/?days=30 HTTP/1.1" 404 7775
INFO 2025-04-07 21:11:34,948 autoreload Watching for file changes with StatReloader
INFO 2025-04-07 21:11:45,290 basehttp "GET /home/ HTTP/1.1" 200 20938
INFO 2025-04-07 21:11:49,677 basehttp "GET /logout/ HTTP/1.1" 302 0
INFO 2025-04-07 21:11:49,801 basehttp "GET /home/ HTTP/1.1" 200 16645
INFO 2025-04-07 21:11:53,297 basehttp "GET /auth/login/google-oauth2/ HTTP/1.1" 302 0
INFO 2025-04-07 21:12:08,019 basehttp "GET /auth/complete/google-oauth2/?state=IDO8asdlegEiTc5JUzmcTxPhNI3A1Ioc&code=4/0Ab_5qlm2AXchToro95GymG2w0Tp9hhKG4fEbyHO2Nob0wYu9V1Lwsj2usOJti0bFiRmJKw&scope=email%20profile%20openid%20https://www.googleapis.com/auth/youtube.readonly%20https://www.googleapis.com/auth/youtubepartner%20https://www.googleapis.com/auth/yt-analytics.readonly%20https://www.googleapis.com/auth/youtube%20https://www.googleapis.com/auth/userinfo.profile%20https://www.googleapis.com/auth/userinfo.email&authuser=0&prompt=consent HTTP/1.1" 302 0
INFO 2025-04-07 21:12:08,029 basehttp "GET /home/ HTTP/1.1" 200 20938
INFO 2025-04-07 21:12:11,224 youtube_analytics Getting YouTube analytics for user: dasoccer, days: 30
INFO 2025-04-07 21:12:11,225 youtube_analytics User's stored channel ID: UCsDQAU5nsydVnxJZkAVGHdQ
INFO 2025-04-07 21:12:11,226 youtube_analytics User dasoccer has these OAuth scopes: 
INFO 2025-04-07 21:12:11,227 youtube_analytics User has youtube.readonly scope: False
INFO 2025-04-07 21:12:11,227 youtube_analytics User has yt-analytics.readonly scope: False
WARNING 2025-04-07 21:12:11,227 youtube_analytics User dasoccer does not have analytics scope
INFO 2025-04-07 21:12:11,227 youtube_analytics Using mock data for user dasoccer due to missing analytics scope
INFO 2025-04-07 21:12:11,230 basehttp "GET /dashboard/statistics/ HTTP/1.1" 200 55119
WARNING 2025-04-07 21:12:11,852 log Not Found: /api/statistics/
WARNING 2025-04-07 21:12:11,855 basehttp "GET /api/statistics/?days=30 HTTP/1.1" 404 7775
WARNING 2025-04-07 21:12:11,902 log Not Found: /api/statistics/
WARNING 2025-04-07 21:12:11,903 basehttp "GET /api/statistics/?days=30 HTTP/1.1" 404 7775
INFO 2025-04-07 21:12:14,946 basehttp "GET /home/ HTTP/1.1" 200 20938
INFO 2025-04-07 21:12:28,299 views Edit profile accessed by user: dasoccer
INFO 2025-04-07 21:12:28,301 views Loading profile form via AJAX for user: dasoccer
DEBUG 2025-04-07 21:12:28,305 views Submit button in HTML: False
INFO 2025-04-07 21:12:28,306 basehttp "GET /edit-profile/?ajax=1 HTTP/1.1" 200 9068
INFO 2025-04-07 21:12:35,082 youtube_analytics Getting YouTube analytics for user: dasoccer, days: 30
INFO 2025-04-07 21:12:35,083 youtube_analytics User's stored channel ID: UCsDQAU5nsydVnxJZkAVGHdQ
INFO 2025-04-07 21:12:35,085 youtube_analytics User dasoccer has these OAuth scopes: 
INFO 2025-04-07 21:12:35,086 youtube_analytics User has youtube.readonly scope: False
INFO 2025-04-07 21:12:35,086 youtube_analytics User has yt-analytics.readonly scope: False
WARNING 2025-04-07 21:12:35,086 youtube_analytics User dasoccer does not have analytics scope
INFO 2025-04-07 21:12:35,086 youtube_analytics Using mock data for user dasoccer due to missing analytics scope
ERROR 2025-04-07 21:12:35,600 views Error in dashboard view for user dasoccer: Unsupported lookup 'link_from_user' for OneToOneField or join on the field not permitted.
INFO 2025-04-07 21:12:35,705 basehttp "GET /dashboard/ HTTP/1.1" 200 35580
WARNING 2025-04-07 21:12:38,419 log Not Found: /statistics/
WARNING 2025-04-07 21:12:38,429 basehttp "GET /statistics/?days=30 HTTP/1.1" 404 7763
WARNING 2025-04-07 21:12:38,534 log Not Found: /statistics/
WARNING 2025-04-07 21:12:38,535 basehttp "GET /statistics/?days=30 HTTP/1.1" 404 7763
INFO 2025-04-07 21:12:39,889 youtube_analytics Getting YouTube analytics for user: dasoccer, days: 30
INFO 2025-04-07 21:12:39,891 youtube_analytics User's stored channel ID: UCsDQAU5nsydVnxJZkAVGHdQ
INFO 2025-04-07 21:12:39,897 youtube_analytics User dasoccer has these OAuth scopes: 
INFO 2025-04-07 21:12:39,897 youtube_analytics User has youtube.readonly scope: False
INFO 2025-04-07 21:12:39,897 youtube_analytics User has yt-analytics.readonly scope: False
WARNING 2025-04-07 21:12:39,898 youtube_analytics User dasoccer does not have analytics scope
INFO 2025-04-07 21:12:39,898 youtube_analytics Using mock data for user dasoccer due to missing analytics scope
INFO 2025-04-07 21:12:39,938 basehttp "GET /dashboard/statistics/ HTTP/1.1" 200 55119
WARNING 2025-04-07 21:12:40,462 log Not Found: /api/statistics/
WARNING 2025-04-07 21:12:40,464 basehttp "GET /api/statistics/?days=30 HTTP/1.1" 404 7775
WARNING 2025-04-07 21:12:40,515 log Not Found: /api/statistics/
WARNING 2025-04-07 21:12:40,515 basehttp "GET /api/statistics/?days=30 HTTP/1.1" 404 7775
INFO 2025-04-07 21:12:41,071 youtube_analytics Getting YouTube analytics for user: dasoccer, days: 30
INFO 2025-04-07 21:12:41,071 youtube_analytics User's stored channel ID: UCsDQAU5nsydVnxJZkAVGHdQ
INFO 2025-04-07 21:12:41,096 youtube_analytics User dasoccer has these OAuth scopes: 
INFO 2025-04-07 21:12:41,096 youtube_analytics User has youtube.readonly scope: False
INFO 2025-04-07 21:12:41,096 youtube_analytics User has yt-analytics.readonly scope: False
WARNING 2025-04-07 21:12:41,096 youtube_analytics User dasoccer does not have analytics scope
INFO 2025-04-07 21:12:41,097 youtube_analytics Using mock data for user dasoccer due to missing analytics scope
ERROR 2025-04-07 21:12:41,880 views Error in dashboard view for user dasoccer: Unsupported lookup 'link_from_user' for OneToOneField or join on the field not permitted.
INFO 2025-04-07 21:12:41,922 basehttp "GET /dashboard/ HTTP/1.1" 200 35580
WARNING 2025-04-07 21:12:42,428 log Not Found: /statistics/
WARNING 2025-04-07 21:12:42,429 basehttp "GET /statistics/?days=30 HTTP/1.1" 404 7763
WARNING 2025-04-07 21:12:42,481 log Not Found: /statistics/
WARNING 2025-04-07 21:12:42,482 basehttp "GET /statistics/?days=30 HTTP/1.1" 404 7763
INFO 2025-04-07 21:12:46,037 youtube_analytics Getting YouTube analytics for user: navid, days: 30
INFO 2025-04-07 21:12:46,037 youtube_analytics User's stored channel ID: UCX6OQ3DkcsbYNE6H8uQQuVA
ERROR 2025-04-07 21:12:46,038 youtube_analytics Error getting social auth for user navid: UserSocialAuth matching query does not exist.
ERROR 2025-04-07 21:12:46,040 views Error fetching recent videos for user navid: UserSocialAuth matching query does not exist.
ERROR 2025-04-07 21:12:46,040 views Error in dashboard view for user navid: Unsupported lookup 'link_from_user' for OneToOneField or join on the field not permitted.
INFO 2025-04-07 21:12:46,055 basehttp "GET /dashboard/ HTTP/1.1" 200 35521
WARNING 2025-04-07 21:12:46,623 log Not Found: /statistics/
WARNING 2025-04-07 21:12:46,625 basehttp "GET /statistics/?days=30 HTTP/1.1" 404 7763
WARNING 2025-04-07 21:12:46,640 log Not Found: /statistics/
WARNING 2025-04-07 21:12:46,655 basehttp "GET /statistics/?days=30 HTTP/1.1" 404 7763
INFO 2025-04-07 21:12:48,136 youtube_analytics Getting YouTube analytics for user: navid, days: 30
INFO 2025-04-07 21:12:48,138 youtube_analytics User's stored channel ID: UCX6OQ3DkcsbYNE6H8uQQuVA
ERROR 2025-04-07 21:12:48,140 youtube_analytics Error getting social auth for user navid: UserSocialAuth matching query does not exist.
ERROR 2025-04-07 21:12:48,149 views Error fetching recent videos for user navid: UserSocialAuth matching query does not exist.
ERROR 2025-04-07 21:12:48,150 views Error in dashboard view for user navid: Unsupported lookup 'link_from_user' for OneToOneField or join on the field not permitted.
INFO 2025-04-07 21:12:48,156 basehttp "GET /dashboard/ HTTP/1.1" 200 35521
WARNING 2025-04-07 21:12:48,773 log Not Found: /statistics/
WARNING 2025-04-07 21:12:48,774 basehttp "GET /statistics/?days=30 HTTP/1.1" 404 7763
WARNING 2025-04-07 21:12:48,849 log Not Found: /statistics/
WARNING 2025-04-07 21:12:48,850 basehttp "GET /statistics/?days=30 HTTP/1.1" 404 7763
INFO 2025-04-07 21:12:49,506 youtube_analytics Getting YouTube analytics for user: navid, days: 30
INFO 2025-04-07 21:12:49,515 youtube_analytics User's stored channel ID: UCX6OQ3DkcsbYNE6H8uQQuVA
ERROR 2025-04-07 21:12:49,722 youtube_analytics Error getting social auth for user navid: UserSocialAuth matching query does not exist.
ERROR 2025-04-07 21:12:49,731 views Error fetching recent videos for user navid: UserSocialAuth matching query does not exist.
ERROR 2025-04-07 21:12:49,734 views Error in dashboard view for user navid: Unsupported lookup 'link_from_user' for OneToOneField or join on the field not permitted.
INFO 2025-04-07 21:12:52,599 basehttp "GET /dashboard/ HTTP/1.1" 200 35521
WARNING 2025-04-07 21:12:54,323 log Not Found: /statistics/
WARNING 2025-04-07 21:12:54,329 basehttp "GET /statistics/?days=30 HTTP/1.1" 404 7763
WARNING 2025-04-07 21:12:54,379 log Not Found: /statistics/
WARNING 2025-04-07 21:12:54,382 basehttp "GET /statistics/?days=30 HTTP/1.1" 404 7763
INFO 2025-04-07 21:13:15,122 youtube_analytics Getting YouTube analytics for user: dasoccer, days: 30
INFO 2025-04-07 21:13:15,140 youtube_analytics User's stored channel ID: UCsDQAU5nsydVnxJZkAVGHdQ
INFO 2025-04-07 21:13:15,152 youtube_analytics User dasoccer has these OAuth scopes: 
INFO 2025-04-07 21:13:15,153 youtube_analytics User has youtube.readonly scope: False
INFO 2025-04-07 21:13:15,153 youtube_analytics User has yt-analytics.readonly scope: False
WARNING 2025-04-07 21:13:15,153 youtube_analytics User dasoccer does not have analytics scope
INFO 2025-04-07 21:13:15,153 youtube_analytics Using mock data for user dasoccer due to missing analytics scope
INFO 2025-04-07 21:13:15,233 basehttp "GET /dashboard/statistics/ HTTP/1.1" 200 55119
WARNING 2025-04-07 21:13:18,675 log Not Found: /api/statistics/
WARNING 2025-04-07 21:13:18,680 basehttp "GET /api/statistics/?days=30 HTTP/1.1" 404 7775
WARNING 2025-04-07 21:13:18,763 log Not Found: /api/statistics/
WARNING 2025-04-07 21:13:18,772 basehttp "GET /api/statistics/?days=30 HTTP/1.1" 404 7775
INFO 2025-04-07 21:13:31,824 views Redirecting user dasoccer to YouTube Analytics OAuth2 upgrade
INFO 2025-04-07 21:13:31,831 basehttp "GET /grant-analytics-access/ HTTP/1.1" 302 0
INFO 2025-04-07 21:13:32,037 basehttp "GET /auth/login/google-oauth2/?next=/dashboard/&scope=https://www.googleapis.com/auth/yt-analytics.readonly&prompt=consent HTTP/1.1" 302 0
INFO 2025-04-07 21:13:50,250 basehttp "GET /auth/complete/google-oauth2/?state=IDO8asdlegEiTc5JUzmcTxPhNI3A1Ioc&code=4/0Ab_5qlnIWafNtafLmTDQh7e7S0slPfvpiS3J4czaAqUCzWz1qQTDXoEBK81Nj8JpEiTlug&scope=email%20profile%20openid%20https://www.googleapis.com/auth/youtube.readonly%20https://www.googleapis.com/auth/youtubepartner%20https://www.googleapis.com/auth/yt-analytics.readonly%20https://www.googleapis.com/auth/youtube%20https://www.googleapis.com/auth/userinfo.profile%20https://www.googleapis.com/auth/userinfo.email&authuser=0&prompt=consent HTTP/1.1" 302 0
INFO 2025-04-07 21:13:50,267 youtube_analytics Getting YouTube analytics for user: dasoccer, days: 30
INFO 2025-04-07 21:13:50,267 youtube_analytics User's stored channel ID: UCsDQAU5nsydVnxJZkAVGHdQ
INFO 2025-04-07 21:13:50,269 youtube_analytics User dasoccer has these OAuth scopes: 
INFO 2025-04-07 21:13:50,269 youtube_analytics User has youtube.readonly scope: False
INFO 2025-04-07 21:13:50,269 youtube_analytics User has yt-analytics.readonly scope: False
WARNING 2025-04-07 21:13:50,269 youtube_analytics User dasoccer does not have analytics scope
INFO 2025-04-07 21:13:50,269 youtube_analytics Using mock data for user dasoccer due to missing analytics scope
ERROR 2025-04-07 21:13:50,616 views Error in dashboard view for user dasoccer: Unsupported lookup 'link_from_user' for OneToOneField or join on the field not permitted.
INFO 2025-04-07 21:13:50,624 basehttp "GET /dashboard/ HTTP/1.1" 200 35580
WARNING 2025-04-07 21:13:53,357 log Not Found: /statistics/
WARNING 2025-04-07 21:13:53,369 basehttp "GET /statistics/?days=30 HTTP/1.1" 404 7763
WARNING 2025-04-07 21:13:53,464 log Not Found: /statistics/
WARNING 2025-04-07 21:13:53,465 basehttp "GET /statistics/?days=30 HTTP/1.1" 404 7763
INFO 2025-04-07 21:13:53,919 youtube_analytics Getting YouTube analytics for user: dasoccer, days: 30
INFO 2025-04-07 21:13:53,921 youtube_analytics User's stored channel ID: UCsDQAU5nsydVnxJZkAVGHdQ
INFO 2025-04-07 21:13:53,923 youtube_analytics User dasoccer has these OAuth scopes: 
INFO 2025-04-07 21:13:53,923 youtube_analytics User has youtube.readonly scope: False
INFO 2025-04-07 21:13:53,923 youtube_analytics User has yt-analytics.readonly scope: False
WARNING 2025-04-07 21:13:53,923 youtube_analytics User dasoccer does not have analytics scope
INFO 2025-04-07 21:13:53,923 youtube_analytics Using mock data for user dasoccer due to missing analytics scope
INFO 2025-04-07 21:13:53,940 basehttp "GET /dashboard/statistics/ HTTP/1.1" 200 55119
WARNING 2025-04-07 21:13:54,887 log Not Found: /api/statistics/
WARNING 2025-04-07 21:13:54,891 basehttp "GET /api/statistics/?days=30 HTTP/1.1" 404 7775
WARNING 2025-04-07 21:13:54,908 log Not Found: /api/statistics/
WARNING 2025-04-07 21:13:54,917 basehttp "GET /api/statistics/?days=30 HTTP/1.1" 404 7775
INFO 2025-04-07 21:15:25,458 youtube_analytics Getting YouTube analytics for user: dasoccer, days: 30
INFO 2025-04-07 21:15:25,467 youtube_analytics User's stored channel ID: UCsDQAU5nsydVnxJZkAVGHdQ
INFO 2025-04-07 21:15:25,475 youtube_analytics User dasoccer has these OAuth scopes: 
INFO 2025-04-07 21:15:25,476 youtube_analytics User has youtube.readonly scope: False
INFO 2025-04-07 21:15:25,476 youtube_analytics User has yt-analytics.readonly scope: False
WARNING 2025-04-07 21:15:25,476 youtube_analytics User dasoccer does not have analytics scope
INFO 2025-04-07 21:15:25,476 youtube_analytics Using mock data for user dasoccer due to missing analytics scope
ERROR 2025-04-07 21:15:26,251 views Error in dashboard view for user dasoccer: Unsupported lookup 'link_from_user' for OneToOneField or join on the field not permitted.
INFO 2025-04-07 21:15:26,418 basehttp "GET /dashboard/ HTTP/1.1" 200 35580
WARNING 2025-04-07 21:15:32,326 log Not Found: /statistics/
WARNING 2025-04-07 21:15:32,368 basehttp "GET /statistics/?days=30 HTTP/1.1" 404 7763
WARNING 2025-04-07 21:15:32,535 log Not Found: /statistics/
WARNING 2025-04-07 21:15:32,539 basehttp "GET /statistics/?days=30 HTTP/1.1" 404 7763
INFO 2025-04-07 21:20:51,424 autoreload /Users/navidrahimi/ytanalytics/dashboard/youtube_analytics.py changed, reloading.
INFO 2025-04-07 21:20:51,456 autoreload /Users/navidrahimi/ytanalytics/dashboard/youtube_analytics.py changed, reloading.
INFO 2025-04-07 21:21:01,310 autoreload Watching for file changes with StatReloader
INFO 2025-04-07 21:21:01,315 autoreload Watching for file changes with StatReloader
INFO 2025-04-07 21:21:53,484 autoreload /Users/navidrahimi/ytanalytics/dashboard/views.py changed, reloading.
INFO 2025-04-07 21:21:53,593 autoreload /Users/navidrahimi/ytanalytics/dashboard/views.py changed, reloading.
INFO 2025-04-07 21:22:04,349 autoreload Watching for file changes with StatReloader
INFO 2025-04-07 21:22:04,359 autoreload Watching for file changes with StatReloader
INFO 2025-04-07 21:23:01,266 autoreload Watching for file changes with StatReloader
INFO 2025-04-07 21:23:19,680 autoreload Watching for file changes with StatReloader
INFO 2025-04-07 21:23:25,117 basehttp "GET / HTTP/1.1" 302 0
INFO 2025-04-07 21:23:25,208 basehttp "GET /home/ HTTP/1.1" 200 20879
INFO 2025-04-07 21:23:29,526 basehttp "GET /static/images/grid-circle.png HTTP/1.1" 200 300460
WARNING 2025-04-07 21:23:30,984 log Not Found: /favicon.ico
WARNING 2025-04-07 21:23:30,994 basehttp "GET /favicon.ico HTTP/1.1" 404 7755
INFO 2025-04-07 21:23:33,869 basehttp "GET / HTTP/1.1" 302 0
INFO 2025-04-07 21:23:34,016 basehttp "GET /home/ HTTP/1.1" 200 20879
INFO 2025-04-07 21:23:37,994 basehttp "GET /dashboard/statistics/ HTTP/1.1" 200 50030
WARNING 2025-04-07 21:23:38,809 log Not Found: /api/statistics/
WARNING 2025-04-07 21:23:38,816 basehttp "GET /api/statistics/?days=30 HTTP/1.1" 404 7775
WARNING 2025-04-07 21:23:38,862 log Not Found: /api/statistics/
WARNING 2025-04-07 21:23:38,863 basehttp "GET /api/statistics/?days=30 HTTP/1.1" 404 7775
INFO 2025-04-07 21:23:43,024 youtube_analytics Getting YouTube analytics for user: navid, days: 30
INFO 2025-04-07 21:23:43,025 youtube_analytics User's stored channel ID: UCX6OQ3DkcsbYNE6H8uQQuVA
ERROR 2025-04-07 21:23:43,028 views Error fetching recent videos for user navid: UserSocialAuth matching query does not exist.
ERROR 2025-04-07 21:23:43,030 views Error in dashboard view for user navid: Unsupported lookup 'link_from_user' for OneToOneField or join on the field not permitted.
INFO 2025-04-07 21:23:43,045 basehttp "GET /dashboard/ HTTP/1.1" 200 35037
WARNING 2025-04-07 21:23:43,413 log Not Found: /api/statistics/
WARNING 2025-04-07 21:23:43,414 basehttp "GET /api/statistics/?days=30 HTTP/1.1" 404 7775
WARNING 2025-04-07 21:23:43,426 log Not Found: /api/statistics/
WARNING 2025-04-07 21:23:43,427 basehttp "GET /api/statistics/?days=30 HTTP/1.1" 404 7775
INFO 2025-04-07 21:23:54,735 basehttp "GET / HTTP/1.1" 302 0
INFO 2025-04-07 21:23:54,776 basehttp "GET /home/ HTTP/1.1" 200 20879
INFO 2025-04-07 21:24:00,198 basehttp - Broken pipe from ('127.0.0.1', 58779)
INFO 2025-04-07 21:24:10,365 basehttp "GET / HTTP/1.1" 302 0
INFO 2025-04-07 21:24:10,451 basehttp "GET /home/ HTTP/1.1" 200 20938
INFO 2025-04-07 21:24:10,628 basehttp "GET /media/profile_pics/f1d63732b1aa398f32f2b30cb0313d10.jpg HTTP/1.1" 200 50152
INFO 2025-04-07 21:24:10,648 basehttp "GET /static/images/grid-circle.png HTTP/1.1" 200 300460
WARNING 2025-04-07 21:24:11,441 log Not Found: /favicon.ico
WARNING 2025-04-07 21:24:11,445 basehttp "GET /favicon.ico HTTP/1.1" 404 7755
INFO 2025-04-07 21:24:13,868 basehttp "GET /dashboard/statistics/ HTTP/1.1" 200 50089
WARNING 2025-04-07 21:24:14,412 log Not Found: /api/statistics/
WARNING 2025-04-07 21:24:14,412 basehttp "GET /api/statistics/?days=30 HTTP/1.1" 404 7775
WARNING 2025-04-07 21:24:14,428 log Not Found: /api/statistics/
WARNING 2025-04-07 21:24:14,429 basehttp "GET /api/statistics/?days=30 HTTP/1.1" 404 7775
INFO 2025-04-07 21:24:21,680 youtube_analytics Getting YouTube analytics for user: dasoccer, days: 30
INFO 2025-04-07 21:24:21,681 youtube_analytics User's stored channel ID: UCsDQAU5nsydVnxJZkAVGHdQ
ERROR 2025-04-07 21:24:22,252 views Error in dashboard view for user dasoccer: Unsupported lookup 'link_from_user' for OneToOneField or join on the field not permitted.
INFO 2025-04-07 21:24:22,257 basehttp "GET /dashboard/ HTTP/1.1" 200 35096
WARNING 2025-04-07 21:24:22,824 log Not Found: /api/statistics/
WARNING 2025-04-07 21:24:22,825 basehttp "GET /api/statistics/?days=30 HTTP/1.1" 404 7775
WARNING 2025-04-07 21:24:22,833 log Not Found: /api/statistics/
WARNING 2025-04-07 21:24:22,834 basehttp "GET /api/statistics/?days=30 HTTP/1.1" 404 7775
INFO 2025-04-07 21:24:28,278 basehttp "GET /home/ HTTP/1.1" 200 20938
INFO 2025-04-07 21:24:43,631 basehttp "GET / HTTP/1.1" 302 0
INFO 2025-04-07 21:24:43,721 basehttp "GET /home/ HTTP/1.1" 200 20879
INFO 2025-04-07 21:24:52,239 youtube_analytics Getting YouTube analytics for user: navid, days: 30
INFO 2025-04-07 21:24:52,240 youtube_analytics User's stored channel ID: UCX6OQ3DkcsbYNE6H8uQQuVA
ERROR 2025-04-07 21:24:52,243 views Error fetching recent videos for user navid: UserSocialAuth matching query does not exist.
ERROR 2025-04-07 21:24:52,243 views Error in dashboard view for user navid: Unsupported lookup 'link_from_user' for OneToOneField or join on the field not permitted.
INFO 2025-04-07 21:24:52,263 basehttp "GET /dashboard/ HTTP/1.1" 200 35037
WARNING 2025-04-07 21:24:52,732 log Not Found: /api/statistics/
WARNING 2025-04-07 21:24:52,733 basehttp "GET /api/statistics/?days=30 HTTP/1.1" 404 7775
WARNING 2025-04-07 21:24:52,750 log Not Found: /api/statistics/
WARNING 2025-04-07 21:24:52,750 basehttp "GET /api/statistics/?days=30 HTTP/1.1" 404 7775
INFO 2025-04-07 21:24:53,368 basehttp "GET /dashboard/statistics/ HTTP/1.1" 200 50030
WARNING 2025-04-07 21:24:53,666 log Not Found: /api/statistics/
WARNING 2025-04-07 21:24:53,666 basehttp "GET /api/statistics/?days=30 HTTP/1.1" 404 7775
WARNING 2025-04-07 21:24:53,680 log Not Found: /api/statistics/
WARNING 2025-04-07 21:24:53,683 basehttp "GET /api/statistics/?days=30 HTTP/1.1" 404 7775
INFO 2025-04-07 21:25:06,565 basehttp "GET /dashboard/statistics/ HTTP/1.1" 200 50089
WARNING 2025-04-07 21:25:07,279 log Not Found: /api/statistics/
WARNING 2025-04-07 21:25:07,280 basehttp "GET /api/statistics/?days=30 HTTP/1.1" 404 7775
WARNING 2025-04-07 21:25:07,292 log Not Found: /api/statistics/
WARNING 2025-04-07 21:25:07,293 basehttp "GET /api/statistics/?days=30 HTTP/1.1" 404 7775
WARNING 2025-04-07 21:25:09,222 log Not Found: /api/statistics/
WARNING 2025-04-07 21:25:09,223 basehttp "GET /api/statistics/?days=1 HTTP/1.1" 404 7774
WARNING 2025-04-07 21:25:09,232 log Not Found: /api/statistics/
WARNING 2025-04-07 21:25:09,232 basehttp "GET /api/statistics/?days=1 HTTP/1.1" 404 7774
WARNING 2025-04-07 21:25:11,419 log Not Found: /api/statistics/
WARNING 2025-04-07 21:25:11,422 basehttp "GET /api/statistics/?days=365 HTTP/1.1" 404 7776
WARNING 2025-04-07 21:25:11,440 log Not Found: /api/statistics/
WARNING 2025-04-07 21:25:11,451 basehttp "GET /api/statistics/?days=365 HTTP/1.1" 404 7776
INFO 2025-04-07 21:34:00,444 autoreload Watching for file changes with StatReloader
INFO 2025-04-07 21:35:03,753 basehttp "GET /dashboard/statistics/ HTTP/1.1" 302 0
INFO 2025-04-07 21:35:28,624 basehttp "GET /dashboard/statistics/ HTTP/1.1" 200 53065
WARNING 2025-04-07 21:35:31,710 log Not Found: /dashboard/api/statistics/
WARNING 2025-04-07 21:35:31,712 basehttp "GET /dashboard/api/statistics/?days=30 HTTP/1.1" 404 7805
WARNING 2025-04-07 21:35:31,732 log Not Found: /dashboard/api/statistics/
WARNING 2025-04-07 21:35:31,744 basehttp "GET /dashboard/api/statistics/?days=30 HTTP/1.1" 404 7805
INFO 2025-04-07 21:36:15,245 autoreload Watching for file changes with StatReloader
INFO 2025-04-07 21:36:20,549 basehttp "GET /dashboard/statistics/ HTTP/1.1" 200 53065
WARNING 2025-04-07 21:36:22,785 log Not Found: /dashboard/api/statistics/
WARNING 2025-04-07 21:36:22,787 basehttp "GET /dashboard/api/statistics/?days=30 HTTP/1.1" 404 7805
WARNING 2025-04-07 21:36:22,797 log Not Found: /dashboard/api/statistics/
WARNING 2025-04-07 21:36:22,797 basehttp "GET /dashboard/api/statistics/?days=30 HTTP/1.1" 404 7805
WARNING 2025-04-07 21:36:43,082 log Not Found: /dashboard/api/statistics/
WARNING 2025-04-07 21:36:43,085 basehttp "GET /dashboard/api/statistics/?days=all HTTP/1.1" 404 7806
WARNING 2025-04-07 21:36:43,097 log Not Found: /dashboard/api/statistics/
WARNING 2025-04-07 21:36:43,097 basehttp "GET /dashboard/api/statistics/?days=all HTTP/1.1" 404 7806
WARNING 2025-04-07 21:36:45,515 log Not Found: /dashboard/api/statistics/
WARNING 2025-04-07 21:36:45,516 basehttp "GET /dashboard/api/statistics/?days=1 HTTP/1.1" 404 7804
WARNING 2025-04-07 21:36:45,531 log Not Found: /dashboard/api/statistics/
WARNING 2025-04-07 21:36:45,532 basehttp "GET /dashboard/api/statistics/?days=1 HTTP/1.1" 404 7804
INFO 2025-04-07 21:38:19,645 autoreload /Users/navidrahimi/ytanalytics/ytanalytics/urls.py changed, reloading.
INFO 2025-04-07 21:38:20,274 autoreload Watching for file changes with StatReloader
INFO 2025-04-07 21:38:34,502 autoreload Watching for file changes with StatReloader
INFO 2025-04-07 21:38:46,039 basehttp "GET /dashboard/statistics/ HTTP/1.1" 200 53045
INFO 2025-04-07 21:38:46,813 api_views Getting statistics for 30 Days (days=30) for user: dasoccer
INFO 2025-04-07 21:38:46,815 youtube_analytics Getting YouTube analytics for user: dasoccer, days: 30
INFO 2025-04-07 21:38:46,815 youtube_analytics User's stored channel ID: UCsDQAU5nsydVnxJZkAVGHdQ
INFO 2025-04-07 21:38:46,817 basehttp "GET /api/statistics/?days=30 HTTP/1.1" 200 1143
INFO 2025-04-07 21:38:46,924 api_views Getting statistics for 30 Days (days=30) for user: dasoccer
INFO 2025-04-07 21:38:46,943 youtube_analytics Getting YouTube analytics for user: dasoccer, days: 30
INFO 2025-04-07 21:38:46,950 youtube_analytics User's stored channel ID: UCsDQAU5nsydVnxJZkAVGHdQ
INFO 2025-04-07 21:38:46,956 basehttp "GET /api/statistics/?days=30 HTTP/1.1" 200 1143
INFO 2025-04-07 21:38:51,095 api_views Getting statistics for All Time (days=365) for user: dasoccer
INFO 2025-04-07 21:38:51,098 youtube_analytics Getting YouTube analytics for user: dasoccer, days: 365
INFO 2025-04-07 21:38:51,098 youtube_analytics User's stored channel ID: UCsDQAU5nsydVnxJZkAVGHdQ
INFO 2025-04-07 21:38:51,108 basehttp "GET /api/statistics/?days=all HTTP/1.1" 200 11117
INFO 2025-04-07 21:38:51,128 api_views Getting statistics for All Time (days=365) for user: dasoccer
INFO 2025-04-07 21:38:51,132 youtube_analytics Getting YouTube analytics for user: dasoccer, days: 365
INFO 2025-04-07 21:38:51,133 youtube_analytics User's stored channel ID: UCsDQAU5nsydVnxJZkAVGHdQ
INFO 2025-04-07 21:38:51,144 basehttp "GET /api/statistics/?days=all HTTP/1.1" 200 11117
INFO 2025-04-07 21:38:55,521 api_views Getting statistics for 1 Year (days=365) for user: dasoccer
INFO 2025-04-07 21:38:55,524 youtube_analytics Getting YouTube analytics for user: dasoccer, days: 365
INFO 2025-04-07 21:38:55,524 youtube_analytics User's stored channel ID: UCsDQAU5nsydVnxJZkAVGHdQ
INFO 2025-04-07 21:38:55,528 basehttp "GET /api/statistics/?days=365 HTTP/1.1" 200 11115
INFO 2025-04-07 21:38:55,551 api_views Getting statistics for 1 Year (days=365) for user: dasoccer
INFO 2025-04-07 21:38:55,567 youtube_analytics Getting YouTube analytics for user: dasoccer, days: 365
INFO 2025-04-07 21:38:55,567 youtube_analytics User's stored channel ID: UCsDQAU5nsydVnxJZkAVGHdQ
INFO 2025-04-07 21:38:55,580 basehttp "GET /api/statistics/?days=365 HTTP/1.1" 200 11115
INFO 2025-04-07 21:38:57,616 api_views Getting statistics for 6 Months (days=180) for user: dasoccer
INFO 2025-04-07 21:38:57,618 youtube_analytics Getting YouTube analytics for user: dasoccer, days: 180
INFO 2025-04-07 21:38:57,618 youtube_analytics User's stored channel ID: UCsDQAU5nsydVnxJZkAVGHdQ
INFO 2025-04-07 21:38:57,620 basehttp "GET /api/statistics/?days=180 HTTP/1.1" 200 5514
INFO 2025-04-07 21:38:57,633 api_views Getting statistics for 6 Months (days=180) for user: dasoccer
INFO 2025-04-07 21:38:57,636 youtube_analytics Getting YouTube analytics for user: dasoccer, days: 180
INFO 2025-04-07 21:38:57,640 youtube_analytics User's stored channel ID: UCsDQAU5nsydVnxJZkAVGHdQ
INFO 2025-04-07 21:38:57,652 basehttp "GET /api/statistics/?days=180 HTTP/1.1" 200 5514
INFO 2025-04-07 21:39:50,160 youtube_analytics Getting YouTube analytics for user: dasoccer, days: 30
INFO 2025-04-07 21:39:50,162 youtube_analytics User's stored channel ID: UCsDQAU5nsydVnxJZkAVGHdQ
ERROR 2025-04-07 21:39:50,757 views Error in dashboard view for user dasoccer: Unsupported lookup 'link_from_user' for OneToOneField or join on the field not permitted.
INFO 2025-04-07 21:39:50,761 basehttp "GET /dashboard/ HTTP/1.1" 200 35482
INFO 2025-04-07 21:39:51,087 api_views Getting statistics for 30 Days (days=30) for user: dasoccer
INFO 2025-04-07 21:39:51,090 youtube_analytics Getting YouTube analytics for user: dasoccer, days: 30
INFO 2025-04-07 21:39:51,090 youtube_analytics User's stored channel ID: UCsDQAU5nsydVnxJZkAVGHdQ
INFO 2025-04-07 21:39:51,091 basehttp "GET /api/statistics/?days=30 HTTP/1.1" 200 1143
INFO 2025-04-07 21:39:51,112 api_views Getting statistics for 30 Days (days=30) for user: dasoccer
INFO 2025-04-07 21:39:51,114 youtube_analytics Getting YouTube analytics for user: dasoccer, days: 30
INFO 2025-04-07 21:39:51,114 youtube_analytics User's stored channel ID: UCsDQAU5nsydVnxJZkAVGHdQ
INFO 2025-04-07 21:39:51,115 basehttp "GET /api/statistics/?days=30 HTTP/1.1" 200 1143
INFO 2025-04-07 21:39:53,813 api_views Getting statistics for 1 Year (days=365) for user: dasoccer
INFO 2025-04-07 21:39:53,814 youtube_analytics Getting YouTube analytics for user: dasoccer, days: 365
INFO 2025-04-07 21:39:53,814 youtube_analytics User's stored channel ID: UCsDQAU5nsydVnxJZkAVGHdQ
INFO 2025-04-07 21:39:53,817 basehttp "GET /api/statistics/?days=365 HTTP/1.1" 200 11115
INFO 2025-04-07 21:39:53,821 api_views Getting statistics for 1 Year (days=365) for user: dasoccer
INFO 2025-04-07 21:39:53,822 youtube_analytics Getting YouTube analytics for user: dasoccer, days: 365
INFO 2025-04-07 21:39:53,822 youtube_analytics User's stored channel ID: UCsDQAU5nsydVnxJZkAVGHdQ
INFO 2025-04-07 21:39:53,825 basehttp "GET /api/statistics/?days=365 HTTP/1.1" 200 11115
INFO 2025-04-07 21:40:16,300 basehttp "GET /users/ HTTP/1.1" 200 35452
INFO 2025-04-07 21:40:16,820 basehttp "GET /media/profile_pics/6f482244cc2b96860300160f33abcb8f.jpg HTTP/1.1" 200 15201
INFO 2025-04-07 21:40:16,829 basehttp "GET /media/profile_pics/wp3064746.jpg HTTP/1.1" 200 665741
INFO 2025-04-07 21:40:16,863 basehttp "GET /media/profile_pics/wp4737303.jpg HTTP/1.1" 200 801829
INFO 2025-04-07 21:40:23,347 youtube_analytics Getting YouTube analytics for user: navid23rahimib91f43aa088446a2, days: 9999
INFO 2025-04-07 21:40:23,350 youtube_analytics User's stored channel ID: UCN20YF9lZ6THYPZV8QkxgcQ
INFO 2025-04-07 21:40:23,364 basehttp "GET /profile/navid23rahimib91f43aa088446a2/ HTTP/1.1" 200 31258
INFO 2025-04-07 21:40:44,718 youtube_analytics Getting YouTube analytics for user: dasoccer, days: 30
INFO 2025-04-07 21:40:44,718 youtube_analytics User's stored channel ID: UCsDQAU5nsydVnxJZkAVGHdQ
ERROR 2025-04-07 21:40:45,320 views Error in dashboard view for user dasoccer: Unsupported lookup 'link_from_user' for OneToOneField or join on the field not permitted.
INFO 2025-04-07 21:40:45,331 basehttp "GET /dashboard/ HTTP/1.1" 200 35482
INFO 2025-04-07 21:40:46,218 api_views Getting statistics for 30 Days (days=30) for user: dasoccer
INFO 2025-04-07 21:40:46,221 youtube_analytics Getting YouTube analytics for user: dasoccer, days: 30
INFO 2025-04-07 21:40:46,221 youtube_analytics User's stored channel ID: UCsDQAU5nsydVnxJZkAVGHdQ
INFO 2025-04-07 21:40:46,223 basehttp "GET /api/statistics/?days=30 HTTP/1.1" 200 1143
INFO 2025-04-07 21:40:46,302 api_views Getting statistics for 30 Days (days=30) for user: dasoccer
INFO 2025-04-07 21:40:46,303 youtube_analytics Getting YouTube analytics for user: dasoccer, days: 30
INFO 2025-04-07 21:40:46,304 youtube_analytics User's stored channel ID: UCsDQAU5nsydVnxJZkAVGHdQ
INFO 2025-04-07 21:40:46,304 basehttp "GET /api/statistics/?days=30 HTTP/1.1" 200 1143
INFO 2025-04-07 21:43:41,737 autoreload /Users/navidrahimi/ytanalytics/dashboard/views.py changed, reloading.
INFO 2025-04-07 21:43:44,536 autoreload Watching for file changes with StatReloader
INFO 2025-04-07 21:43:58,452 autoreload /Users/navidrahimi/ytanalytics/dashboard/views.py changed, reloading.
INFO 2025-04-07 21:43:59,010 autoreload Watching for file changes with StatReloader
INFO 2025-04-07 21:44:01,370 autoreload /Users/navidrahimi/ytanalytics/dashboard/views.py changed, reloading.
INFO 2025-04-07 21:44:02,211 autoreload Watching for file changes with StatReloader
INFO 2025-04-07 21:44:13,253 autoreload /Users/navidrahimi/ytanalytics/dashboard/views.py changed, reloading.
INFO 2025-04-07 21:44:14,931 autoreload Watching for file changes with StatReloader
INFO 2025-04-07 21:44:17,581 autoreload /Users/navidrahimi/ytanalytics/dashboard/views.py changed, reloading.
INFO 2025-04-07 21:44:18,676 autoreload Watching for file changes with StatReloader
INFO 2025-04-07 21:45:09,408 api_views Getting statistics for 1 Year (days=365) for user: dasoccer
INFO 2025-04-07 21:45:09,409 youtube_analytics Getting YouTube analytics for user: dasoccer, days: 365
INFO 2025-04-07 21:45:09,410 youtube_analytics User's stored channel ID: UCsDQAU5nsydVnxJZkAVGHdQ
INFO 2025-04-07 21:45:09,413 basehttp "GET /api/statistics/?days=365 HTTP/1.1" 200 11115
INFO 2025-04-07 21:45:09,418 api_views Getting statistics for 1 Year (days=365) for user: dasoccer
INFO 2025-04-07 21:45:09,419 youtube_analytics Getting YouTube analytics for user: dasoccer, days: 365
INFO 2025-04-07 21:45:09,419 youtube_analytics User's stored channel ID: UCsDQAU5nsydVnxJZkAVGHdQ
INFO 2025-04-07 21:45:09,423 basehttp "GET /api/statistics/?days=365 HTTP/1.1" 200 11115
INFO 2025-04-07 21:45:12,521 api_views Getting statistics for All Time (days=365) for user: dasoccer
INFO 2025-04-07 21:45:12,522 youtube_analytics Getting YouTube analytics for user: dasoccer, days: 365
INFO 2025-04-07 21:45:12,522 youtube_analytics User's stored channel ID: UCsDQAU5nsydVnxJZkAVGHdQ
INFO 2025-04-07 21:45:12,524 basehttp "GET /api/statistics/?days=all HTTP/1.1" 200 11117
INFO 2025-04-07 21:45:12,527 api_views Getting statistics for All Time (days=365) for user: dasoccer
INFO 2025-04-07 21:45:12,527 youtube_analytics Getting YouTube analytics for user: dasoccer, days: 365
INFO 2025-04-07 21:45:12,527 youtube_analytics User's stored channel ID: UCsDQAU5nsydVnxJZkAVGHdQ
INFO 2025-04-07 21:45:12,529 basehttp "GET /api/statistics/?days=all HTTP/1.1" 200 11117
INFO 2025-04-07 21:45:21,641 api_views Getting statistics for 1 Day (days=1) for user: dasoccer
INFO 2025-04-07 21:45:21,642 youtube_analytics Getting YouTube analytics for user: dasoccer, days: 1
INFO 2025-04-07 21:45:21,642 youtube_analytics User's stored channel ID: UCsDQAU5nsydVnxJZkAVGHdQ
INFO 2025-04-07 21:45:21,643 basehttp "GET /api/statistics/?days=1 HTTP/1.1" 200 304
INFO 2025-04-07 21:45:21,646 api_views Getting statistics for 1 Day (days=1) for user: dasoccer
INFO 2025-04-07 21:45:21,647 youtube_analytics Getting YouTube analytics for user: dasoccer, days: 1
INFO 2025-04-07 21:45:21,647 youtube_analytics User's stored channel ID: UCsDQAU5nsydVnxJZkAVGHdQ
INFO 2025-04-07 21:45:21,647 basehttp "GET /api/statistics/?days=1 HTTP/1.1" 200 304
INFO 2025-04-07 21:45:25,851 api_views Getting statistics for 10 Days (days=10) for user: dasoccer
INFO 2025-04-07 21:45:25,851 youtube_analytics Getting YouTube analytics for user: dasoccer, days: 10
INFO 2025-04-07 21:45:25,851 youtube_analytics User's stored channel ID: UCsDQAU5nsydVnxJZkAVGHdQ
INFO 2025-04-07 21:45:25,852 basehttp "GET /api/statistics/?days=10 HTTP/1.1" 200 571
INFO 2025-04-07 21:45:25,855 api_views Getting statistics for 10 Days (days=10) for user: dasoccer
INFO 2025-04-07 21:45:25,855 youtube_analytics Getting YouTube analytics for user: dasoccer, days: 10
INFO 2025-04-07 21:45:25,855 youtube_analytics User's stored channel ID: UCsDQAU5nsydVnxJZkAVGHdQ
INFO 2025-04-07 21:45:25,856 basehttp "GET /api/statistics/?days=10 HTTP/1.1" 200 571
INFO 2025-04-07 21:45:28,682 api_views Getting statistics for 30 Days (days=30) for user: dasoccer
INFO 2025-04-07 21:45:28,683 youtube_analytics Getting YouTube analytics for user: dasoccer, days: 30
INFO 2025-04-07 21:45:28,683 youtube_analytics User's stored channel ID: UCsDQAU5nsydVnxJZkAVGHdQ
INFO 2025-04-07 21:45:28,684 basehttp "GET /api/statistics/?days=30 HTTP/1.1" 200 1143
INFO 2025-04-07 21:45:28,688 api_views Getting statistics for 30 Days (days=30) for user: dasoccer
INFO 2025-04-07 21:45:28,688 youtube_analytics Getting YouTube analytics for user: dasoccer, days: 30
INFO 2025-04-07 21:45:28,689 youtube_analytics User's stored channel ID: UCsDQAU5nsydVnxJZkAVGHdQ
INFO 2025-04-07 21:45:28,689 basehttp "GET /api/statistics/?days=30 HTTP/1.1" 200 1143
INFO 2025-04-07 21:45:30,908 api_views Getting statistics for 10 Days (days=10) for user: dasoccer
INFO 2025-04-07 21:45:30,909 youtube_analytics Getting YouTube analytics for user: dasoccer, days: 10
INFO 2025-04-07 21:45:30,909 youtube_analytics User's stored channel ID: UCsDQAU5nsydVnxJZkAVGHdQ
INFO 2025-04-07 21:45:30,914 basehttp "GET /api/statistics/?days=10 HTTP/1.1" 200 571
INFO 2025-04-07 21:45:30,925 api_views Getting statistics for 10 Days (days=10) for user: dasoccer
INFO 2025-04-07 21:45:30,926 youtube_analytics Getting YouTube analytics for user: dasoccer, days: 10
INFO 2025-04-07 21:45:30,927 youtube_analytics User's stored channel ID: UCsDQAU5nsydVnxJZkAVGHdQ
INFO 2025-04-07 21:45:30,928 basehttp "GET /api/statistics/?days=10 HTTP/1.1" 200 571
INFO 2025-04-07 21:45:32,645 api_views Getting statistics for 6 Months (days=180) for user: dasoccer
INFO 2025-04-07 21:45:32,646 youtube_analytics Getting YouTube analytics for user: dasoccer, days: 180
INFO 2025-04-07 21:45:32,646 youtube_analytics User's stored channel ID: UCsDQAU5nsydVnxJZkAVGHdQ
INFO 2025-04-07 21:45:32,648 basehttp "GET /api/statistics/?days=180 HTTP/1.1" 200 5514
INFO 2025-04-07 21:45:32,652 api_views Getting statistics for 6 Months (days=180) for user: dasoccer
INFO 2025-04-07 21:45:32,653 youtube_analytics Getting YouTube analytics for user: dasoccer, days: 180
INFO 2025-04-07 21:45:32,653 youtube_analytics User's stored channel ID: UCsDQAU5nsydVnxJZkAVGHdQ
INFO 2025-04-07 21:45:32,654 basehttp "GET /api/statistics/?days=180 HTTP/1.1" 200 5514
INFO 2025-04-07 21:45:34,312 api_views Getting statistics for 1 Year (days=365) for user: dasoccer
INFO 2025-04-07 21:45:34,313 youtube_analytics Getting YouTube analytics for user: dasoccer, days: 365
INFO 2025-04-07 21:45:34,313 youtube_analytics User's stored channel ID: UCsDQAU5nsydVnxJZkAVGHdQ
INFO 2025-04-07 21:45:34,315 basehttp "GET /api/statistics/?days=365 HTTP/1.1" 200 11115
INFO 2025-04-07 21:45:34,319 api_views Getting statistics for 1 Year (days=365) for user: dasoccer
INFO 2025-04-07 21:45:34,319 youtube_analytics Getting YouTube analytics for user: dasoccer, days: 365
INFO 2025-04-07 21:45:34,319 youtube_analytics User's stored channel ID: UCsDQAU5nsydVnxJZkAVGHdQ
INFO 2025-04-07 21:45:34,321 basehttp "GET /api/statistics/?days=365 HTTP/1.1" 200 11115
INFO 2025-04-07 21:46:00,189 autoreload /Users/navidrahimi/ytanalytics/dashboard/views.py changed, reloading.
INFO 2025-04-07 21:46:00,739 autoreload Watching for file changes with StatReloader
INFO 2025-04-07 21:46:02,081 autoreload /Users/navidrahimi/ytanalytics/dashboard/views.py changed, reloading.
INFO 2025-04-07 21:46:02,443 autoreload Watching for file changes with StatReloader
INFO 2025-04-07 21:47:35,452 autoreload Watching for file changes with StatReloader
INFO 2025-04-07 21:47:39,580 youtube_analytics Getting YouTube analytics for user: dasoccer, days: 30
INFO 2025-04-07 21:47:39,585 youtube_analytics User's stored channel ID: UCsDQAU5nsydVnxJZkAVGHdQ
INFO 2025-04-07 21:47:42,678 basehttp "GET /dashboard/ HTTP/1.1" 200 48295
INFO 2025-04-07 21:47:46,322 api_views Getting statistics for 30 Days (days=30) for user: dasoccer
INFO 2025-04-07 21:47:46,518 youtube_analytics Getting YouTube analytics for user: dasoccer, days: 30
INFO 2025-04-07 21:47:46,518 youtube_analytics User's stored channel ID: UCsDQAU5nsydVnxJZkAVGHdQ
INFO 2025-04-07 21:47:46,535 basehttp "GET /api/statistics/?days=30 HTTP/1.1" 200 1143
INFO 2025-04-07 21:47:46,643 api_views Getting statistics for 30 Days (days=30) for user: dasoccer
INFO 2025-04-07 21:47:46,650 youtube_analytics Getting YouTube analytics for user: dasoccer, days: 30
INFO 2025-04-07 21:47:46,650 youtube_analytics User's stored channel ID: UCsDQAU5nsydVnxJZkAVGHdQ
INFO 2025-04-07 21:47:46,657 basehttp "GET /api/statistics/?days=30 HTTP/1.1" 200 1143
INFO 2025-04-07 21:47:50,954 api_views Getting statistics for 1 Year (days=365) for user: dasoccer
INFO 2025-04-07 21:47:51,003 youtube_analytics Getting YouTube analytics for user: dasoccer, days: 365
INFO 2025-04-07 21:47:51,062 youtube_analytics User's stored channel ID: UCsDQAU5nsydVnxJZkAVGHdQ
INFO 2025-04-07 21:47:51,230 basehttp "GET /api/statistics/?days=365 HTTP/1.1" 200 11115
INFO 2025-04-07 21:47:51,586 api_views Getting statistics for 1 Year (days=365) for user: dasoccer
INFO 2025-04-07 21:47:51,593 youtube_analytics Getting YouTube analytics for user: dasoccer, days: 365
INFO 2025-04-07 21:47:51,594 youtube_analytics User's stored channel ID: UCsDQAU5nsydVnxJZkAVGHdQ
INFO 2025-04-07 21:47:51,601 basehttp "GET /api/statistics/?days=365 HTTP/1.1" 200 11115
INFO 2025-04-07 21:48:03,243 basehttp "GET /youtube/search/ HTTP/1.1" 200 27159
ERROR 2025-04-07 21:48:15,153 log Internal Server Error: /network/
Traceback (most recent call last):
  File "/Users/navidrahimi/ytanalytics/ytanalytics/.venv/lib/python3.12/site-packages/django/template/base.py", line 883, in _resolve_lookup
    current = current[bit]
              ~~~~~~~^^^^^
TypeError: 'User' object is not subscriptable

During handling of the above exception, another exception occurred:

Traceback (most recent call last):
  File "/Users/navidrahimi/ytanalytics/ytanalytics/.venv/lib/python3.12/site-packages/django/template/base.py", line 893, in _resolve_lookup
    current = getattr(current, bit)
              ^^^^^^^^^^^^^^^^^^^^^
AttributeError: 'User' object has no attribute 'user'

During handling of the above exception, another exception occurred:

Traceback (most recent call last):
  File "/Users/navidrahimi/ytanalytics/ytanalytics/.venv/lib/python3.12/site-packages/django/template/base.py", line 899, in _resolve_lookup
    current = current[int(bit)]
                      ^^^^^^^^
ValueError: invalid literal for int() with base 10: 'user'

During handling of the above exception, another exception occurred:

Traceback (most recent call last):
  File "/Users/navidrahimi/ytanalytics/ytanalytics/.venv/lib/python3.12/site-packages/django/core/handlers/exception.py", line 55, in inner
    response = get_response(request)
               ^^^^^^^^^^^^^^^^^^^^^
  File "/Users/navidrahimi/ytanalytics/ytanalytics/.venv/lib/python3.12/site-packages/django/core/handlers/base.py", line 197, in _get_response
    response = wrapped_callback(request, *callback_args, **callback_kwargs)
               ^^^^^^^^^^^^^^^^^^^^^^^^^^^^^^^^^^^^^^^^^^^^^^^^^^^^^^^^^^^^
  File "/Users/navidrahimi/ytanalytics/ytanalytics/.venv/lib/python3.12/site-packages/django/contrib/auth/decorators.py", line 60, in _view_wrapper
    return view_func(request, *args, **kwargs)
           ^^^^^^^^^^^^^^^^^^^^^^^^^^^^^^^^^^^
  File "/Users/navidrahimi/ytanalytics/ytanalytics/.venv/lib/python3.12/site-packages/django/contrib/auth/decorators.py", line 60, in _view_wrapper
    return view_func(request, *args, **kwargs)
           ^^^^^^^^^^^^^^^^^^^^^^^^^^^^^^^^^^^
  File "/Users/navidrahimi/ytanalytics/dashboard/views.py", line 496, in network_view
    return render(request, 'auth/network.html', context)
           ^^^^^^^^^^^^^^^^^^^^^^^^^^^^^^^^^^^^^^^^^^^^^
  File "/Users/navidrahimi/ytanalytics/ytanalytics/.venv/lib/python3.12/site-packages/django/shortcuts.py", line 25, in render
    content = loader.render_to_string(template_name, context, request, using=using)
              ^^^^^^^^^^^^^^^^^^^^^^^^^^^^^^^^^^^^^^^^^^^^^^^^^^^^^^^^^^^^^^^^^^^^^
  File "/Users/navidrahimi/ytanalytics/ytanalytics/.venv/lib/python3.12/site-packages/django/template/loader.py", line 62, in render_to_string
    return template.render(context, request)
           ^^^^^^^^^^^^^^^^^^^^^^^^^^^^^^^^^
  File "/Users/navidrahimi/ytanalytics/ytanalytics/.venv/lib/python3.12/site-packages/django/template/backends/django.py", line 107, in render
    return self.template.render(context)
           ^^^^^^^^^^^^^^^^^^^^^^^^^^^^^
  File "/Users/navidrahimi/ytanalytics/ytanalytics/.venv/lib/python3.12/site-packages/django/template/base.py", line 171, in render
    return self._render(context)
           ^^^^^^^^^^^^^^^^^^^^^
  File "/Users/navidrahimi/ytanalytics/ytanalytics/.venv/lib/python3.12/site-packages/django/template/base.py", line 163, in _render
    return self.nodelist.render(context)
           ^^^^^^^^^^^^^^^^^^^^^^^^^^^^^
  File "/Users/navidrahimi/ytanalytics/ytanalytics/.venv/lib/python3.12/site-packages/django/template/base.py", line 1008, in render
    return SafeString("".join([node.render_annotated(context) for node in self]))
                               ^^^^^^^^^^^^^^^^^^^^^^^^^^^^^^
  File "/Users/navidrahimi/ytanalytics/ytanalytics/.venv/lib/python3.12/site-packages/django/template/base.py", line 969, in render_annotated
    return self.render(context)
           ^^^^^^^^^^^^^^^^^^^^
  File "/Users/navidrahimi/ytanalytics/ytanalytics/.venv/lib/python3.12/site-packages/django/template/loader_tags.py", line 159, in render
    return compiled_parent._render(context)
           ^^^^^^^^^^^^^^^^^^^^^^^^^^^^^^^^
  File "/Users/navidrahimi/ytanalytics/ytanalytics/.venv/lib/python3.12/site-packages/django/template/base.py", line 163, in _render
    return self.nodelist.render(context)
           ^^^^^^^^^^^^^^^^^^^^^^^^^^^^^
  File "/Users/navidrahimi/ytanalytics/ytanalytics/.venv/lib/python3.12/site-packages/django/template/base.py", line 1008, in render
    return SafeString("".join([node.render_annotated(context) for node in self]))
                               ^^^^^^^^^^^^^^^^^^^^^^^^^^^^^^
  File "/Users/navidrahimi/ytanalytics/ytanalytics/.venv/lib/python3.12/site-packages/django/template/base.py", line 969, in render_annotated
    return self.render(context)
           ^^^^^^^^^^^^^^^^^^^^
  File "/Users/navidrahimi/ytanalytics/ytanalytics/.venv/lib/python3.12/site-packages/django/template/loader_tags.py", line 159, in render
    return compiled_parent._render(context)
           ^^^^^^^^^^^^^^^^^^^^^^^^^^^^^^^^
  File "/Users/navidrahimi/ytanalytics/ytanalytics/.venv/lib/python3.12/site-packages/django/template/base.py", line 163, in _render
    return self.nodelist.render(context)
           ^^^^^^^^^^^^^^^^^^^^^^^^^^^^^
  File "/Users/navidrahimi/ytanalytics/ytanalytics/.venv/lib/python3.12/site-packages/django/template/base.py", line 1008, in render
    return SafeString("".join([node.render_annotated(context) for node in self]))
                               ^^^^^^^^^^^^^^^^^^^^^^^^^^^^^^
  File "/Users/navidrahimi/ytanalytics/ytanalytics/.venv/lib/python3.12/site-packages/django/template/base.py", line 969, in render_annotated
    return self.render(context)
           ^^^^^^^^^^^^^^^^^^^^
  File "/Users/navidrahimi/ytanalytics/ytanalytics/.venv/lib/python3.12/site-packages/django/template/loader_tags.py", line 65, in render
    result = block.nodelist.render(context)
             ^^^^^^^^^^^^^^^^^^^^^^^^^^^^^^
  File "/Users/navidrahimi/ytanalytics/ytanalytics/.venv/lib/python3.12/site-packages/django/template/base.py", line 1008, in render
    return SafeString("".join([node.render_annotated(context) for node in self]))
                               ^^^^^^^^^^^^^^^^^^^^^^^^^^^^^^
  File "/Users/navidrahimi/ytanalytics/ytanalytics/.venv/lib/python3.12/site-packages/django/template/base.py", line 969, in render_annotated
    return self.render(context)
           ^^^^^^^^^^^^^^^^^^^^
  File "/Users/navidrahimi/ytanalytics/ytanalytics/.venv/lib/python3.12/site-packages/django/template/loader_tags.py", line 65, in render
    result = block.nodelist.render(context)
             ^^^^^^^^^^^^^^^^^^^^^^^^^^^^^^
  File "/Users/navidrahimi/ytanalytics/ytanalytics/.venv/lib/python3.12/site-packages/django/template/base.py", line 1008, in render
    return SafeString("".join([node.render_annotated(context) for node in self]))
                               ^^^^^^^^^^^^^^^^^^^^^^^^^^^^^^
  File "/Users/navidrahimi/ytanalytics/ytanalytics/.venv/lib/python3.12/site-packages/django/template/base.py", line 969, in render_annotated
    return self.render(context)
           ^^^^^^^^^^^^^^^^^^^^
  File "/Users/navidrahimi/ytanalytics/ytanalytics/.venv/lib/python3.12/site-packages/django/template/defaulttags.py", line 243, in render
    nodelist.append(node.render_annotated(context))
                    ^^^^^^^^^^^^^^^^^^^^^^^^^^^^^^
  File "/Users/navidrahimi/ytanalytics/ytanalytics/.venv/lib/python3.12/site-packages/django/template/base.py", line 969, in render_annotated
    return self.render(context)
           ^^^^^^^^^^^^^^^^^^^^
  File "/Users/navidrahimi/ytanalytics/ytanalytics/.venv/lib/python3.12/site-packages/django/template/base.py", line 1067, in render
    output = self.filter_expression.resolve(context)
             ^^^^^^^^^^^^^^^^^^^^^^^^^^^^^^^^^^^^^^^
  File "/Users/navidrahimi/ytanalytics/ytanalytics/.venv/lib/python3.12/site-packages/django/template/base.py", line 739, in resolve
    arg_vals.append(arg.resolve(context))
                    ^^^^^^^^^^^^^^^^^^^^
  File "/Users/navidrahimi/ytanalytics/ytanalytics/.venv/lib/python3.12/site-packages/django/template/base.py", line 850, in resolve
    value = self._resolve_lookup(context)
            ^^^^^^^^^^^^^^^^^^^^^^^^^^^^^
  File "/Users/navidrahimi/ytanalytics/ytanalytics/.venv/lib/python3.12/site-packages/django/template/base.py", line 906, in _resolve_lookup
    raise VariableDoesNotExist(
django.template.base.VariableDoesNotExist: Failed lookup for key [user] in <User: navid23rahimib91f43aa088446a2>
ERROR 2025-04-07 21:48:15,164 basehttp "GET /network/ HTTP/1.1" 500 234840
ERROR 2025-04-07 21:48:24,311 log Internal Server Error: /network/
Traceback (most recent call last):
  File "/Users/navidrahimi/ytanalytics/ytanalytics/.venv/lib/python3.12/site-packages/django/template/base.py", line 883, in _resolve_lookup
    current = current[bit]
              ~~~~~~~^^^^^
TypeError: 'User' object is not subscriptable

During handling of the above exception, another exception occurred:

Traceback (most recent call last):
  File "/Users/navidrahimi/ytanalytics/ytanalytics/.venv/lib/python3.12/site-packages/django/template/base.py", line 893, in _resolve_lookup
    current = getattr(current, bit)
              ^^^^^^^^^^^^^^^^^^^^^
AttributeError: 'User' object has no attribute 'user'

During handling of the above exception, another exception occurred:

Traceback (most recent call last):
  File "/Users/navidrahimi/ytanalytics/ytanalytics/.venv/lib/python3.12/site-packages/django/template/base.py", line 899, in _resolve_lookup
    current = current[int(bit)]
                      ^^^^^^^^
ValueError: invalid literal for int() with base 10: 'user'

During handling of the above exception, another exception occurred:

Traceback (most recent call last):
  File "/Users/navidrahimi/ytanalytics/ytanalytics/.venv/lib/python3.12/site-packages/django/core/handlers/exception.py", line 55, in inner
    response = get_response(request)
               ^^^^^^^^^^^^^^^^^^^^^
  File "/Users/navidrahimi/ytanalytics/ytanalytics/.venv/lib/python3.12/site-packages/django/core/handlers/base.py", line 197, in _get_response
    response = wrapped_callback(request, *callback_args, **callback_kwargs)
               ^^^^^^^^^^^^^^^^^^^^^^^^^^^^^^^^^^^^^^^^^^^^^^^^^^^^^^^^^^^^
  File "/Users/navidrahimi/ytanalytics/ytanalytics/.venv/lib/python3.12/site-packages/django/contrib/auth/decorators.py", line 60, in _view_wrapper
    return view_func(request, *args, **kwargs)
           ^^^^^^^^^^^^^^^^^^^^^^^^^^^^^^^^^^^
  File "/Users/navidrahimi/ytanalytics/ytanalytics/.venv/lib/python3.12/site-packages/django/contrib/auth/decorators.py", line 60, in _view_wrapper
    return view_func(request, *args, **kwargs)
           ^^^^^^^^^^^^^^^^^^^^^^^^^^^^^^^^^^^
  File "/Users/navidrahimi/ytanalytics/dashboard/views.py", line 496, in network_view
    return render(request, 'auth/network.html', context)
           ^^^^^^^^^^^^^^^^^^^^^^^^^^^^^^^^^^^^^^^^^^^^^
  File "/Users/navidrahimi/ytanalytics/ytanalytics/.venv/lib/python3.12/site-packages/django/shortcuts.py", line 25, in render
    content = loader.render_to_string(template_name, context, request, using=using)
              ^^^^^^^^^^^^^^^^^^^^^^^^^^^^^^^^^^^^^^^^^^^^^^^^^^^^^^^^^^^^^^^^^^^^^
  File "/Users/navidrahimi/ytanalytics/ytanalytics/.venv/lib/python3.12/site-packages/django/template/loader.py", line 62, in render_to_string
    return template.render(context, request)
           ^^^^^^^^^^^^^^^^^^^^^^^^^^^^^^^^^
  File "/Users/navidrahimi/ytanalytics/ytanalytics/.venv/lib/python3.12/site-packages/django/template/backends/django.py", line 107, in render
    return self.template.render(context)
           ^^^^^^^^^^^^^^^^^^^^^^^^^^^^^
  File "/Users/navidrahimi/ytanalytics/ytanalytics/.venv/lib/python3.12/site-packages/django/template/base.py", line 171, in render
    return self._render(context)
           ^^^^^^^^^^^^^^^^^^^^^
  File "/Users/navidrahimi/ytanalytics/ytanalytics/.venv/lib/python3.12/site-packages/django/template/base.py", line 163, in _render
    return self.nodelist.render(context)
           ^^^^^^^^^^^^^^^^^^^^^^^^^^^^^
  File "/Users/navidrahimi/ytanalytics/ytanalytics/.venv/lib/python3.12/site-packages/django/template/base.py", line 1008, in render
    return SafeString("".join([node.render_annotated(context) for node in self]))
                               ^^^^^^^^^^^^^^^^^^^^^^^^^^^^^^
  File "/Users/navidrahimi/ytanalytics/ytanalytics/.venv/lib/python3.12/site-packages/django/template/base.py", line 969, in render_annotated
    return self.render(context)
           ^^^^^^^^^^^^^^^^^^^^
  File "/Users/navidrahimi/ytanalytics/ytanalytics/.venv/lib/python3.12/site-packages/django/template/loader_tags.py", line 159, in render
    return compiled_parent._render(context)
           ^^^^^^^^^^^^^^^^^^^^^^^^^^^^^^^^
  File "/Users/navidrahimi/ytanalytics/ytanalytics/.venv/lib/python3.12/site-packages/django/template/base.py", line 163, in _render
    return self.nodelist.render(context)
           ^^^^^^^^^^^^^^^^^^^^^^^^^^^^^
  File "/Users/navidrahimi/ytanalytics/ytanalytics/.venv/lib/python3.12/site-packages/django/template/base.py", line 1008, in render
    return SafeString("".join([node.render_annotated(context) for node in self]))
                               ^^^^^^^^^^^^^^^^^^^^^^^^^^^^^^
  File "/Users/navidrahimi/ytanalytics/ytanalytics/.venv/lib/python3.12/site-packages/django/template/base.py", line 969, in render_annotated
    return self.render(context)
           ^^^^^^^^^^^^^^^^^^^^
  File "/Users/navidrahimi/ytanalytics/ytanalytics/.venv/lib/python3.12/site-packages/django/template/loader_tags.py", line 159, in render
    return compiled_parent._render(context)
           ^^^^^^^^^^^^^^^^^^^^^^^^^^^^^^^^
  File "/Users/navidrahimi/ytanalytics/ytanalytics/.venv/lib/python3.12/site-packages/django/template/base.py", line 163, in _render
    return self.nodelist.render(context)
           ^^^^^^^^^^^^^^^^^^^^^^^^^^^^^
  File "/Users/navidrahimi/ytanalytics/ytanalytics/.venv/lib/python3.12/site-packages/django/template/base.py", line 1008, in render
    return SafeString("".join([node.render_annotated(context) for node in self]))
                               ^^^^^^^^^^^^^^^^^^^^^^^^^^^^^^
  File "/Users/navidrahimi/ytanalytics/ytanalytics/.venv/lib/python3.12/site-packages/django/template/base.py", line 969, in render_annotated
    return self.render(context)
           ^^^^^^^^^^^^^^^^^^^^
  File "/Users/navidrahimi/ytanalytics/ytanalytics/.venv/lib/python3.12/site-packages/django/template/loader_tags.py", line 65, in render
    result = block.nodelist.render(context)
             ^^^^^^^^^^^^^^^^^^^^^^^^^^^^^^
  File "/Users/navidrahimi/ytanalytics/ytanalytics/.venv/lib/python3.12/site-packages/django/template/base.py", line 1008, in render
    return SafeString("".join([node.render_annotated(context) for node in self]))
                               ^^^^^^^^^^^^^^^^^^^^^^^^^^^^^^
  File "/Users/navidrahimi/ytanalytics/ytanalytics/.venv/lib/python3.12/site-packages/django/template/base.py", line 969, in render_annotated
    return self.render(context)
           ^^^^^^^^^^^^^^^^^^^^
  File "/Users/navidrahimi/ytanalytics/ytanalytics/.venv/lib/python3.12/site-packages/django/template/loader_tags.py", line 65, in render
    result = block.nodelist.render(context)
             ^^^^^^^^^^^^^^^^^^^^^^^^^^^^^^
  File "/Users/navidrahimi/ytanalytics/ytanalytics/.venv/lib/python3.12/site-packages/django/template/base.py", line 1008, in render
    return SafeString("".join([node.render_annotated(context) for node in self]))
                               ^^^^^^^^^^^^^^^^^^^^^^^^^^^^^^
  File "/Users/navidrahimi/ytanalytics/ytanalytics/.venv/lib/python3.12/site-packages/django/template/base.py", line 969, in render_annotated
    return self.render(context)
           ^^^^^^^^^^^^^^^^^^^^
  File "/Users/navidrahimi/ytanalytics/ytanalytics/.venv/lib/python3.12/site-packages/django/template/defaulttags.py", line 243, in render
    nodelist.append(node.render_annotated(context))
                    ^^^^^^^^^^^^^^^^^^^^^^^^^^^^^^
  File "/Users/navidrahimi/ytanalytics/ytanalytics/.venv/lib/python3.12/site-packages/django/template/base.py", line 969, in render_annotated
    return self.render(context)
           ^^^^^^^^^^^^^^^^^^^^
  File "/Users/navidrahimi/ytanalytics/ytanalytics/.venv/lib/python3.12/site-packages/django/template/base.py", line 1067, in render
    output = self.filter_expression.resolve(context)
             ^^^^^^^^^^^^^^^^^^^^^^^^^^^^^^^^^^^^^^^
  File "/Users/navidrahimi/ytanalytics/ytanalytics/.venv/lib/python3.12/site-packages/django/template/base.py", line 739, in resolve
    arg_vals.append(arg.resolve(context))
                    ^^^^^^^^^^^^^^^^^^^^
  File "/Users/navidrahimi/ytanalytics/ytanalytics/.venv/lib/python3.12/site-packages/django/template/base.py", line 850, in resolve
    value = self._resolve_lookup(context)
            ^^^^^^^^^^^^^^^^^^^^^^^^^^^^^
  File "/Users/navidrahimi/ytanalytics/ytanalytics/.venv/lib/python3.12/site-packages/django/template/base.py", line 906, in _resolve_lookup
    raise VariableDoesNotExist(
django.template.base.VariableDoesNotExist: Failed lookup for key [user] in <User: navid23rahimib91f43aa088446a2>
ERROR 2025-04-07 21:48:24,315 basehttp "GET /network/ HTTP/1.1" 500 234840
INFO 2025-04-07 21:49:07,064 api_views Getting statistics for 1 Day (days=1) for user: dasoccer
INFO 2025-04-07 21:49:07,065 api_views Getting statistics for All Time (days=365) for user: dasoccer
INFO 2025-04-07 21:49:07,072 youtube_analytics Getting YouTube analytics for user: dasoccer, days: 365
INFO 2025-04-07 21:49:07,075 youtube_analytics User's stored channel ID: UCsDQAU5nsydVnxJZkAVGHdQ
INFO 2025-04-07 21:49:07,073 youtube_analytics Getting YouTube analytics for user: dasoccer, days: 1
INFO 2025-04-07 21:49:07,167 basehttp "GET /api/statistics/?days=all HTTP/1.1" 200 11117
INFO 2025-04-07 21:49:07,168 youtube_analytics User's stored channel ID: UCsDQAU5nsydVnxJZkAVGHdQ
INFO 2025-04-07 21:49:07,295 basehttp "GET /api/statistics/?days=1 HTTP/1.1" 200 304
INFO 2025-04-07 21:49:07,310 api_views Getting statistics for 1 Day (days=1) for user: dasoccer
INFO 2025-04-07 21:49:07,328 api_views Getting statistics for All Time (days=365) for user: dasoccer
INFO 2025-04-07 21:49:07,347 youtube_analytics Getting YouTube analytics for user: dasoccer, days: 365
INFO 2025-04-07 21:49:07,348 youtube_analytics User's stored channel ID: UCsDQAU5nsydVnxJZkAVGHdQ
INFO 2025-04-07 21:49:07,347 youtube_analytics Getting YouTube analytics for user: dasoccer, days: 1
INFO 2025-04-07 21:49:07,378 youtube_analytics User's stored channel ID: UCsDQAU5nsydVnxJZkAVGHdQ
INFO 2025-04-07 21:49:07,381 basehttp "GET /api/statistics/?days=1 HTTP/1.1" 200 304
INFO 2025-04-07 21:49:07,391 basehttp "GET /api/statistics/?days=all HTTP/1.1" 200 11117
INFO 2025-04-07 21:49:11,081 api_views Getting statistics for 30 Days (days=30) for user: dasoccer
INFO 2025-04-07 21:49:11,096 youtube_analytics Getting YouTube analytics for user: dasoccer, days: 30
INFO 2025-04-07 21:49:11,096 youtube_analytics User's stored channel ID: UCsDQAU5nsydVnxJZkAVGHdQ
INFO 2025-04-07 21:49:11,112 basehttp "GET /api/statistics/?days=30 HTTP/1.1" 200 1143
INFO 2025-04-07 21:49:11,148 api_views Getting statistics for 30 Days (days=30) for user: dasoccer
INFO 2025-04-07 21:49:11,166 youtube_analytics Getting YouTube analytics for user: dasoccer, days: 30
INFO 2025-04-07 21:49:11,176 youtube_analytics User's stored channel ID: UCsDQAU5nsydVnxJZkAVGHdQ
INFO 2025-04-07 21:49:11,182 basehttp "GET /api/statistics/?days=30 HTTP/1.1" 200 1143
INFO 2025-04-07 21:51:01,246 youtube_analytics Getting YouTube analytics for user: dasoccer, days: 30
INFO 2025-04-07 21:51:01,330 youtube_analytics User's stored channel ID: UCsDQAU5nsydVnxJZkAVGHdQ
INFO 2025-04-07 21:51:02,222 basehttp "GET /dashboard/ HTTP/1.1" 200 48295
INFO 2025-04-07 21:51:03,283 api_views Getting statistics for 30 Days (days=30) for user: dasoccer
INFO 2025-04-07 21:51:03,367 youtube_analytics Getting YouTube analytics for user: dasoccer, days: 30
INFO 2025-04-07 21:51:03,367 youtube_analytics User's stored channel ID: UCsDQAU5nsydVnxJZkAVGHdQ
INFO 2025-04-07 21:51:03,439 basehttp "GET /api/statistics/?days=30 HTTP/1.1" 200 1143
INFO 2025-04-07 21:51:03,496 api_views Getting statistics for 30 Days (days=30) for user: dasoccer
INFO 2025-04-07 21:51:03,498 youtube_analytics Getting YouTube analytics for user: dasoccer, days: 30
INFO 2025-04-07 21:51:03,498 youtube_analytics User's stored channel ID: UCsDQAU5nsydVnxJZkAVGHdQ
INFO 2025-04-07 21:51:03,501 basehttp "GET /api/statistics/?days=30 HTTP/1.1" 200 1143
INFO 2025-04-07 21:51:07,643 api_views Getting statistics for 10 Days (days=10) for user: dasoccer
INFO 2025-04-07 21:51:07,646 youtube_analytics Getting YouTube analytics for user: dasoccer, days: 10
INFO 2025-04-07 21:51:07,647 youtube_analytics User's stored channel ID: UCsDQAU5nsydVnxJZkAVGHdQ
INFO 2025-04-07 21:51:07,648 basehttp "GET /api/statistics/?days=10 HTTP/1.1" 200 571
INFO 2025-04-07 21:51:07,686 api_views Getting statistics for 10 Days (days=10) for user: dasoccer
INFO 2025-04-07 21:51:07,707 youtube_analytics Getting YouTube analytics for user: dasoccer, days: 10
INFO 2025-04-07 21:51:07,715 youtube_analytics User's stored channel ID: UCsDQAU5nsydVnxJZkAVGHdQ
INFO 2025-04-07 21:51:07,716 basehttp "GET /api/statistics/?days=10 HTTP/1.1" 200 571
INFO 2025-04-07 21:51:09,063 youtube_analytics Getting YouTube analytics for user: dasoccer, days: 30
INFO 2025-04-07 21:51:09,063 youtube_analytics User's stored channel ID: UCsDQAU5nsydVnxJZkAVGHdQ
INFO 2025-04-07 21:51:09,498 basehttp "GET /dashboard/ HTTP/1.1" 200 48295
INFO 2025-04-07 21:51:10,144 api_views Getting statistics for 30 Days (days=30) for user: dasoccer
INFO 2025-04-07 21:51:10,151 youtube_analytics Getting YouTube analytics for user: dasoccer, days: 30
INFO 2025-04-07 21:51:10,151 youtube_analytics User's stored channel ID: UCsDQAU5nsydVnxJZkAVGHdQ
INFO 2025-04-07 21:51:10,276 basehttp "GET /api/statistics/?days=30 HTTP/1.1" 200 1143
INFO 2025-04-07 21:51:10,324 api_views Getting statistics for 30 Days (days=30) for user: dasoccer
INFO 2025-04-07 21:51:10,355 youtube_analytics Getting YouTube analytics for user: dasoccer, days: 30
INFO 2025-04-07 21:51:10,357 youtube_analytics User's stored channel ID: UCsDQAU5nsydVnxJZkAVGHdQ
INFO 2025-04-07 21:51:10,367 basehttp "GET /api/statistics/?days=30 HTTP/1.1" 200 1143
INFO 2025-04-07 21:51:13,154 api_views Getting statistics for 10 Days (days=10) for user: dasoccer
INFO 2025-04-07 21:51:13,155 youtube_analytics Getting YouTube analytics for user: dasoccer, days: 10
INFO 2025-04-07 21:51:13,155 youtube_analytics User's stored channel ID: UCsDQAU5nsydVnxJZkAVGHdQ
INFO 2025-04-07 21:51:13,155 basehttp "GET /api/statistics/?days=10 HTTP/1.1" 200 571
INFO 2025-04-07 21:51:13,160 api_views Getting statistics for 10 Days (days=10) for user: dasoccer
INFO 2025-04-07 21:51:13,162 youtube_analytics Getting YouTube analytics for user: dasoccer, days: 10
INFO 2025-04-07 21:51:13,162 youtube_analytics User's stored channel ID: UCsDQAU5nsydVnxJZkAVGHdQ
INFO 2025-04-07 21:51:13,163 basehttp "GET /api/statistics/?days=10 HTTP/1.1" 200 571
INFO 2025-04-07 21:51:27,318 basehttp "GET /home/ HTTP/1.1" 200 20938
INFO 2025-04-07 21:51:30,663 views Edit profile accessed by user: dasoccer
INFO 2025-04-07 21:51:30,678 views Loading profile form via AJAX for user: dasoccer
DEBUG 2025-04-07 21:51:30,738 views Submit button in HTML: False
INFO 2025-04-07 21:51:30,741 basehttp "GET /edit-profile/?ajax=1 HTTP/1.1" 200 9068
INFO 2025-04-07 22:06:46,201 autoreload /Users/navidrahimi/ytanalytics/dashboard/views.py changed, reloading.
INFO 2025-04-07 22:06:47,546 autoreload Watching for file changes with StatReloader
INFO 2025-04-07 22:06:49,213 autoreload /Users/navidrahimi/ytanalytics/dashboard/views.py changed, reloading.
INFO 2025-04-07 22:06:49,890 autoreload Watching for file changes with StatReloader
INFO 2025-04-07 22:08:11,532 autoreload /Users/navidrahimi/ytanalytics/dashboard/youtube_analytics.py changed, reloading.
INFO 2025-04-07 22:08:12,058 autoreload Watching for file changes with StatReloader
INFO 2025-04-07 22:08:27,593 autoreload /Users/navidrahimi/ytanalytics/dashboard/youtube_analytics.py changed, reloading.
INFO 2025-04-07 22:08:28,148 autoreload Watching for file changes with StatReloader
INFO 2025-04-07 22:08:52,101 autoreload Watching for file changes with StatReloader
INFO 2025-04-07 22:09:01,887 basehttp "GET /home/ HTTP/1.1" 200 20938
INFO 2025-04-07 22:09:08,164 basehttp "GET /dashboard/statistics/ HTTP/1.1" 200 53045
INFO 2025-04-07 22:09:09,006 api_views Getting statistics for 30 Days (days=30) for user: dasoccer
INFO 2025-04-07 22:09:09,013 youtube_analytics Getting YouTube analytics for user: dasoccer, days: 30
INFO 2025-04-07 22:09:09,013 youtube_analytics User's stored channel ID: UCsDQAU5nsydVnxJZkAVGHdQ
INFO 2025-04-07 22:09:09,022 basehttp "GET /api/statistics/?days=30 HTTP/1.1" 200 1085
INFO 2025-04-07 22:09:09,122 api_views Getting statistics for 30 Days (days=30) for user: dasoccer
INFO 2025-04-07 22:09:09,163 youtube_analytics Getting YouTube analytics for user: dasoccer, days: 30
INFO 2025-04-07 22:09:09,168 youtube_analytics User's stored channel ID: UCsDQAU5nsydVnxJZkAVGHdQ
INFO 2025-04-07 22:09:09,181 basehttp "GET /api/statistics/?days=30 HTTP/1.1" 200 1048
INFO 2025-04-07 22:09:13,555 api_views Getting statistics for 1 Year (days=365) for user: dasoccer
INFO 2025-04-07 22:09:13,560 youtube_analytics Getting YouTube analytics for user: dasoccer, days: 365
INFO 2025-04-07 22:09:13,562 youtube_analytics User's stored channel ID: UCsDQAU5nsydVnxJZkAVGHdQ
INFO 2025-04-07 22:09:13,569 basehttp "GET /api/statistics/?days=365 HTTP/1.1" 200 9722
INFO 2025-04-07 22:09:13,584 api_views Getting statistics for 1 Year (days=365) for user: dasoccer
INFO 2025-04-07 22:09:13,586 youtube_analytics Getting YouTube analytics for user: dasoccer, days: 365
INFO 2025-04-07 22:09:13,586 youtube_analytics User's stored channel ID: UCsDQAU5nsydVnxJZkAVGHdQ
INFO 2025-04-07 22:09:13,644 basehttp "GET /api/statistics/?days=365 HTTP/1.1" 200 9801
INFO 2025-04-07 22:09:17,050 api_views Getting statistics for All Time (days=365) for user: dasoccer
INFO 2025-04-07 22:09:17,052 youtube_analytics Getting YouTube analytics for user: dasoccer, days: 365
INFO 2025-04-07 22:09:17,052 youtube_analytics User's stored channel ID: UCsDQAU5nsydVnxJZkAVGHdQ
INFO 2025-04-07 22:09:17,184 basehttp "GET /api/statistics/?days=all HTTP/1.1" 200 9804
INFO 2025-04-07 22:09:18,879 api_views Getting statistics for All Time (days=365) for user: dasoccer
INFO 2025-04-07 22:09:18,905 youtube_analytics Getting YouTube analytics for user: dasoccer, days: 365
INFO 2025-04-07 22:09:18,905 youtube_analytics User's stored channel ID: UCsDQAU5nsydVnxJZkAVGHdQ
INFO 2025-04-07 22:09:18,912 basehttp "GET /api/statistics/?days=all HTTP/1.1" 200 9439
INFO 2025-04-07 22:09:25,833 api_views Getting statistics for 1 Day (days=1) for user: dasoccer
INFO 2025-04-07 22:09:25,834 youtube_analytics Getting YouTube analytics for user: dasoccer, days: 1
INFO 2025-04-07 22:09:25,834 youtube_analytics User's stored channel ID: UCsDQAU5nsydVnxJZkAVGHdQ
INFO 2025-04-07 22:09:25,835 basehttp "GET /api/statistics/?days=1 HTTP/1.1" 200 328
INFO 2025-04-07 22:09:25,838 api_views Getting statistics for 1 Day (days=1) for user: dasoccer
INFO 2025-04-07 22:09:25,839 youtube_analytics Getting YouTube analytics for user: dasoccer, days: 1
INFO 2025-04-07 22:09:25,839 youtube_analytics User's stored channel ID: UCsDQAU5nsydVnxJZkAVGHdQ
INFO 2025-04-07 22:09:25,840 basehttp "GET /api/statistics/?days=1 HTTP/1.1" 200 331
INFO 2025-04-07 22:09:28,343 api_views Getting statistics for All Time (days=365) for user: dasoccer
INFO 2025-04-07 22:09:28,346 youtube_analytics Getting YouTube analytics for user: dasoccer, days: 365
INFO 2025-04-07 22:09:28,346 youtube_analytics User's stored channel ID: UCsDQAU5nsydVnxJZkAVGHdQ
INFO 2025-04-07 22:09:28,349 basehttp "GET /api/statistics/?days=all HTTP/1.1" 200 9660
INFO 2025-04-07 22:09:28,356 api_views Getting statistics for All Time (days=365) for user: dasoccer
INFO 2025-04-07 22:09:28,357 youtube_analytics Getting YouTube analytics for user: dasoccer, days: 365
INFO 2025-04-07 22:09:28,357 youtube_analytics User's stored channel ID: UCsDQAU5nsydVnxJZkAVGHdQ
INFO 2025-04-07 22:09:28,360 basehttp "GET /api/statistics/?days=all HTTP/1.1" 200 9938
INFO 2025-04-07 22:09:30,880 api_views Getting statistics for 1 Day (days=1) for user: dasoccer
INFO 2025-04-07 22:09:30,881 youtube_analytics Getting YouTube analytics for user: dasoccer, days: 1
INFO 2025-04-07 22:09:30,881 youtube_analytics User's stored channel ID: UCsDQAU5nsydVnxJZkAVGHdQ
INFO 2025-04-07 22:09:30,881 basehttp "GET /api/statistics/?days=1 HTTP/1.1" 200 330
INFO 2025-04-07 22:09:30,886 api_views Getting statistics for 1 Day (days=1) for user: dasoccer
INFO 2025-04-07 22:09:30,887 youtube_analytics Getting YouTube analytics for user: dasoccer, days: 1
INFO 2025-04-07 22:09:30,887 youtube_analytics User's stored channel ID: UCsDQAU5nsydVnxJZkAVGHdQ
INFO 2025-04-07 22:09:30,888 basehttp "GET /api/statistics/?days=1 HTTP/1.1" 200 328
INFO 2025-04-07 22:09:33,103 api_views Getting statistics for All Time (days=365) for user: dasoccer
INFO 2025-04-07 22:09:33,111 youtube_analytics Getting YouTube analytics for user: dasoccer, days: 365
INFO 2025-04-07 22:09:33,112 youtube_analytics User's stored channel ID: UCsDQAU5nsydVnxJZkAVGHdQ
INFO 2025-04-07 22:09:33,115 basehttp "GET /api/statistics/?days=all HTTP/1.1" 200 9806
INFO 2025-04-07 22:09:33,130 api_views Getting statistics for All Time (days=365) for user: dasoccer
INFO 2025-04-07 22:09:33,137 youtube_analytics Getting YouTube analytics for user: dasoccer, days: 365
INFO 2025-04-07 22:09:33,138 youtube_analytics User's stored channel ID: UCsDQAU5nsydVnxJZkAVGHdQ
INFO 2025-04-07 22:09:33,188 basehttp "GET /api/statistics/?days=all HTTP/1.1" 200 9804
INFO 2025-04-07 22:09:35,989 api_views Getting statistics for 1 Year (days=365) for user: dasoccer
INFO 2025-04-07 22:09:35,996 youtube_analytics Getting YouTube analytics for user: dasoccer, days: 365
INFO 2025-04-07 22:09:35,996 youtube_analytics User's stored channel ID: UCsDQAU5nsydVnxJZkAVGHdQ
INFO 2025-04-07 22:09:36,001 basehttp "GET /api/statistics/?days=365 HTTP/1.1" 200 9584
INFO 2025-04-07 22:09:36,083 api_views Getting statistics for 1 Year (days=365) for user: dasoccer
INFO 2025-04-07 22:09:36,086 youtube_analytics Getting YouTube analytics for user: dasoccer, days: 365
INFO 2025-04-07 22:09:36,087 youtube_analytics User's stored channel ID: UCsDQAU5nsydVnxJZkAVGHdQ
INFO 2025-04-07 22:09:36,170 basehttp "GET /api/statistics/?days=365 HTTP/1.1" 200 9919
INFO 2025-04-07 22:09:37,964 api_views Getting statistics for All Time (days=365) for user: dasoccer
INFO 2025-04-07 22:09:37,966 youtube_analytics Getting YouTube analytics for user: dasoccer, days: 365
INFO 2025-04-07 22:09:37,966 youtube_analytics User's stored channel ID: UCsDQAU5nsydVnxJZkAVGHdQ
INFO 2025-04-07 22:09:37,971 basehttp "GET /api/statistics/?days=all HTTP/1.1" 200 9436
INFO 2025-04-07 22:09:38,084 api_views Getting statistics for All Time (days=365) for user: dasoccer
INFO 2025-04-07 22:09:38,096 youtube_analytics Getting YouTube analytics for user: dasoccer, days: 365
INFO 2025-04-07 22:09:38,096 youtube_analytics User's stored channel ID: UCsDQAU5nsydVnxJZkAVGHdQ
INFO 2025-04-07 22:09:38,138 basehttp "GET /api/statistics/?days=all HTTP/1.1" 200 9805
INFO 2025-04-07 22:09:49,506 youtube_analytics Getting YouTube analytics for user: dasoccer, days: 30
INFO 2025-04-07 22:09:49,510 youtube_analytics User's stored channel ID: UCsDQAU5nsydVnxJZkAVGHdQ
INFO 2025-04-07 22:09:50,097 basehttp "GET /dashboard/ HTTP/1.1" 200 56253
INFO 2025-04-07 22:09:51,000 api_views Getting statistics for 30 Days (days=30) for user: dasoccer
INFO 2025-04-07 22:09:51,002 youtube_analytics Getting YouTube analytics for user: dasoccer, days: 30
INFO 2025-04-07 22:09:51,002 youtube_analytics User's stored channel ID: UCsDQAU5nsydVnxJZkAVGHdQ
INFO 2025-04-07 22:09:51,003 basehttp "GET /api/statistics/?days=30 HTTP/1.1" 200 1062
INFO 2025-04-07 22:09:51,045 api_views Getting statistics for 30 Days (days=30) for user: dasoccer
INFO 2025-04-07 22:09:51,048 youtube_analytics Getting YouTube analytics for user: dasoccer, days: 30
INFO 2025-04-07 22:09:51,048 youtube_analytics User's stored channel ID: UCsDQAU5nsydVnxJZkAVGHdQ
INFO 2025-04-07 22:09:51,049 basehttp "GET /api/statistics/?days=30 HTTP/1.1" 200 1089
INFO 2025-04-07 22:11:14,142 api_views Getting statistics for 1 Year (days=365) for user: dasoccer
INFO 2025-04-07 22:11:14,153 youtube_analytics Getting YouTube analytics for user: dasoccer, days: 365
INFO 2025-04-07 22:11:14,154 youtube_analytics User's stored channel ID: UCsDQAU5nsydVnxJZkAVGHdQ
INFO 2025-04-07 22:11:14,250 basehttp "GET /api/statistics/?days=365 HTTP/1.1" 200 9434
INFO 2025-04-07 22:11:14,435 api_views Getting statistics for 1 Year (days=365) for user: dasoccer
INFO 2025-04-07 22:11:14,447 youtube_analytics Getting YouTube analytics for user: dasoccer, days: 365
INFO 2025-04-07 22:11:14,450 youtube_analytics User's stored channel ID: UCsDQAU5nsydVnxJZkAVGHdQ
INFO 2025-04-07 22:11:14,505 basehttp "GET /api/statistics/?days=365 HTTP/1.1" 200 9717
INFO 2025-04-07 22:11:16,285 api_views Getting statistics for All Time (days=365) for user: dasoccer
INFO 2025-04-07 22:11:16,329 youtube_analytics Getting YouTube analytics for user: dasoccer, days: 365
INFO 2025-04-07 22:11:16,329 youtube_analytics User's stored channel ID: UCsDQAU5nsydVnxJZkAVGHdQ
INFO 2025-04-07 22:11:16,379 basehttp "GET /api/statistics/?days=all HTTP/1.1" 200 9961
INFO 2025-04-07 22:11:16,433 api_views Getting statistics for All Time (days=365) for user: dasoccer
INFO 2025-04-07 22:11:16,436 youtube_analytics Getting YouTube analytics for user: dasoccer, days: 365
INFO 2025-04-07 22:11:16,440 youtube_analytics User's stored channel ID: UCsDQAU5nsydVnxJZkAVGHdQ
INFO 2025-04-07 22:11:16,501 basehttp "GET /api/statistics/?days=all HTTP/1.1" 200 9433
INFO 2025-04-07 22:11:18,615 api_views Getting statistics for 1 Day (days=1) for user: dasoccer
INFO 2025-04-07 22:11:18,617 youtube_analytics Getting YouTube analytics for user: dasoccer, days: 1
INFO 2025-04-07 22:11:18,617 youtube_analytics User's stored channel ID: UCsDQAU5nsydVnxJZkAVGHdQ
INFO 2025-04-07 22:11:18,618 basehttp "GET /api/statistics/?days=1 HTTP/1.1" 200 331
INFO 2025-04-07 22:11:18,632 api_views Getting statistics for 1 Day (days=1) for user: dasoccer
INFO 2025-04-07 22:11:18,634 youtube_analytics Getting YouTube analytics for user: dasoccer, days: 1
INFO 2025-04-07 22:11:18,635 youtube_analytics User's stored channel ID: UCsDQAU5nsydVnxJZkAVGHdQ
INFO 2025-04-07 22:11:18,635 basehttp "GET /api/statistics/?days=1 HTTP/1.1" 200 328
INFO 2025-04-07 22:11:19,884 api_views Getting statistics for All Time (days=365) for user: dasoccer
INFO 2025-04-07 22:11:19,886 youtube_analytics Getting YouTube analytics for user: dasoccer, days: 365
INFO 2025-04-07 22:11:19,887 youtube_analytics User's stored channel ID: UCsDQAU5nsydVnxJZkAVGHdQ
INFO 2025-04-07 22:11:19,906 basehttp "GET /api/statistics/?days=all HTTP/1.1" 200 9436
INFO 2025-04-07 22:11:19,939 api_views Getting statistics for All Time (days=365) for user: dasoccer
INFO 2025-04-07 22:11:19,954 youtube_analytics Getting YouTube analytics for user: dasoccer, days: 365
INFO 2025-04-07 22:11:19,954 youtube_analytics User's stored channel ID: UCsDQAU5nsydVnxJZkAVGHdQ
INFO 2025-04-07 22:11:20,004 basehttp "GET /api/statistics/?days=all HTTP/1.1" 200 9808
INFO 2025-04-07 22:11:25,770 api_views Getting statistics for 1 Year (days=365) for user: dasoccer
INFO 2025-04-07 22:11:25,774 youtube_analytics Getting YouTube analytics for user: dasoccer, days: 365
INFO 2025-04-07 22:11:25,782 youtube_analytics User's stored channel ID: UCsDQAU5nsydVnxJZkAVGHdQ
INFO 2025-04-07 22:11:25,788 youtube_analytics Getting YouTube analytics for user: dasoccer, days: 30
INFO 2025-04-07 22:11:25,999 youtube_analytics User's stored channel ID: UCsDQAU5nsydVnxJZkAVGHdQ
INFO 2025-04-07 22:11:26,157 basehttp "GET /api/statistics/?days=365 HTTP/1.1" 200 9773
INFO 2025-04-07 22:11:26,379 api_views Getting statistics for 1 Year (days=365) for user: dasoccer
INFO 2025-04-07 22:11:26,386 youtube_analytics Getting YouTube analytics for user: dasoccer, days: 365
INFO 2025-04-07 22:11:26,423 youtube_analytics User's stored channel ID: UCsDQAU5nsydVnxJZkAVGHdQ
INFO 2025-04-07 22:11:26,481 basehttp "GET /api/statistics/?days=365 HTTP/1.1" 200 9809
INFO 2025-04-07 22:11:27,053 basehttp "GET /dashboard/ HTTP/1.1" 200 56251
INFO 2025-04-07 22:11:28,050 api_views Getting statistics for 30 Days (days=30) for user: dasoccer
INFO 2025-04-07 22:11:28,135 youtube_analytics Getting YouTube analytics for user: dasoccer, days: 30
INFO 2025-04-07 22:11:28,136 youtube_analytics User's stored channel ID: UCsDQAU5nsydVnxJZkAVGHdQ
INFO 2025-04-07 22:11:28,180 basehttp "GET /api/statistics/?days=30 HTTP/1.1" 200 1105
INFO 2025-04-07 22:11:28,471 api_views Getting statistics for 30 Days (days=30) for user: dasoccer
INFO 2025-04-07 22:11:28,473 youtube_analytics Getting YouTube analytics for user: dasoccer, days: 30
INFO 2025-04-07 22:11:28,473 youtube_analytics User's stored channel ID: UCsDQAU5nsydVnxJZkAVGHdQ
INFO 2025-04-07 22:11:28,477 basehttp "GET /api/statistics/?days=30 HTTP/1.1" 200 1099
INFO 2025-04-07 22:12:14,812 api_views Getting statistics for 1 Year (days=365) for user: dasoccer
INFO 2025-04-07 22:12:14,816 youtube_analytics Getting YouTube analytics for user: dasoccer, days: 365
INFO 2025-04-07 22:12:14,816 youtube_analytics User's stored channel ID: UCsDQAU5nsydVnxJZkAVGHdQ
INFO 2025-04-07 22:12:14,823 basehttp "GET /api/statistics/?days=365 HTTP/1.1" 200 9806
INFO 2025-04-07 22:12:15,057 api_views Getting statistics for 1 Year (days=365) for user: dasoccer
INFO 2025-04-07 22:12:15,070 youtube_analytics Getting YouTube analytics for user: dasoccer, days: 365
INFO 2025-04-07 22:12:15,070 youtube_analytics User's stored channel ID: UCsDQAU5nsydVnxJZkAVGHdQ
INFO 2025-04-07 22:12:15,125 basehttp "GET /api/statistics/?days=365 HTTP/1.1" 200 9434
INFO 2025-04-07 22:12:17,284 basehttp "GET /dashboard/statistics/ HTTP/1.1" 200 53045
INFO 2025-04-07 22:12:18,173 api_views Getting statistics for 30 Days (days=30) for user: dasoccer
INFO 2025-04-07 22:12:18,182 youtube_analytics Getting YouTube analytics for user: dasoccer, days: 30
INFO 2025-04-07 22:12:18,182 youtube_analytics User's stored channel ID: UCsDQAU5nsydVnxJZkAVGHdQ
INFO 2025-04-07 22:12:18,217 basehttp "GET /api/statistics/?days=30 HTTP/1.1" 200 1098
INFO 2025-04-07 22:12:18,424 api_views Getting statistics for 30 Days (days=30) for user: dasoccer
INFO 2025-04-07 22:12:18,432 youtube_analytics Getting YouTube analytics for user: dasoccer, days: 30
INFO 2025-04-07 22:12:18,432 youtube_analytics User's stored channel ID: UCsDQAU5nsydVnxJZkAVGHdQ
INFO 2025-04-07 22:12:18,433 basehttp "GET /api/statistics/?days=30 HTTP/1.1" 200 1082
INFO 2025-04-07 22:12:20,946 api_views Getting statistics for 1 Year (days=365) for user: dasoccer
INFO 2025-04-07 22:12:20,947 youtube_analytics Getting YouTube analytics for user: dasoccer, days: 365
INFO 2025-04-07 22:12:20,947 youtube_analytics User's stored channel ID: UCsDQAU5nsydVnxJZkAVGHdQ
INFO 2025-04-07 22:12:20,951 basehttp "GET /api/statistics/?days=365 HTTP/1.1" 200 9801
INFO 2025-04-07 22:12:20,963 api_views Getting statistics for 1 Year (days=365) for user: dasoccer
INFO 2025-04-07 22:12:20,965 youtube_analytics Getting YouTube analytics for user: dasoccer, days: 365
INFO 2025-04-07 22:12:20,965 youtube_analytics User's stored channel ID: UCsDQAU5nsydVnxJZkAVGHdQ
INFO 2025-04-07 22:12:20,968 basehttp "GET /api/statistics/?days=365 HTTP/1.1" 200 9502
INFO 2025-04-07 22:12:25,079 api_views Getting statistics for All Time (days=365) for user: dasoccer
INFO 2025-04-07 22:12:25,086 youtube_analytics Getting YouTube analytics for user: dasoccer, days: 365
INFO 2025-04-07 22:12:25,086 youtube_analytics User's stored channel ID: UCsDQAU5nsydVnxJZkAVGHdQ
INFO 2025-04-07 22:12:25,180 basehttp "GET /api/statistics/?days=all HTTP/1.1" 200 9530
INFO 2025-04-07 22:12:26,764 api_views Getting statistics for All Time (days=365) for user: dasoccer
INFO 2025-04-07 22:12:26,766 youtube_analytics Getting YouTube analytics for user: dasoccer, days: 365
INFO 2025-04-07 22:12:26,767 youtube_analytics User's stored channel ID: UCsDQAU5nsydVnxJZkAVGHdQ
INFO 2025-04-07 22:12:26,772 basehttp "GET /api/statistics/?days=all HTTP/1.1" 200 9809
INFO 2025-04-07 22:12:27,371 api_views Getting statistics for 1 Year (days=365) for user: dasoccer
INFO 2025-04-07 22:12:27,372 youtube_analytics Getting YouTube analytics for user: dasoccer, days: 365
INFO 2025-04-07 22:12:27,372 youtube_analytics User's stored channel ID: UCsDQAU5nsydVnxJZkAVGHdQ
INFO 2025-04-07 22:12:27,381 basehttp "GET /api/statistics/?days=365 HTTP/1.1" 200 9857
INFO 2025-04-07 22:12:27,391 api_views Getting statistics for 1 Year (days=365) for user: dasoccer
INFO 2025-04-07 22:12:27,399 youtube_analytics Getting YouTube analytics for user: dasoccer, days: 365
INFO 2025-04-07 22:12:27,401 youtube_analytics User's stored channel ID: UCsDQAU5nsydVnxJZkAVGHdQ
INFO 2025-04-07 22:12:27,481 basehttp "GET /api/statistics/?days=365 HTTP/1.1" 200 9804
INFO 2025-04-07 22:13:05,602 api_views Getting statistics for All Time (days=365) for user: dasoccer
INFO 2025-04-07 22:13:05,615 youtube_analytics Getting YouTube analytics for user: dasoccer, days: 365
INFO 2025-04-07 22:13:05,615 youtube_analytics User's stored channel ID: UCsDQAU5nsydVnxJZkAVGHdQ
INFO 2025-04-07 22:13:05,687 basehttp "GET /api/statistics/?days=all HTTP/1.1" 200 9961
INFO 2025-04-07 22:13:05,783 api_views Getting statistics for All Time (days=365) for user: dasoccer
INFO 2025-04-07 22:13:05,788 youtube_analytics Getting YouTube analytics for user: dasoccer, days: 365
INFO 2025-04-07 22:13:05,788 youtube_analytics User's stored channel ID: UCsDQAU5nsydVnxJZkAVGHdQ
INFO 2025-04-07 22:13:05,949 basehttp "GET /api/statistics/?days=all HTTP/1.1" 200 9804
INFO 2025-04-07 22:15:15,443 api_views Getting statistics for 1 Day (days=1) for user: dasoccer
INFO 2025-04-07 22:15:15,448 youtube_analytics Getting YouTube analytics for user: dasoccer, days: 1
INFO 2025-04-07 22:15:15,448 youtube_analytics User's stored channel ID: UCsDQAU5nsydVnxJZkAVGHdQ
INFO 2025-04-07 22:15:15,450 basehttp "GET /api/statistics/?days=1 HTTP/1.1" 200 330
INFO 2025-04-07 22:15:15,623 api_views Getting statistics for 1 Day (days=1) for user: dasoccer
INFO 2025-04-07 22:15:15,626 youtube_analytics Getting YouTube analytics for user: dasoccer, days: 1
INFO 2025-04-07 22:15:15,626 youtube_analytics User's stored channel ID: UCsDQAU5nsydVnxJZkAVGHdQ
INFO 2025-04-07 22:15:15,627 basehttp "GET /api/statistics/?days=1 HTTP/1.1" 200 327
INFO 2025-04-07 22:15:27,053 api_views Getting statistics for 30 Days (days=30) for user: dasoccer
INFO 2025-04-07 22:15:27,056 youtube_analytics Getting YouTube analytics for user: dasoccer, days: 30
INFO 2025-04-07 22:15:27,056 youtube_analytics User's stored channel ID: UCsDQAU5nsydVnxJZkAVGHdQ
INFO 2025-04-07 22:15:27,059 basehttp "GET /api/statistics/?days=30 HTTP/1.1" 200 1091
INFO 2025-04-07 22:15:27,422 api_views Getting statistics for 30 Days (days=30) for user: dasoccer
INFO 2025-04-07 22:15:27,476 youtube_analytics Getting YouTube analytics for user: dasoccer, days: 30
INFO 2025-04-07 22:15:27,477 youtube_analytics User's stored channel ID: UCsDQAU5nsydVnxJZkAVGHdQ
INFO 2025-04-07 22:15:27,478 basehttp "GET /api/statistics/?days=30 HTTP/1.1" 200 1092
INFO 2025-04-07 22:16:43,051 api_views Getting statistics for All Time (days=365) for user: dasoccer
INFO 2025-04-07 22:16:43,055 youtube_analytics Getting YouTube analytics for user: dasoccer, days: 365
INFO 2025-04-07 22:16:43,056 youtube_analytics User's stored channel ID: UCsDQAU5nsydVnxJZkAVGHdQ
INFO 2025-04-07 22:16:43,062 basehttp "GET /api/statistics/?days=all HTTP/1.1" 200 9555
INFO 2025-04-07 22:16:43,128 api_views Getting statistics for All Time (days=365) for user: dasoccer
INFO 2025-04-07 22:16:43,138 youtube_analytics Getting YouTube analytics for user: dasoccer, days: 365
INFO 2025-04-07 22:16:43,145 youtube_analytics User's stored channel ID: UCsDQAU5nsydVnxJZkAVGHdQ
INFO 2025-04-07 22:16:43,395 basehttp "GET /api/statistics/?days=all HTTP/1.1" 200 9806
INFO 2025-04-07 22:16:45,320 basehttp "GET /dashboard/statistics/ HTTP/1.1" 200 53045
INFO 2025-04-07 22:16:46,558 api_views Getting statistics for 30 Days (days=30) for user: dasoccer
INFO 2025-04-07 22:16:46,657 youtube_analytics Getting YouTube analytics for user: dasoccer, days: 30
INFO 2025-04-07 22:16:46,693 youtube_analytics User's stored channel ID: UCsDQAU5nsydVnxJZkAVGHdQ
INFO 2025-04-07 22:16:46,694 basehttp "GET /api/statistics/?days=30 HTTP/1.1" 200 1099
INFO 2025-04-07 22:16:46,804 api_views Getting statistics for 30 Days (days=30) for user: dasoccer
INFO 2025-04-07 22:16:46,827 youtube_analytics Getting YouTube analytics for user: dasoccer, days: 30
INFO 2025-04-07 22:16:46,828 youtube_analytics User's stored channel ID: UCsDQAU5nsydVnxJZkAVGHdQ
INFO 2025-04-07 22:16:46,844 basehttp "GET /api/statistics/?days=30 HTTP/1.1" 200 1092
INFO 2025-04-07 22:16:49,387 basehttp "GET /dashboard/statistics/ HTTP/1.1" 200 53045
INFO 2025-04-07 22:16:50,087 api_views Getting statistics for 30 Days (days=30) for user: dasoccer
INFO 2025-04-07 22:16:50,110 youtube_analytics Getting YouTube analytics for user: dasoccer, days: 30
INFO 2025-04-07 22:16:50,111 youtube_analytics User's stored channel ID: UCsDQAU5nsydVnxJZkAVGHdQ
INFO 2025-04-07 22:16:50,112 basehttp "GET /api/statistics/?days=30 HTTP/1.1" 200 1108
INFO 2025-04-07 22:16:50,263 api_views Getting statistics for 30 Days (days=30) for user: dasoccer
INFO 2025-04-07 22:16:50,295 youtube_analytics Getting YouTube analytics for user: dasoccer, days: 30
INFO 2025-04-07 22:16:50,307 youtube_analytics User's stored channel ID: UCsDQAU5nsydVnxJZkAVGHdQ
INFO 2025-04-07 22:16:50,313 basehttp "GET /api/statistics/?days=30 HTTP/1.1" 200 1109
INFO 2025-04-07 22:16:51,637 basehttp "GET /dashboard/statistics/ HTTP/1.1" 200 53045
INFO 2025-04-07 22:16:52,066 api_views Getting statistics for 30 Days (days=30) for user: dasoccer
INFO 2025-04-07 22:16:52,068 youtube_analytics Getting YouTube analytics for user: dasoccer, days: 30
INFO 2025-04-07 22:16:52,068 youtube_analytics User's stored channel ID: UCsDQAU5nsydVnxJZkAVGHdQ
INFO 2025-04-07 22:16:52,069 basehttp "GET /api/statistics/?days=30 HTTP/1.1" 200 1096
INFO 2025-04-07 22:16:52,252 api_views Getting statistics for 30 Days (days=30) for user: dasoccer
INFO 2025-04-07 22:16:52,295 youtube_analytics Getting YouTube analytics for user: dasoccer, days: 30
INFO 2025-04-07 22:16:52,303 youtube_analytics User's stored channel ID: UCsDQAU5nsydVnxJZkAVGHdQ
INFO 2025-04-07 22:16:52,329 basehttp "GET /api/statistics/?days=30 HTTP/1.1" 200 1091
INFO 2025-04-07 22:16:53,143 basehttp "GET /dashboard/statistics/ HTTP/1.1" 200 53045
INFO 2025-04-07 22:16:53,555 api_views Getting statistics for 30 Days (days=30) for user: dasoccer
INFO 2025-04-07 22:16:53,557 youtube_analytics Getting YouTube analytics for user: dasoccer, days: 30
INFO 2025-04-07 22:16:53,557 youtube_analytics User's stored channel ID: UCsDQAU5nsydVnxJZkAVGHdQ
INFO 2025-04-07 22:16:53,562 basehttp "GET /api/statistics/?days=30 HTTP/1.1" 200 1091
INFO 2025-04-07 22:16:53,617 api_views Getting statistics for 30 Days (days=30) for user: dasoccer
INFO 2025-04-07 22:16:53,651 youtube_analytics Getting YouTube analytics for user: dasoccer, days: 30
INFO 2025-04-07 22:16:53,651 youtube_analytics User's stored channel ID: UCsDQAU5nsydVnxJZkAVGHdQ
INFO 2025-04-07 22:16:53,661 basehttp "GET /api/statistics/?days=30 HTTP/1.1" 200 1089
INFO 2025-04-07 22:17:10,972 basehttp "GET /dashboard/statistics/ HTTP/1.1" 200 53045
INFO 2025-04-07 22:17:13,642 api_views Getting statistics for 30 Days (days=30) for user: dasoccer
INFO 2025-04-07 22:17:13,752 youtube_analytics Getting YouTube analytics for user: dasoccer, days: 30
INFO 2025-04-07 22:17:13,753 youtube_analytics User's stored channel ID: UCsDQAU5nsydVnxJZkAVGHdQ
INFO 2025-04-07 22:17:14,028 basehttp "GET /api/statistics/?days=30 HTTP/1.1" 200 1057
INFO 2025-04-07 22:17:15,463 api_views Getting statistics for 30 Days (days=30) for user: dasoccer
INFO 2025-04-07 22:17:15,479 youtube_analytics Getting YouTube analytics for user: dasoccer, days: 30
INFO 2025-04-07 22:17:15,485 youtube_analytics User's stored channel ID: UCsDQAU5nsydVnxJZkAVGHdQ
INFO 2025-04-07 22:17:15,562 basehttp "GET /api/statistics/?days=30 HTTP/1.1" 200 1062
INFO 2025-04-07 22:17:24,738 basehttp "GET /network/ HTTP/1.1" 200 23731
INFO 2025-04-07 22:17:32,173 youtube_analytics Getting YouTube analytics for user: dasoccer, days: 30
INFO 2025-04-07 22:17:32,174 youtube_analytics User's stored channel ID: UCsDQAU5nsydVnxJZkAVGHdQ
INFO 2025-04-07 22:17:33,271 basehttp "GET /dashboard/ HTTP/1.1" 200 56257
INFO 2025-04-07 22:17:38,486 api_views Getting statistics for 30 Days (days=30) for user: dasoccer
INFO 2025-04-07 22:17:38,490 youtube_analytics Getting YouTube analytics for user: dasoccer, days: 30
INFO 2025-04-07 22:17:38,490 youtube_analytics User's stored channel ID: UCsDQAU5nsydVnxJZkAVGHdQ
INFO 2025-04-07 22:17:38,492 basehttp "GET /api/statistics/?days=30 HTTP/1.1" 200 1057
INFO 2025-04-07 22:17:38,619 api_views Getting statistics for 30 Days (days=30) for user: dasoccer
INFO 2025-04-07 22:17:38,625 youtube_analytics Getting YouTube analytics for user: dasoccer, days: 30
INFO 2025-04-07 22:17:38,625 youtube_analytics User's stored channel ID: UCsDQAU5nsydVnxJZkAVGHdQ
INFO 2025-04-07 22:17:38,627 basehttp "GET /api/statistics/?days=30 HTTP/1.1" 200 1107
INFO 2025-04-07 22:17:40,093 basehttp "GET /network/ HTTP/1.1" 200 23731
INFO 2025-04-07 22:17:42,871 youtube_analytics Getting YouTube analytics for user: navid23rahimib91f43aa088446a2, days: 9999
INFO 2025-04-07 22:17:42,873 youtube_analytics User's stored channel ID: UCN20YF9lZ6THYPZV8QkxgcQ
INFO 2025-04-07 22:17:43,134 basehttp "GET /profile/navid23rahimib91f43aa088446a2/ HTTP/1.1" 200 31254
INFO 2025-04-07 22:17:57,238 basehttp "GET /dashboard/statistics/ HTTP/1.1" 200 53045
INFO 2025-04-07 22:17:58,216 api_views Getting statistics for 30 Days (days=30) for user: dasoccer
INFO 2025-04-07 22:17:58,219 youtube_analytics Getting YouTube analytics for user: dasoccer, days: 30
INFO 2025-04-07 22:17:58,220 youtube_analytics User's stored channel ID: UCsDQAU5nsydVnxJZkAVGHdQ
INFO 2025-04-07 22:17:58,221 basehttp "GET /api/statistics/?days=30 HTTP/1.1" 200 1045
INFO 2025-04-07 22:17:58,338 api_views Getting statistics for 30 Days (days=30) for user: dasoccer
INFO 2025-04-07 22:17:58,339 youtube_analytics Getting YouTube analytics for user: dasoccer, days: 30
INFO 2025-04-07 22:17:58,339 youtube_analytics User's stored channel ID: UCsDQAU5nsydVnxJZkAVGHdQ
INFO 2025-04-07 22:17:58,341 basehttp "GET /api/statistics/?days=30 HTTP/1.1" 200 1092
INFO 2025-04-07 22:18:03,341 basehttp "GET /network/ HTTP/1.1" 200 23731
INFO 2025-04-07 22:18:05,220 youtube_analytics Getting YouTube analytics for user: navid23rahimib91f43aa088446a2, days: 9999
INFO 2025-04-07 22:18:05,222 youtube_analytics User's stored channel ID: UCN20YF9lZ6THYPZV8QkxgcQ
INFO 2025-04-07 22:18:05,490 basehttp "GET /profile/navid23rahimib91f43aa088446a2/ HTTP/1.1" 200 31254
INFO 2025-04-07 22:18:11,196 youtube_analytics Getting YouTube analytics for user: dasoccer, days: 30
INFO 2025-04-07 22:18:11,197 youtube_analytics User's stored channel ID: UCsDQAU5nsydVnxJZkAVGHdQ
INFO 2025-04-07 22:18:11,262 basehttp "GET /profile/dasoccer/ HTTP/1.1" 200 30151
INFO 2025-04-07 22:18:25,569 youtube_analytics Getting YouTube analytics for user: dasoccer, days: 30
INFO 2025-04-07 22:18:25,572 youtube_analytics User's stored channel ID: UCsDQAU5nsydVnxJZkAVGHdQ
INFO 2025-04-07 22:18:25,578 basehttp "GET /profile/dasoccer/ HTTP/1.1" 200 30152
INFO 2025-04-07 22:20:21,847 basehttp "GET /dashboard/statistics/ HTTP/1.1" 200 52986
INFO 2025-04-07 22:20:24,410 api_views Getting statistics for 30 Days (days=30) for user: navid
INFO 2025-04-07 22:20:24,414 youtube_analytics Getting YouTube analytics for user: navid, days: 30
INFO 2025-04-07 22:20:24,415 youtube_analytics User's stored channel ID: UCX6OQ3DkcsbYNE6H8uQQuVA
INFO 2025-04-07 22:20:24,633 basehttp "GET /api/statistics/?days=30 HTTP/1.1" 200 1093
INFO 2025-04-07 22:20:25,658 api_views Getting statistics for 30 Days (days=30) for user: navid
INFO 2025-04-07 22:20:25,663 youtube_analytics Getting YouTube analytics for user: navid, days: 30
INFO 2025-04-07 22:20:25,664 youtube_analytics User's stored channel ID: UCX6OQ3DkcsbYNE6H8uQQuVA
INFO 2025-04-07 22:20:25,665 basehttp "GET /api/statistics/?days=30 HTTP/1.1" 200 1073
INFO 2025-04-07 22:20:26,320 basehttp "GET /network/ HTTP/1.1" 200 21904
INFO 2025-04-07 22:20:33,831 basehttp "GET /home/ HTTP/1.1" 200 20879
INFO 2025-04-07 22:20:35,906 basehttp "GET /logout/ HTTP/1.1" 302 0
INFO 2025-04-07 22:20:35,993 basehttp "GET /home/ HTTP/1.1" 200 16645
INFO 2025-04-07 22:20:38,091 basehttp "GET /auth/login/google-oauth2/ HTTP/1.1" 302 0
INFO 2025-04-07 22:28:07,914 autoreload Watching for file changes with StatReloader
INFO 2025-04-07 22:28:18,062 basehttp "GET / HTTP/1.1" 302 0
INFO 2025-04-07 22:28:18,187 basehttp "GET /home/ HTTP/1.1" 200 16645
INFO 2025-04-07 22:28:21,689 basehttp "GET /auth/login/google-oauth2/ HTTP/1.1" 302 0
INFO 2025-04-07 22:30:40,147 autoreload Watching for file changes with StatReloader
INFO 2025-04-07 22:30:52,567 basehttp "GET /home/ HTTP/1.1" 200 16645
INFO 2025-04-07 22:30:54,587 basehttp "GET / HTTP/1.1" 302 0
INFO 2025-04-07 22:30:54,604 basehttp "GET /home/ HTTP/1.1" 200 16645
INFO 2025-04-07 22:30:58,387 basehttp "GET /auth/login/google-oauth2/ HTTP/1.1" 302 0
INFO 2025-04-07 22:31:37,180 basehttp "GET /auth/login/google-oauth2/ HTTP/1.1" 302 0
INFO 2025-04-07 22:32:01,419 basehttp "GET /auth/complete/google-oauth2/?state=U0RG09kRNDPtVVMjg4W8cGReGpjzpcWt&code=4/0Ab_5qlkOaq6jVTV2AEc_6IuSqBGae1vigMDtBdGX34l-Biy5q9nBKfCr9Z9DEG4D-Bb3Yg&scope=email%20profile%20https://www.googleapis.com/auth/yt-analytics-monetary.readonly%20https://www.googleapis.com/auth/youtube.readonly%20https://www.googleapis.com/auth/yt-analytics.readonly%20https://www.googleapis.com/auth/youtube%20openid%20https://www.googleapis.com/auth/userinfo.profile%20https://www.googleapis.com/auth/userinfo.email&authuser=0&prompt=consent HTTP/1.1" 302 0
INFO 2025-04-07 22:32:01,442 youtube_analytics Getting YouTube analytics for user: navid23rahimib91f43aa088446a2, days: 30
INFO 2025-04-07 22:32:01,442 youtube_analytics User's stored channel ID: UCN20YF9lZ6THYPZV8QkxgcQ
INFO 2025-04-07 22:32:01,443 youtube_analytics Successfully got credentials for user navid23rahimib91f43aa088446a2, fetching analytics...
INFO 2025-04-07 22:32:01,454 youtube_analytics Querying YouTube Analytics API from 2025-03-08 to 2025-04-07 for channel UCN20YF9lZ6THYPZV8QkxgcQ
INFO 2025-04-07 22:32:01,809 youtube_analytics Successfully retrieved analytics data: 29 rows
INFO 2025-04-07 22:32:02,176 basehttp "GET /dashboard/ HTTP/1.1" 200 46020
INFO 2025-04-07 22:32:02,412 api_views Getting statistics for 30 Days (days=30) for user: navid23rahimib91f43aa088446a2
INFO 2025-04-07 22:32:02,414 youtube_analytics Getting YouTube analytics for user: navid23rahimib91f43aa088446a2, days: 30
INFO 2025-04-07 22:32:02,414 youtube_analytics User's stored channel ID: UCN20YF9lZ6THYPZV8QkxgcQ
INFO 2025-04-07 22:32:02,415 youtube_analytics Successfully got credentials for user navid23rahimib91f43aa088446a2, fetching analytics...
INFO 2025-04-07 22:32:02,417 youtube_analytics Querying YouTube Analytics API from 2025-03-08 to 2025-04-07 for channel UCN20YF9lZ6THYPZV8QkxgcQ
INFO 2025-04-07 22:32:02,691 youtube_analytics Successfully retrieved analytics data: 29 rows
INFO 2025-04-07 22:32:02,832 basehttp "GET /api/statistics/?days=30 HTTP/1.1" 200 945
INFO 2025-04-07 22:32:02,842 api_views Getting statistics for 30 Days (days=30) for user: navid23rahimib91f43aa088446a2
INFO 2025-04-07 22:32:02,844 youtube_analytics Getting YouTube analytics for user: navid23rahimib91f43aa088446a2, days: 30
INFO 2025-04-07 22:32:02,844 youtube_analytics User's stored channel ID: UCN20YF9lZ6THYPZV8QkxgcQ
INFO 2025-04-07 22:32:02,845 youtube_analytics Successfully got credentials for user navid23rahimib91f43aa088446a2, fetching analytics...
INFO 2025-04-07 22:32:02,847 youtube_analytics Querying YouTube Analytics API from 2025-03-08 to 2025-04-07 for channel UCN20YF9lZ6THYPZV8QkxgcQ
INFO 2025-04-07 22:32:03,166 youtube_analytics Successfully retrieved analytics data: 29 rows
INFO 2025-04-07 22:32:03,280 basehttp "GET /api/statistics/?days=30 HTTP/1.1" 200 945
INFO 2025-04-07 22:32:10,562 basehttp "GET /dashboard/statistics/ HTTP/1.1" 200 53087
INFO 2025-04-07 22:32:10,671 api_views Getting statistics for 30 Days (days=30) for user: navid23rahimib91f43aa088446a2
INFO 2025-04-07 22:32:10,672 youtube_analytics Getting YouTube analytics for user: navid23rahimib91f43aa088446a2, days: 30
INFO 2025-04-07 22:32:10,673 youtube_analytics User's stored channel ID: UCN20YF9lZ6THYPZV8QkxgcQ
INFO 2025-04-07 22:32:10,675 youtube_analytics Successfully got credentials for user navid23rahimib91f43aa088446a2, fetching analytics...
INFO 2025-04-07 22:32:10,710 youtube_analytics Querying YouTube Analytics API from 2025-03-08 to 2025-04-07 for channel UCN20YF9lZ6THYPZV8QkxgcQ
INFO 2025-04-07 22:32:10,961 youtube_analytics Successfully retrieved analytics data: 29 rows
INFO 2025-04-07 22:32:11,085 basehttp "GET /api/statistics/?days=30 HTTP/1.1" 200 945
INFO 2025-04-07 22:32:11,091 api_views Getting statistics for 30 Days (days=30) for user: navid23rahimib91f43aa088446a2
INFO 2025-04-07 22:32:11,100 youtube_analytics Getting YouTube analytics for user: navid23rahimib91f43aa088446a2, days: 30
INFO 2025-04-07 22:32:11,100 youtube_analytics User's stored channel ID: UCN20YF9lZ6THYPZV8QkxgcQ
INFO 2025-04-07 22:32:11,101 youtube_analytics Successfully got credentials for user navid23rahimib91f43aa088446a2, fetching analytics...
INFO 2025-04-07 22:32:11,103 youtube_analytics Querying YouTube Analytics API from 2025-03-08 to 2025-04-07 for channel UCN20YF9lZ6THYPZV8QkxgcQ
INFO 2025-04-07 22:32:11,371 youtube_analytics Successfully retrieved analytics data: 29 rows
INFO 2025-04-07 22:32:11,607 basehttp "GET /api/statistics/?days=30 HTTP/1.1" 200 945
INFO 2025-04-07 22:32:14,387 api_views Getting statistics for 1 Year (days=365) for user: navid23rahimib91f43aa088446a2
INFO 2025-04-07 22:32:14,388 youtube_analytics Getting YouTube analytics for user: navid23rahimib91f43aa088446a2, days: 365
INFO 2025-04-07 22:32:14,388 youtube_analytics User's stored channel ID: UCN20YF9lZ6THYPZV8QkxgcQ
INFO 2025-04-07 22:32:14,389 youtube_analytics Successfully got credentials for user navid23rahimib91f43aa088446a2, fetching analytics...
INFO 2025-04-07 22:32:14,391 youtube_analytics Querying YouTube Analytics API from 2024-04-07 to 2025-04-07 for channel UCN20YF9lZ6THYPZV8QkxgcQ
INFO 2025-04-07 22:32:14,677 youtube_analytics Successfully retrieved analytics data: 364 rows
INFO 2025-04-07 22:32:14,800 basehttp "GET /api/statistics/?days=365 HTTP/1.1" 200 8649
INFO 2025-04-07 22:32:14,804 api_views Getting statistics for 1 Year (days=365) for user: navid23rahimib91f43aa088446a2
INFO 2025-04-07 22:32:14,804 youtube_analytics Getting YouTube analytics for user: navid23rahimib91f43aa088446a2, days: 365
INFO 2025-04-07 22:32:14,805 youtube_analytics User's stored channel ID: UCN20YF9lZ6THYPZV8QkxgcQ
INFO 2025-04-07 22:32:14,805 youtube_analytics Successfully got credentials for user navid23rahimib91f43aa088446a2, fetching analytics...
INFO 2025-04-07 22:32:14,807 youtube_analytics Querying YouTube Analytics API from 2024-04-07 to 2025-04-07 for channel UCN20YF9lZ6THYPZV8QkxgcQ
INFO 2025-04-07 22:32:15,067 youtube_analytics Successfully retrieved analytics data: 364 rows
INFO 2025-04-07 22:32:15,198 basehttp "GET /api/statistics/?days=365 HTTP/1.1" 200 8649
INFO 2025-04-07 22:32:16,281 api_views Getting statistics for All Time (days=365) for user: navid23rahimib91f43aa088446a2
INFO 2025-04-07 22:32:16,282 youtube_analytics Getting YouTube analytics for user: navid23rahimib91f43aa088446a2, days: 365
INFO 2025-04-07 22:32:16,282 youtube_analytics User's stored channel ID: UCN20YF9lZ6THYPZV8QkxgcQ
INFO 2025-04-07 22:32:16,283 youtube_analytics Successfully got credentials for user navid23rahimib91f43aa088446a2, fetching analytics...
INFO 2025-04-07 22:32:16,284 youtube_analytics Querying YouTube Analytics API from 2024-04-07 to 2025-04-07 for channel UCN20YF9lZ6THYPZV8QkxgcQ
INFO 2025-04-07 22:32:16,538 youtube_analytics Successfully retrieved analytics data: 364 rows
INFO 2025-04-07 22:32:16,746 basehttp "GET /api/statistics/?days=all HTTP/1.1" 200 8651
INFO 2025-04-07 22:32:16,751 api_views Getting statistics for All Time (days=365) for user: navid23rahimib91f43aa088446a2
INFO 2025-04-07 22:32:16,752 youtube_analytics Getting YouTube analytics for user: navid23rahimib91f43aa088446a2, days: 365
INFO 2025-04-07 22:32:16,752 youtube_analytics User's stored channel ID: UCN20YF9lZ6THYPZV8QkxgcQ
INFO 2025-04-07 22:32:16,753 youtube_analytics Successfully got credentials for user navid23rahimib91f43aa088446a2, fetching analytics...
INFO 2025-04-07 22:32:16,755 youtube_analytics Querying YouTube Analytics API from 2024-04-07 to 2025-04-07 for channel UCN20YF9lZ6THYPZV8QkxgcQ
INFO 2025-04-07 22:32:17,030 youtube_analytics Successfully retrieved analytics data: 364 rows
INFO 2025-04-07 22:32:17,155 basehttp "GET /api/statistics/?days=all HTTP/1.1" 200 8651
INFO 2025-04-07 22:32:17,233 basehttp "GET /network/ HTTP/1.1" 200 23689
INFO 2025-04-07 22:32:19,004 youtube_analytics Getting YouTube analytics for user: dasoccer, days: 9999
INFO 2025-04-07 22:32:19,005 youtube_analytics User's stored channel ID: UCsDQAU5nsydVnxJZkAVGHdQ
INFO 2025-04-07 22:32:19,006 youtube_analytics Successfully got credentials for user dasoccer, fetching analytics...
INFO 2025-04-07 22:32:19,007 youtube_analytics Querying YouTube Analytics API from 1997-11-21 to 2025-04-07 for channel UCsDQAU5nsydVnxJZkAVGHdQ
INFO 2025-04-07 22:32:19,552 youtube_analytics Successfully retrieved analytics data: 9998 rows
INFO 2025-04-07 22:32:19,713 basehttp "GET /profile/dasoccer/ HTTP/1.1" 200 30976
INFO 2025-04-07 22:32:23,165 youtube_analytics Getting YouTube analytics for user: dasoccer, days: 9999
INFO 2025-04-07 22:32:23,166 youtube_analytics User's stored channel ID: UCsDQAU5nsydVnxJZkAVGHdQ
INFO 2025-04-07 22:32:23,167 youtube_analytics Successfully got credentials for user dasoccer, fetching analytics...
INFO 2025-04-07 22:32:23,169 youtube_analytics Querying YouTube Analytics API from 1997-11-21 to 2025-04-07 for channel UCsDQAU5nsydVnxJZkAVGHdQ
INFO 2025-04-07 22:32:23,624 youtube_analytics Successfully retrieved analytics data: 9998 rows
INFO 2025-04-07 22:32:23,750 basehttp "GET /profile/dasoccer/ HTTP/1.1" 200 30976
INFO 2025-04-07 22:32:26,102 youtube_analytics Getting YouTube analytics for user: dasoccer, days: 9999
INFO 2025-04-07 22:32:26,103 youtube_analytics User's stored channel ID: UCsDQAU5nsydVnxJZkAVGHdQ
INFO 2025-04-07 22:32:26,104 youtube_analytics Successfully got credentials for user dasoccer, fetching analytics...
INFO 2025-04-07 22:32:26,106 youtube_analytics Querying YouTube Analytics API from 1997-11-21 to 2025-04-07 for channel UCsDQAU5nsydVnxJZkAVGHdQ
INFO 2025-04-07 22:32:26,573 youtube_analytics Successfully retrieved analytics data: 9998 rows
INFO 2025-04-07 22:32:26,696 basehttp "GET /profile/dasoccer/ HTTP/1.1" 200 30976
INFO 2025-04-07 22:32:47,933 basehttp "GET /home/ HTTP/1.1" 200 20938
INFO 2025-04-07 22:32:51,575 basehttp "GET /dashboard/statistics/ HTTP/1.1" 200 53045
INFO 2025-04-07 22:32:52,177 api_views Getting statistics for 30 Days (days=30) for user: dasoccer
INFO 2025-04-07 22:32:52,180 youtube_analytics Getting YouTube analytics for user: dasoccer, days: 30
INFO 2025-04-07 22:32:52,180 youtube_analytics User's stored channel ID: UCsDQAU5nsydVnxJZkAVGHdQ
INFO 2025-04-07 22:32:52,185 youtube_analytics Successfully got credentials for user dasoccer, fetching analytics...
INFO 2025-04-07 22:32:52,191 youtube_analytics Querying YouTube Analytics API from 2025-03-08 to 2025-04-07 for channel UCsDQAU5nsydVnxJZkAVGHdQ
INFO 2025-04-07 22:32:52,595 youtube_analytics Successfully retrieved analytics data: 29 rows
INFO 2025-04-07 22:32:52,704 basehttp "GET /api/statistics/?days=30 HTTP/1.1" 200 946
INFO 2025-04-07 22:32:52,709 api_views Getting statistics for 30 Days (days=30) for user: dasoccer
INFO 2025-04-07 22:32:52,711 youtube_analytics Getting YouTube analytics for user: dasoccer, days: 30
INFO 2025-04-07 22:32:52,711 youtube_analytics User's stored channel ID: UCsDQAU5nsydVnxJZkAVGHdQ
INFO 2025-04-07 22:32:52,712 youtube_analytics Successfully got credentials for user dasoccer, fetching analytics...
INFO 2025-04-07 22:32:52,713 youtube_analytics Querying YouTube Analytics API from 2025-03-08 to 2025-04-07 for channel UCsDQAU5nsydVnxJZkAVGHdQ
INFO 2025-04-07 22:32:52,982 youtube_analytics Successfully retrieved analytics data: 29 rows
INFO 2025-04-07 22:32:53,095 basehttp "GET /api/statistics/?days=30 HTTP/1.1" 200 946
INFO 2025-04-07 22:32:55,692 api_views Getting statistics for All Time (days=365) for user: dasoccer
INFO 2025-04-07 22:32:55,694 youtube_analytics Getting YouTube analytics for user: dasoccer, days: 365
INFO 2025-04-07 22:32:55,694 youtube_analytics User's stored channel ID: UCsDQAU5nsydVnxJZkAVGHdQ
INFO 2025-04-07 22:32:55,697 youtube_analytics Successfully got credentials for user dasoccer, fetching analytics...
INFO 2025-04-07 22:32:55,698 youtube_analytics Querying YouTube Analytics API from 2024-04-07 to 2025-04-07 for channel UCsDQAU5nsydVnxJZkAVGHdQ
INFO 2025-04-07 22:32:55,998 youtube_analytics Successfully retrieved analytics data: 364 rows
INFO 2025-04-07 22:32:56,168 basehttp "GET /api/statistics/?days=all HTTP/1.1" 200 8700
INFO 2025-04-07 22:32:56,173 api_views Getting statistics for All Time (days=365) for user: dasoccer
INFO 2025-04-07 22:32:56,175 youtube_analytics Getting YouTube analytics for user: dasoccer, days: 365
INFO 2025-04-07 22:32:56,175 youtube_analytics User's stored channel ID: UCsDQAU5nsydVnxJZkAVGHdQ
INFO 2025-04-07 22:32:56,176 youtube_analytics Successfully got credentials for user dasoccer, fetching analytics...
INFO 2025-04-07 22:32:56,178 youtube_analytics Querying YouTube Analytics API from 2024-04-07 to 2025-04-07 for channel UCsDQAU5nsydVnxJZkAVGHdQ
INFO 2025-04-07 22:32:56,445 youtube_analytics Successfully retrieved analytics data: 364 rows
INFO 2025-04-07 22:32:56,572 basehttp "GET /api/statistics/?days=all HTTP/1.1" 200 8700
INFO 2025-04-07 22:33:00,035 basehttp "GET /dashboard/statistics/ HTTP/1.1" 200 53045
INFO 2025-04-07 22:33:00,454 api_views Getting statistics for 30 Days (days=30) for user: dasoccer
INFO 2025-04-07 22:33:00,457 youtube_analytics Getting YouTube analytics for user: dasoccer, days: 30
INFO 2025-04-07 22:33:00,458 youtube_analytics User's stored channel ID: UCsDQAU5nsydVnxJZkAVGHdQ
INFO 2025-04-07 22:33:00,467 youtube_analytics Successfully got credentials for user dasoccer, fetching analytics...
INFO 2025-04-07 22:33:00,519 youtube_analytics Querying YouTube Analytics API from 2025-03-08 to 2025-04-07 for channel UCsDQAU5nsydVnxJZkAVGHdQ
INFO 2025-04-07 22:33:00,815 youtube_analytics Successfully retrieved analytics data: 29 rows
INFO 2025-04-07 22:33:00,951 basehttp "GET /api/statistics/?days=30 HTTP/1.1" 200 946
INFO 2025-04-07 22:33:00,955 api_views Getting statistics for 30 Days (days=30) for user: dasoccer
INFO 2025-04-07 22:33:00,956 youtube_analytics Getting YouTube analytics for user: dasoccer, days: 30
INFO 2025-04-07 22:33:00,956 youtube_analytics User's stored channel ID: UCsDQAU5nsydVnxJZkAVGHdQ
INFO 2025-04-07 22:33:00,957 youtube_analytics Successfully got credentials for user dasoccer, fetching analytics...
INFO 2025-04-07 22:33:00,958 youtube_analytics Querying YouTube Analytics API from 2025-03-08 to 2025-04-07 for channel UCsDQAU5nsydVnxJZkAVGHdQ
INFO 2025-04-07 22:33:01,219 youtube_analytics Successfully retrieved analytics data: 29 rows
INFO 2025-04-07 22:33:01,469 basehttp "GET /api/statistics/?days=30 HTTP/1.1" 200 946
INFO 2025-04-07 22:33:05,573 basehttp "GET /home/ HTTP/1.1" 200 20938
INFO 2025-04-07 22:33:08,134 basehttp "GET /logout/ HTTP/1.1" 302 0
INFO 2025-04-07 22:33:08,144 basehttp "GET /home/ HTTP/1.1" 200 16645
INFO 2025-04-07 22:33:10,169 basehttp "GET /auth/login/google-oauth2/ HTTP/1.1" 302 0
INFO 2025-04-07 22:33:24,294 basehttp "GET /auth/complete/google-oauth2/?state=s8FNXqjkfkZqABDYe9YiIMcvtm2romjG&code=4/0Ab_5qll0chE6QIyF3MjAfW92zuwyCMLeo4NIUA11r3gq9mZakyRaVE95ZAJGRDo-9PbnHw&scope=email%20profile%20https://www.googleapis.com/auth/yt-analytics-monetary.readonly%20openid%20https://www.googleapis.com/auth/youtube.readonly%20https://www.googleapis.com/auth/youtubepartner%20https://www.googleapis.com/auth/yt-analytics.readonly%20https://www.googleapis.com/auth/youtube%20https://www.googleapis.com/auth/userinfo.profile%20https://www.googleapis.com/auth/userinfo.email&authuser=0&prompt=consent HTTP/1.1" 302 0
INFO 2025-04-07 22:33:24,304 youtube_analytics Getting YouTube analytics for user: dasoccer, days: 30
INFO 2025-04-07 22:33:24,304 youtube_analytics User's stored channel ID: UCsDQAU5nsydVnxJZkAVGHdQ
INFO 2025-04-07 22:33:24,305 youtube_analytics Successfully got credentials for user dasoccer, fetching analytics...
INFO 2025-04-07 22:33:24,307 youtube_analytics Querying YouTube Analytics API from 2025-03-08 to 2025-04-07 for channel UCsDQAU5nsydVnxJZkAVGHdQ
INFO 2025-04-07 22:33:24,569 youtube_analytics Successfully retrieved analytics data: 29 rows
INFO 2025-04-07 22:33:25,047 basehttp "GET /dashboard/ HTTP/1.1" 200 57900
INFO 2025-04-07 22:33:25,553 api_views Getting statistics for 30 Days (days=30) for user: dasoccer
INFO 2025-04-07 22:33:25,554 youtube_analytics Getting YouTube analytics for user: dasoccer, days: 30
INFO 2025-04-07 22:33:25,554 youtube_analytics User's stored channel ID: UCsDQAU5nsydVnxJZkAVGHdQ
INFO 2025-04-07 22:33:25,555 youtube_analytics Successfully got credentials for user dasoccer, fetching analytics...
INFO 2025-04-07 22:33:25,560 youtube_analytics Querying YouTube Analytics API from 2025-03-08 to 2025-04-07 for channel UCsDQAU5nsydVnxJZkAVGHdQ
INFO 2025-04-07 22:33:25,831 youtube_analytics Successfully retrieved analytics data: 29 rows
INFO 2025-04-07 22:33:25,953 basehttp "GET /api/statistics/?days=30 HTTP/1.1" 200 946
INFO 2025-04-07 22:33:25,957 api_views Getting statistics for 30 Days (days=30) for user: dasoccer
INFO 2025-04-07 22:33:25,959 youtube_analytics Getting YouTube analytics for user: dasoccer, days: 30
INFO 2025-04-07 22:33:25,959 youtube_analytics User's stored channel ID: UCsDQAU5nsydVnxJZkAVGHdQ
INFO 2025-04-07 22:33:25,960 youtube_analytics Successfully got credentials for user dasoccer, fetching analytics...
INFO 2025-04-07 22:33:25,962 youtube_analytics Querying YouTube Analytics API from 2025-03-08 to 2025-04-07 for channel UCsDQAU5nsydVnxJZkAVGHdQ
INFO 2025-04-07 22:33:26,217 youtube_analytics Successfully retrieved analytics data: 29 rows
INFO 2025-04-07 22:33:26,332 basehttp "GET /api/statistics/?days=30 HTTP/1.1" 200 946
INFO 2025-04-07 22:33:38,267 basehttp "GET /dashboard/statistics/ HTTP/1.1" 200 53045
INFO 2025-04-07 22:33:38,483 api_views Getting statistics for 30 Days (days=30) for user: dasoccer
INFO 2025-04-07 22:33:38,484 youtube_analytics Getting YouTube analytics for user: dasoccer, days: 30
INFO 2025-04-07 22:33:38,484 youtube_analytics User's stored channel ID: UCsDQAU5nsydVnxJZkAVGHdQ
INFO 2025-04-07 22:33:38,485 youtube_analytics Successfully got credentials for user dasoccer, fetching analytics...
INFO 2025-04-07 22:33:38,491 youtube_analytics Querying YouTube Analytics API from 2025-03-08 to 2025-04-07 for channel UCsDQAU5nsydVnxJZkAVGHdQ
INFO 2025-04-07 22:33:38,762 youtube_analytics Successfully retrieved analytics data: 29 rows
INFO 2025-04-07 22:33:38,950 basehttp "GET /api/statistics/?days=30 HTTP/1.1" 200 946
INFO 2025-04-07 22:33:38,954 api_views Getting statistics for 30 Days (days=30) for user: dasoccer
INFO 2025-04-07 22:33:38,955 youtube_analytics Getting YouTube analytics for user: dasoccer, days: 30
INFO 2025-04-07 22:33:38,955 youtube_analytics User's stored channel ID: UCsDQAU5nsydVnxJZkAVGHdQ
INFO 2025-04-07 22:33:38,956 youtube_analytics Successfully got credentials for user dasoccer, fetching analytics...
INFO 2025-04-07 22:33:38,957 youtube_analytics Querying YouTube Analytics API from 2025-03-08 to 2025-04-07 for channel UCsDQAU5nsydVnxJZkAVGHdQ
INFO 2025-04-07 22:33:39,213 youtube_analytics Successfully retrieved analytics data: 29 rows
INFO 2025-04-07 22:33:39,325 basehttp "GET /api/statistics/?days=30 HTTP/1.1" 200 946
INFO 2025-04-07 22:33:41,524 api_views Getting statistics for All Time (days=365) for user: dasoccer
INFO 2025-04-07 22:33:41,525 youtube_analytics Getting YouTube analytics for user: dasoccer, days: 365
INFO 2025-04-07 22:33:41,525 youtube_analytics User's stored channel ID: UCsDQAU5nsydVnxJZkAVGHdQ
INFO 2025-04-07 22:33:41,526 youtube_analytics Successfully got credentials for user dasoccer, fetching analytics...
INFO 2025-04-07 22:33:41,528 youtube_analytics Querying YouTube Analytics API from 2024-04-07 to 2025-04-07 for channel UCsDQAU5nsydVnxJZkAVGHdQ
INFO 2025-04-07 22:33:41,806 youtube_analytics Successfully retrieved analytics data: 364 rows
INFO 2025-04-07 22:33:41,979 basehttp "GET /api/statistics/?days=all HTTP/1.1" 200 8700
INFO 2025-04-07 22:33:41,984 api_views Getting statistics for All Time (days=365) for user: dasoccer
INFO 2025-04-07 22:33:41,986 youtube_analytics Getting YouTube analytics for user: dasoccer, days: 365
INFO 2025-04-07 22:33:41,986 youtube_analytics User's stored channel ID: UCsDQAU5nsydVnxJZkAVGHdQ
INFO 2025-04-07 22:33:41,988 youtube_analytics Successfully got credentials for user dasoccer, fetching analytics...
INFO 2025-04-07 22:33:41,991 youtube_analytics Querying YouTube Analytics API from 2024-04-07 to 2025-04-07 for channel UCsDQAU5nsydVnxJZkAVGHdQ
INFO 2025-04-07 22:33:42,275 youtube_analytics Successfully retrieved analytics data: 364 rows
INFO 2025-04-07 22:33:42,405 basehttp "GET /api/statistics/?days=all HTTP/1.1" 200 8700
INFO 2025-04-07 22:33:49,650 basehttp "GET /dashboard/statistics/ HTTP/1.1" 200 53045
INFO 2025-04-07 22:33:50,421 api_views Getting statistics for 30 Days (days=30) for user: dasoccer
INFO 2025-04-07 22:33:50,422 youtube_analytics Getting YouTube analytics for user: dasoccer, days: 30
INFO 2025-04-07 22:33:50,423 youtube_analytics User's stored channel ID: UCsDQAU5nsydVnxJZkAVGHdQ
INFO 2025-04-07 22:33:50,503 youtube_analytics Successfully got credentials for user dasoccer, fetching analytics...
INFO 2025-04-07 22:33:50,526 youtube_analytics Querying YouTube Analytics API from 2025-03-08 to 2025-04-07 for channel UCsDQAU5nsydVnxJZkAVGHdQ
INFO 2025-04-07 22:33:50,840 youtube_analytics Successfully retrieved analytics data: 29 rows
INFO 2025-04-07 22:33:50,984 basehttp "GET /api/statistics/?days=30 HTTP/1.1" 200 946
INFO 2025-04-07 22:33:51,006 api_views Getting statistics for 30 Days (days=30) for user: dasoccer
INFO 2025-04-07 22:33:51,009 youtube_analytics Getting YouTube analytics for user: dasoccer, days: 30
INFO 2025-04-07 22:33:51,009 youtube_analytics User's stored channel ID: UCsDQAU5nsydVnxJZkAVGHdQ
INFO 2025-04-07 22:33:51,016 youtube_analytics Successfully got credentials for user dasoccer, fetching analytics...
INFO 2025-04-07 22:33:51,021 youtube_analytics Querying YouTube Analytics API from 2025-03-08 to 2025-04-07 for channel UCsDQAU5nsydVnxJZkAVGHdQ
INFO 2025-04-07 22:33:52,348 youtube_analytics Successfully retrieved analytics data: 29 rows
INFO 2025-04-07 22:33:53,260 basehttp "GET /api/statistics/?days=30 HTTP/1.1" 200 946
INFO 2025-04-07 22:33:55,279 basehttp "GET /dashboard/statistics/ HTTP/1.1" 200 53045
INFO 2025-04-07 22:33:56,026 api_views Getting statistics for 30 Days (days=30) for user: dasoccer
INFO 2025-04-07 22:33:56,100 youtube_analytics Getting YouTube analytics for user: dasoccer, days: 30
INFO 2025-04-07 22:33:56,101 youtube_analytics User's stored channel ID: UCsDQAU5nsydVnxJZkAVGHdQ
INFO 2025-04-07 22:33:56,155 youtube_analytics Successfully got credentials for user dasoccer, fetching analytics...
INFO 2025-04-07 22:33:56,172 youtube_analytics Querying YouTube Analytics API from 2025-03-08 to 2025-04-07 for channel UCsDQAU5nsydVnxJZkAVGHdQ
INFO 2025-04-07 22:33:56,493 youtube_analytics Successfully retrieved analytics data: 29 rows
INFO 2025-04-07 22:33:56,651 basehttp "GET /api/statistics/?days=30 HTTP/1.1" 200 946
INFO 2025-04-07 22:33:56,662 api_views Getting statistics for 30 Days (days=30) for user: dasoccer
INFO 2025-04-07 22:33:56,663 youtube_analytics Getting YouTube analytics for user: dasoccer, days: 30
INFO 2025-04-07 22:33:56,664 youtube_analytics User's stored channel ID: UCsDQAU5nsydVnxJZkAVGHdQ
INFO 2025-04-07 22:33:56,665 youtube_analytics Successfully got credentials for user dasoccer, fetching analytics...
INFO 2025-04-07 22:33:56,666 youtube_analytics Querying YouTube Analytics API from 2025-03-08 to 2025-04-07 for channel UCsDQAU5nsydVnxJZkAVGHdQ
INFO 2025-04-07 22:33:56,931 youtube_analytics Successfully retrieved analytics data: 29 rows
INFO 2025-04-07 22:33:57,075 basehttp "GET /api/statistics/?days=30 HTTP/1.1" 200 946
INFO 2025-04-07 22:34:49,748 basehttp "GET /dashboard/statistics/ HTTP/1.1" 200 53045
INFO 2025-04-07 22:34:50,567 api_views Getting statistics for 30 Days (days=30) for user: dasoccer
INFO 2025-04-07 22:34:50,569 youtube_analytics Getting YouTube analytics for user: dasoccer, days: 30
INFO 2025-04-07 22:34:50,569 youtube_analytics User's stored channel ID: UCsDQAU5nsydVnxJZkAVGHdQ
INFO 2025-04-07 22:34:50,734 youtube_analytics Successfully got credentials for user dasoccer, fetching analytics...
INFO 2025-04-07 22:34:50,794 youtube_analytics Querying YouTube Analytics API from 2025-03-08 to 2025-04-07 for channel UCsDQAU5nsydVnxJZkAVGHdQ
INFO 2025-04-07 22:34:51,157 youtube_analytics Successfully retrieved analytics data: 29 rows
INFO 2025-04-07 22:34:51,522 basehttp "GET /api/statistics/?days=30 HTTP/1.1" 200 946
INFO 2025-04-07 22:34:51,642 api_views Getting statistics for 30 Days (days=30) for user: dasoccer
INFO 2025-04-07 22:34:51,646 youtube_analytics Getting YouTube analytics for user: dasoccer, days: 30
INFO 2025-04-07 22:34:51,648 youtube_analytics User's stored channel ID: UCsDQAU5nsydVnxJZkAVGHdQ
INFO 2025-04-07 22:34:51,695 youtube_analytics Successfully got credentials for user dasoccer, fetching analytics...
INFO 2025-04-07 22:34:51,697 youtube_analytics Querying YouTube Analytics API from 2025-03-08 to 2025-04-07 for channel UCsDQAU5nsydVnxJZkAVGHdQ
INFO 2025-04-07 22:34:52,072 youtube_analytics Successfully retrieved analytics data: 29 rows
INFO 2025-04-07 22:34:55,480 basehttp "GET /dashboard/statistics/ HTTP/1.1" 200 53045
INFO 2025-04-07 22:34:55,970 basehttp "GET /api/statistics/?days=30 HTTP/1.1" 200 946
INFO 2025-04-07 22:34:56,750 basehttp - Broken pipe from ('127.0.0.1', 59945)
INFO 2025-04-07 22:34:56,824 api_views Getting statistics for 30 Days (days=30) for user: dasoccer
INFO 2025-04-07 22:34:56,826 youtube_analytics Getting YouTube analytics for user: dasoccer, days: 30
INFO 2025-04-07 22:34:56,826 youtube_analytics User's stored channel ID: UCsDQAU5nsydVnxJZkAVGHdQ
INFO 2025-04-07 22:34:56,838 youtube_analytics Successfully got credentials for user dasoccer, fetching analytics...
INFO 2025-04-07 22:34:56,908 youtube_analytics Querying YouTube Analytics API from 2025-03-08 to 2025-04-07 for channel UCsDQAU5nsydVnxJZkAVGHdQ
INFO 2025-04-07 22:34:57,225 youtube_analytics Successfully retrieved analytics data: 29 rows
INFO 2025-04-07 22:34:57,409 basehttp "GET /api/statistics/?days=30 HTTP/1.1" 200 946
INFO 2025-04-07 22:34:57,539 api_views Getting statistics for 30 Days (days=30) for user: dasoccer
INFO 2025-04-07 22:34:57,543 youtube_analytics Getting YouTube analytics for user: dasoccer, days: 30
INFO 2025-04-07 22:34:57,543 youtube_analytics User's stored channel ID: UCsDQAU5nsydVnxJZkAVGHdQ
INFO 2025-04-07 22:34:57,545 youtube_analytics Successfully got credentials for user dasoccer, fetching analytics...
INFO 2025-04-07 22:34:57,550 youtube_analytics Querying YouTube Analytics API from 2025-03-08 to 2025-04-07 for channel UCsDQAU5nsydVnxJZkAVGHdQ
INFO 2025-04-07 22:34:57,853 youtube_analytics Successfully retrieved analytics data: 29 rows
INFO 2025-04-07 22:34:58,082 basehttp "GET /api/statistics/?days=30 HTTP/1.1" 200 946
INFO 2025-04-07 22:34:59,529 api_views Getting statistics for 6 Months (days=180) for user: dasoccer
INFO 2025-04-07 22:34:59,532 youtube_analytics Getting YouTube analytics for user: dasoccer, days: 180
INFO 2025-04-07 22:34:59,532 youtube_analytics User's stored channel ID: UCsDQAU5nsydVnxJZkAVGHdQ
INFO 2025-04-07 22:34:59,534 youtube_analytics Successfully got credentials for user dasoccer, fetching analytics...
INFO 2025-04-07 22:34:59,537 youtube_analytics Querying YouTube Analytics API from 2024-10-09 to 2025-04-07 for channel UCsDQAU5nsydVnxJZkAVGHdQ
INFO 2025-04-07 22:34:59,882 youtube_analytics Successfully retrieved analytics data: 179 rows
INFO 2025-04-07 22:35:00,041 basehttp "GET /api/statistics/?days=180 HTTP/1.1" 200 4429
INFO 2025-04-07 22:35:00,052 api_views Getting statistics for 6 Months (days=180) for user: dasoccer
INFO 2025-04-07 22:35:00,054 youtube_analytics Getting YouTube analytics for user: dasoccer, days: 180
INFO 2025-04-07 22:35:00,059 youtube_analytics User's stored channel ID: UCsDQAU5nsydVnxJZkAVGHdQ
INFO 2025-04-07 22:35:00,080 youtube_analytics Successfully got credentials for user dasoccer, fetching analytics...
INFO 2025-04-07 22:35:00,088 youtube_analytics Querying YouTube Analytics API from 2024-10-09 to 2025-04-07 for channel UCsDQAU5nsydVnxJZkAVGHdQ
INFO 2025-04-07 22:35:00,406 youtube_analytics Successfully retrieved analytics data: 179 rows
INFO 2025-04-07 22:35:00,651 basehttp "GET /api/statistics/?days=180 HTTP/1.1" 200 4429
INFO 2025-04-07 22:35:02,626 api_views Getting statistics for 1 Year (days=365) for user: dasoccer
INFO 2025-04-07 22:35:02,628 youtube_analytics Getting YouTube analytics for user: dasoccer, days: 365
INFO 2025-04-07 22:35:02,628 youtube_analytics User's stored channel ID: UCsDQAU5nsydVnxJZkAVGHdQ
INFO 2025-04-07 22:35:02,633 youtube_analytics Successfully got credentials for user dasoccer, fetching analytics...
INFO 2025-04-07 22:35:02,637 youtube_analytics Querying YouTube Analytics API from 2024-04-07 to 2025-04-07 for channel UCsDQAU5nsydVnxJZkAVGHdQ
INFO 2025-04-07 22:35:03,126 youtube_analytics Successfully retrieved analytics data: 364 rows
INFO 2025-04-07 22:35:03,277 basehttp "GET /api/statistics/?days=365 HTTP/1.1" 200 8698
INFO 2025-04-07 22:35:03,290 api_views Getting statistics for 1 Year (days=365) for user: dasoccer
INFO 2025-04-07 22:35:03,293 youtube_analytics Getting YouTube analytics for user: dasoccer, days: 365
INFO 2025-04-07 22:35:03,293 youtube_analytics User's stored channel ID: UCsDQAU5nsydVnxJZkAVGHdQ
INFO 2025-04-07 22:35:03,295 youtube_analytics Successfully got credentials for user dasoccer, fetching analytics...
INFO 2025-04-07 22:35:03,302 youtube_analytics Querying YouTube Analytics API from 2024-04-07 to 2025-04-07 for channel UCsDQAU5nsydVnxJZkAVGHdQ
INFO 2025-04-07 22:35:03,695 youtube_analytics Successfully retrieved analytics data: 364 rows
INFO 2025-04-07 22:35:03,986 basehttp "GET /api/statistics/?days=365 HTTP/1.1" 200 8698
INFO 2025-04-07 22:35:05,373 api_views Getting statistics for All Time (days=365) for user: dasoccer
INFO 2025-04-07 22:35:05,375 youtube_analytics Getting YouTube analytics for user: dasoccer, days: 365
INFO 2025-04-07 22:35:05,375 youtube_analytics User's stored channel ID: UCsDQAU5nsydVnxJZkAVGHdQ
INFO 2025-04-07 22:35:05,376 youtube_analytics Successfully got credentials for user dasoccer, fetching analytics...
INFO 2025-04-07 22:35:05,378 youtube_analytics Querying YouTube Analytics API from 2024-04-07 to 2025-04-07 for channel UCsDQAU5nsydVnxJZkAVGHdQ
INFO 2025-04-07 22:35:05,658 youtube_analytics Successfully retrieved analytics data: 364 rows
INFO 2025-04-07 22:35:05,869 basehttp "GET /api/statistics/?days=all HTTP/1.1" 200 8700
INFO 2025-04-07 22:35:05,892 api_views Getting statistics for All Time (days=365) for user: dasoccer
INFO 2025-04-07 22:35:05,895 youtube_analytics Getting YouTube analytics for user: dasoccer, days: 365
INFO 2025-04-07 22:35:05,896 youtube_analytics User's stored channel ID: UCsDQAU5nsydVnxJZkAVGHdQ
INFO 2025-04-07 22:35:05,969 youtube_analytics Successfully got credentials for user dasoccer, fetching analytics...
INFO 2025-04-07 22:35:05,976 youtube_analytics Querying YouTube Analytics API from 2024-04-07 to 2025-04-07 for channel UCsDQAU5nsydVnxJZkAVGHdQ
INFO 2025-04-07 22:35:06,245 youtube_analytics Successfully retrieved analytics data: 364 rows
INFO 2025-04-07 22:35:06,378 basehttp "GET /api/statistics/?days=all HTTP/1.1" 200 8700
INFO 2025-04-07 22:35:07,884 basehttp "GET /dashboard/statistics/ HTTP/1.1" 200 53045
INFO 2025-04-07 22:35:09,373 api_views Getting statistics for 30 Days (days=30) for user: dasoccer
INFO 2025-04-07 22:35:09,378 youtube_analytics Getting YouTube analytics for user: dasoccer, days: 30
INFO 2025-04-07 22:35:09,378 youtube_analytics User's stored channel ID: UCsDQAU5nsydVnxJZkAVGHdQ
INFO 2025-04-07 22:35:09,383 youtube_analytics Successfully got credentials for user dasoccer, fetching analytics...
INFO 2025-04-07 22:35:09,402 youtube_analytics Querying YouTube Analytics API from 2025-03-08 to 2025-04-07 for channel UCsDQAU5nsydVnxJZkAVGHdQ
INFO 2025-04-07 22:35:10,323 youtube_analytics Successfully retrieved analytics data: 29 rows
INFO 2025-04-07 22:35:10,545 basehttp "GET /api/statistics/?days=30 HTTP/1.1" 200 946
INFO 2025-04-07 22:35:10,588 api_views Getting statistics for 30 Days (days=30) for user: dasoccer
INFO 2025-04-07 22:35:10,589 youtube_analytics Getting YouTube analytics for user: dasoccer, days: 30
INFO 2025-04-07 22:35:10,590 youtube_analytics User's stored channel ID: UCsDQAU5nsydVnxJZkAVGHdQ
INFO 2025-04-07 22:35:10,592 youtube_analytics Successfully got credentials for user dasoccer, fetching analytics...
INFO 2025-04-07 22:35:10,597 youtube_analytics Querying YouTube Analytics API from 2025-03-08 to 2025-04-07 for channel UCsDQAU5nsydVnxJZkAVGHdQ
INFO 2025-04-07 22:35:11,078 youtube_analytics Successfully retrieved analytics data: 29 rows
INFO 2025-04-07 22:35:11,252 basehttp "GET /api/statistics/?days=30 HTTP/1.1" 200 946
INFO 2025-04-07 22:35:12,928 api_views Getting statistics for All Time (days=365) for user: dasoccer
INFO 2025-04-07 22:35:12,933 youtube_analytics Getting YouTube analytics for user: dasoccer, days: 365
INFO 2025-04-07 22:35:12,957 youtube_analytics User's stored channel ID: UCsDQAU5nsydVnxJZkAVGHdQ
INFO 2025-04-07 22:35:12,961 youtube_analytics Successfully got credentials for user dasoccer, fetching analytics...
INFO 2025-04-07 22:35:12,974 youtube_analytics Querying YouTube Analytics API from 2024-04-07 to 2025-04-07 for channel UCsDQAU5nsydVnxJZkAVGHdQ
INFO 2025-04-07 22:35:13,481 youtube_analytics Successfully retrieved analytics data: 364 rows
INFO 2025-04-07 22:35:13,818 basehttp "GET /api/statistics/?days=all HTTP/1.1" 200 8700
INFO 2025-04-07 22:35:13,842 api_views Getting statistics for All Time (days=365) for user: dasoccer
INFO 2025-04-07 22:35:13,851 youtube_analytics Getting YouTube analytics for user: dasoccer, days: 365
INFO 2025-04-07 22:35:13,856 youtube_analytics User's stored channel ID: UCsDQAU5nsydVnxJZkAVGHdQ
INFO 2025-04-07 22:35:13,870 youtube_analytics Successfully got credentials for user dasoccer, fetching analytics...
INFO 2025-04-07 22:35:13,881 youtube_analytics Querying YouTube Analytics API from 2024-04-07 to 2025-04-07 for channel UCsDQAU5nsydVnxJZkAVGHdQ
INFO 2025-04-07 22:35:15,024 youtube_analytics Successfully retrieved analytics data: 364 rows
INFO 2025-04-07 22:35:15,284 basehttp "GET /api/statistics/?days=all HTTP/1.1" 200 8700
INFO 2025-04-07 22:35:17,994 youtube_analytics Getting YouTube analytics for user: dasoccer, days: 30
INFO 2025-04-07 22:35:18,000 youtube_analytics User's stored channel ID: UCsDQAU5nsydVnxJZkAVGHdQ
INFO 2025-04-07 22:35:18,014 youtube_analytics Successfully got credentials for user dasoccer, fetching analytics...
INFO 2025-04-07 22:35:18,033 youtube_analytics Querying YouTube Analytics API from 2025-03-08 to 2025-04-07 for channel UCsDQAU5nsydVnxJZkAVGHdQ
INFO 2025-04-07 22:35:18,256 youtube_analytics Successfully retrieved analytics data: 29 rows
INFO 2025-04-07 22:35:18,989 basehttp "GET /dashboard/ HTTP/1.1" 200 57900
INFO 2025-04-07 22:35:20,864 api_views Getting statistics for 30 Days (days=30) for user: dasoccer
INFO 2025-04-07 22:35:20,974 youtube_analytics Getting YouTube analytics for user: dasoccer, days: 30
INFO 2025-04-07 22:35:21,056 youtube_analytics User's stored channel ID: UCsDQAU5nsydVnxJZkAVGHdQ
INFO 2025-04-07 22:35:21,060 youtube_analytics Successfully got credentials for user dasoccer, fetching analytics...
INFO 2025-04-07 22:35:21,652 youtube_analytics Querying YouTube Analytics API from 2025-03-08 to 2025-04-07 for channel UCsDQAU5nsydVnxJZkAVGHdQ
INFO 2025-04-07 22:35:22,342 youtube_analytics Successfully retrieved analytics data: 29 rows
INFO 2025-04-07 22:35:22,574 basehttp "GET /api/statistics/?days=30 HTTP/1.1" 200 946
INFO 2025-04-07 22:35:22,624 api_views Getting statistics for 30 Days (days=30) for user: dasoccer
INFO 2025-04-07 22:35:22,626 youtube_analytics Getting YouTube analytics for user: dasoccer, days: 30
INFO 2025-04-07 22:35:22,626 youtube_analytics User's stored channel ID: UCsDQAU5nsydVnxJZkAVGHdQ
INFO 2025-04-07 22:35:22,627 youtube_analytics Successfully got credentials for user dasoccer, fetching analytics...
INFO 2025-04-07 22:35:22,631 youtube_analytics Querying YouTube Analytics API from 2025-03-08 to 2025-04-07 for channel UCsDQAU5nsydVnxJZkAVGHdQ
INFO 2025-04-07 22:35:22,782 youtube_analytics Successfully retrieved analytics data: 29 rows
INFO 2025-04-07 22:35:23,027 basehttp "GET /api/statistics/?days=30 HTTP/1.1" 200 946
INFO 2025-04-07 22:35:23,222 api_views Getting statistics for 6 Months (days=180) for user: dasoccer
INFO 2025-04-07 22:35:23,224 youtube_analytics Getting YouTube analytics for user: dasoccer, days: 180
INFO 2025-04-07 22:35:23,225 youtube_analytics User's stored channel ID: UCsDQAU5nsydVnxJZkAVGHdQ
INFO 2025-04-07 22:35:23,228 youtube_analytics Successfully got credentials for user dasoccer, fetching analytics...
INFO 2025-04-07 22:35:23,238 youtube_analytics Querying YouTube Analytics API from 2024-10-09 to 2025-04-07 for channel UCsDQAU5nsydVnxJZkAVGHdQ
INFO 2025-04-07 22:35:23,588 youtube_analytics Successfully retrieved analytics data: 179 rows
INFO 2025-04-07 22:35:23,907 basehttp "GET /api/statistics/?days=180 HTTP/1.1" 200 4429
INFO 2025-04-07 22:35:23,950 api_views Getting statistics for 6 Months (days=180) for user: dasoccer
INFO 2025-04-07 22:35:23,959 youtube_analytics Getting YouTube analytics for user: dasoccer, days: 180
INFO 2025-04-07 22:35:23,960 youtube_analytics User's stored channel ID: UCsDQAU5nsydVnxJZkAVGHdQ
INFO 2025-04-07 22:35:23,977 youtube_analytics Successfully got credentials for user dasoccer, fetching analytics...
INFO 2025-04-07 22:35:23,989 youtube_analytics Querying YouTube Analytics API from 2024-10-09 to 2025-04-07 for channel UCsDQAU5nsydVnxJZkAVGHdQ
INFO 2025-04-07 22:35:24,347 youtube_analytics Successfully retrieved analytics data: 179 rows
INFO 2025-04-07 22:35:24,472 basehttp "GET /api/statistics/?days=180 HTTP/1.1" 200 4429
INFO 2025-04-07 22:36:00,675 api_views Getting statistics for 1 Year (days=365) for user: dasoccer
INFO 2025-04-07 22:36:04,879 youtube_analytics Getting YouTube analytics for user: dasoccer, days: 365
INFO 2025-04-07 22:36:04,913 youtube_analytics User's stored channel ID: UCsDQAU5nsydVnxJZkAVGHdQ
INFO 2025-04-07 22:36:05,025 api_views Getting statistics for 6 Months (days=180) for user: dasoccer
INFO 2025-04-07 22:36:05,346 youtube_analytics Successfully got credentials for user dasoccer, fetching analytics...
INFO 2025-04-07 22:36:05,853 youtube_analytics Getting YouTube analytics for user: dasoccer, days: 180
INFO 2025-04-07 22:36:05,854 youtube_analytics User's stored channel ID: UCsDQAU5nsydVnxJZkAVGHdQ
INFO 2025-04-07 22:36:05,857 youtube_analytics Successfully got credentials for user dasoccer, fetching analytics...
INFO 2025-04-07 22:36:05,862 youtube_analytics Querying YouTube Analytics API from 2024-10-09 to 2025-04-07 for channel UCsDQAU5nsydVnxJZkAVGHdQ
INFO 2025-04-07 22:36:05,880 youtube_analytics Querying YouTube Analytics API from 2024-04-07 to 2025-04-07 for channel UCsDQAU5nsydVnxJZkAVGHdQ
INFO 2025-04-07 22:36:06,140 youtube_analytics Getting YouTube analytics for user: dasoccer, days: 30
INFO 2025-04-07 22:36:06,141 youtube_analytics User's stored channel ID: UCsDQAU5nsydVnxJZkAVGHdQ
INFO 2025-04-07 22:36:06,158 youtube_analytics Successfully got credentials for user dasoccer, fetching analytics...
INFO 2025-04-07 22:36:06,356 youtube_analytics Querying YouTube Analytics API from 2025-03-08 to 2025-04-07 for channel UCsDQAU5nsydVnxJZkAVGHdQ
INFO 2025-04-07 22:36:06,725 youtube_analytics Successfully retrieved analytics data: 364 rows
INFO 2025-04-07 22:36:06,728 youtube_analytics Successfully retrieved analytics data: 179 rows
INFO 2025-04-07 22:36:07,026 youtube_analytics Successfully retrieved analytics data: 29 rows
INFO 2025-04-07 22:36:07,310 basehttp "GET /api/statistics/?days=180 HTTP/1.1" 200 4429
INFO 2025-04-07 22:36:07,610 api_views Getting statistics for 1 Year (days=365) for user: dasoccer
INFO 2025-04-07 22:36:07,612 youtube_analytics Getting YouTube analytics for user: dasoccer, days: 365
INFO 2025-04-07 22:36:07,612 youtube_analytics User's stored channel ID: UCsDQAU5nsydVnxJZkAVGHdQ
INFO 2025-04-07 22:36:07,643 youtube_analytics Successfully got credentials for user dasoccer, fetching analytics...
INFO 2025-04-07 22:36:07,343 api_views Getting statistics for 6 Months (days=180) for user: dasoccer
INFO 2025-04-07 22:36:07,727 youtube_analytics Querying YouTube Analytics API from 2024-04-07 to 2025-04-07 for channel UCsDQAU5nsydVnxJZkAVGHdQ
INFO 2025-04-07 22:36:07,545 basehttp "GET /api/statistics/?days=365 HTTP/1.1" 200 8698
INFO 2025-04-07 22:36:14,335 youtube_analytics Getting YouTube analytics for user: dasoccer, days: 180
INFO 2025-04-07 22:36:14,336 youtube_analytics User's stored channel ID: UCsDQAU5nsydVnxJZkAVGHdQ
INFO 2025-04-07 22:36:14,408 youtube_analytics Successfully got credentials for user dasoccer, fetching analytics...
INFO 2025-04-07 22:36:14,413 youtube_analytics Querying YouTube Analytics API from 2024-10-09 to 2025-04-07 for channel UCsDQAU5nsydVnxJZkAVGHdQ
INFO 2025-04-07 22:36:14,843 youtube_analytics Successfully retrieved analytics data: 364 rows
INFO 2025-04-07 22:36:14,845 youtube_analytics Successfully retrieved analytics data: 179 rows
INFO 2025-04-07 22:36:14,930 basehttp "GET /dashboard/ HTTP/1.1" 200 57900
INFO 2025-04-07 22:36:16,572 api_views Getting statistics for 30 Days (days=30) for user: dasoccer
INFO 2025-04-07 22:36:16,580 youtube_analytics Getting YouTube analytics for user: dasoccer, days: 30
INFO 2025-04-07 22:36:16,584 youtube_analytics User's stored channel ID: UCsDQAU5nsydVnxJZkAVGHdQ
INFO 2025-04-07 22:36:16,594 basehttp - Broken pipe from ('127.0.0.1', 60019)
INFO 2025-04-07 22:36:16,611 youtube_analytics Successfully got credentials for user dasoccer, fetching analytics...
INFO 2025-04-07 22:36:16,702 youtube_analytics Querying YouTube Analytics API from 2025-03-08 to 2025-04-07 for channel UCsDQAU5nsydVnxJZkAVGHdQ
INFO 2025-04-07 22:36:16,829 basehttp - Broken pipe from ('127.0.0.1', 60029)
INFO 2025-04-07 22:36:17,040 youtube_analytics Successfully retrieved analytics data: 29 rows
INFO 2025-04-07 22:36:17,216 basehttp "GET /api/statistics/?days=30 HTTP/1.1" 200 946
INFO 2025-04-07 22:36:17,251 api_views Getting statistics for 30 Days (days=30) for user: dasoccer
INFO 2025-04-07 22:36:17,253 youtube_analytics Getting YouTube analytics for user: dasoccer, days: 30
INFO 2025-04-07 22:36:17,253 youtube_analytics User's stored channel ID: UCsDQAU5nsydVnxJZkAVGHdQ
INFO 2025-04-07 22:36:17,257 youtube_analytics Successfully got credentials for user dasoccer, fetching analytics...
INFO 2025-04-07 22:36:17,260 youtube_analytics Querying YouTube Analytics API from 2025-03-08 to 2025-04-07 for channel UCsDQAU5nsydVnxJZkAVGHdQ
INFO 2025-04-07 22:36:17,584 youtube_analytics Successfully retrieved analytics data: 29 rows
INFO 2025-04-07 22:36:17,744 basehttp "GET /api/statistics/?days=30 HTTP/1.1" 200 946
INFO 2025-04-07 22:36:22,804 api_views Getting statistics for 1 Year (days=365) for user: dasoccer
INFO 2025-04-07 22:36:22,807 youtube_analytics Getting YouTube analytics for user: dasoccer, days: 365
INFO 2025-04-07 22:36:22,807 youtube_analytics User's stored channel ID: UCsDQAU5nsydVnxJZkAVGHdQ
INFO 2025-04-07 22:36:22,810 youtube_analytics Successfully got credentials for user dasoccer, fetching analytics...
INFO 2025-04-07 22:36:22,813 youtube_analytics Querying YouTube Analytics API from 2024-04-07 to 2025-04-07 for channel UCsDQAU5nsydVnxJZkAVGHdQ
INFO 2025-04-07 22:36:23,216 youtube_analytics Successfully retrieved analytics data: 364 rows
INFO 2025-04-07 22:36:23,439 basehttp "GET /api/statistics/?days=365 HTTP/1.1" 200 8698
INFO 2025-04-07 22:36:23,460 api_views Getting statistics for 1 Year (days=365) for user: dasoccer
INFO 2025-04-07 22:36:23,463 youtube_analytics Getting YouTube analytics for user: dasoccer, days: 365
INFO 2025-04-07 22:36:23,463 youtube_analytics User's stored channel ID: UCsDQAU5nsydVnxJZkAVGHdQ
INFO 2025-04-07 22:36:23,469 youtube_analytics Successfully got credentials for user dasoccer, fetching analytics...
INFO 2025-04-07 22:36:23,477 youtube_analytics Querying YouTube Analytics API from 2024-04-07 to 2025-04-07 for channel UCsDQAU5nsydVnxJZkAVGHdQ
INFO 2025-04-07 22:36:23,795 youtube_analytics Successfully retrieved analytics data: 364 rows
INFO 2025-04-07 22:36:23,993 basehttp "GET /api/statistics/?days=365 HTTP/1.1" 200 8698
INFO 2025-04-07 22:36:27,353 api_views Getting statistics for All Time (days=365) for user: dasoccer
INFO 2025-04-07 22:36:27,356 youtube_analytics Getting YouTube analytics for user: dasoccer, days: 365
INFO 2025-04-07 22:36:27,356 youtube_analytics User's stored channel ID: UCsDQAU5nsydVnxJZkAVGHdQ
INFO 2025-04-07 22:36:27,358 youtube_analytics Successfully got credentials for user dasoccer, fetching analytics...
INFO 2025-04-07 22:36:27,361 youtube_analytics Querying YouTube Analytics API from 2024-04-07 to 2025-04-07 for channel UCsDQAU5nsydVnxJZkAVGHdQ
INFO 2025-04-07 22:36:27,700 youtube_analytics Successfully retrieved analytics data: 364 rows
INFO 2025-04-07 22:36:27,844 basehttp "GET /api/statistics/?days=all HTTP/1.1" 200 8700
INFO 2025-04-07 22:36:27,859 api_views Getting statistics for All Time (days=365) for user: dasoccer
INFO 2025-04-07 22:36:27,861 youtube_analytics Getting YouTube analytics for user: dasoccer, days: 365
INFO 2025-04-07 22:36:27,861 youtube_analytics User's stored channel ID: UCsDQAU5nsydVnxJZkAVGHdQ
INFO 2025-04-07 22:36:27,863 youtube_analytics Successfully got credentials for user dasoccer, fetching analytics...
INFO 2025-04-07 22:36:27,868 youtube_analytics Querying YouTube Analytics API from 2024-04-07 to 2025-04-07 for channel UCsDQAU5nsydVnxJZkAVGHdQ
INFO 2025-04-07 22:36:28,143 youtube_analytics Successfully retrieved analytics data: 364 rows
INFO 2025-04-07 22:36:28,401 basehttp "GET /api/statistics/?days=all HTTP/1.1" 200 8700
INFO 2025-04-07 22:37:30,181 autoreload /Users/navidrahimi/ytanalytics/dashboard/youtube_analytics.py changed, reloading.
INFO 2025-04-07 22:37:50,778 autoreload Watching for file changes with StatReloader
INFO 2025-04-07 22:39:58,366 autoreload /Users/navidrahimi/ytanalytics/ytanalytics/settings.py changed, reloading.
INFO 2025-04-07 22:39:59,727 autoreload Watching for file changes with StatReloader
INFO 2025-04-07 22:43:40,878 autoreload Watching for file changes with StatReloader
INFO 2025-04-07 22:47:56,521 autoreload /Users/navidrahimi/ytanalytics/dashboard/youtube_analytics.py changed, reloading.
INFO 2025-04-07 22:48:05,090 autoreload Watching for file changes with StatReloader
INFO 2025-04-07 22:48:54,401 autoreload /Users/navidrahimi/ytanalytics/dashboard/youtube_analytics.py changed, reloading.
INFO 2025-04-07 22:48:59,571 autoreload Watching for file changes with StatReloader
INFO 2025-04-07 22:52:46,122 autoreload /Users/navidrahimi/ytanalytics/dashboard/youtube_analytics.py changed, reloading.
INFO 2025-04-07 22:52:48,027 autoreload Watching for file changes with StatReloader
INFO 2025-04-07 22:52:52,023 autoreload Watching for file changes with StatReloader
INFO 2025-04-07 22:53:14,937 youtube_analytics Getting YouTube analytics for user: dasoccer, days: 30
INFO 2025-04-07 22:53:14,938 youtube_analytics User's stored channel ID: UCsDQAU5nsydVnxJZkAVGHdQ
INFO 2025-04-07 22:53:14,940 youtube_analytics Successfully got credentials for user dasoccer, fetching analytics...
INFO 2025-04-07 22:53:14,957 youtube_analytics Querying YouTube Analytics API from 2025-03-08 to 2025-04-07 for channel UCsDQAU5nsydVnxJZkAVGHdQ
INFO 2025-04-07 22:53:15,526 youtube_analytics Successfully retrieved analytics data: 29 rows
ERROR 2025-04-07 22:53:16,214 views Error in dashboard view for user dasoccer: Invalid block tag on line 771: 'endblock'. Did you forget to register or load this tag?
ERROR 2025-04-07 22:53:16,356 log Internal Server Error: /dashboard/
Traceback (most recent call last):
  File "/Users/navidrahimi/ytanalytics/ytanalytics/.venv/lib/python3.12/site-packages/django/template/base.py", line 510, in parse
    compile_func = self.tags[command]
                   ~~~~~~~~~^^^^^^^^^
KeyError: 'endblock'

During handling of the above exception, another exception occurred:

Traceback (most recent call last):
  File "/Users/navidrahimi/ytanalytics/dashboard/views.py", line 137, in dashboard
    return render(request, 'auth/dashboard.html', context)
           ^^^^^^^^^^^^^^^^^^^^^^^^^^^^^^^^^^^^^^^^^^^^^^^
  File "/Users/navidrahimi/ytanalytics/ytanalytics/.venv/lib/python3.12/site-packages/django/shortcuts.py", line 25, in render
    content = loader.render_to_string(template_name, context, request, using=using)
              ^^^^^^^^^^^^^^^^^^^^^^^^^^^^^^^^^^^^^^^^^^^^^^^^^^^^^^^^^^^^^^^^^^^^^
  File "/Users/navidrahimi/ytanalytics/ytanalytics/.venv/lib/python3.12/site-packages/django/template/loader.py", line 61, in render_to_string
    template = get_template(template_name, using=using)
               ^^^^^^^^^^^^^^^^^^^^^^^^^^^^^^^^^^^^^^^^
  File "/Users/navidrahimi/ytanalytics/ytanalytics/.venv/lib/python3.12/site-packages/django/template/loader.py", line 15, in get_template
    return engine.get_template(template_name)
           ^^^^^^^^^^^^^^^^^^^^^^^^^^^^^^^^^^
  File "/Users/navidrahimi/ytanalytics/ytanalytics/.venv/lib/python3.12/site-packages/django/template/backends/django.py", line 79, in get_template
    return Template(self.engine.get_template(template_name), self)
                    ^^^^^^^^^^^^^^^^^^^^^^^^^^^^^^^^^^^^^^^
  File "/Users/navidrahimi/ytanalytics/ytanalytics/.venv/lib/python3.12/site-packages/django/template/engine.py", line 177, in get_template
    template, origin = self.find_template(template_name)
                       ^^^^^^^^^^^^^^^^^^^^^^^^^^^^^^^^^
  File "/Users/navidrahimi/ytanalytics/ytanalytics/.venv/lib/python3.12/site-packages/django/template/engine.py", line 159, in find_template
    template = loader.get_template(name, skip=skip)
               ^^^^^^^^^^^^^^^^^^^^^^^^^^^^^^^^^^^^
  File "/Users/navidrahimi/ytanalytics/ytanalytics/.venv/lib/python3.12/site-packages/django/template/loaders/cached.py", line 57, in get_template
    template = super().get_template(template_name, skip)
               ^^^^^^^^^^^^^^^^^^^^^^^^^^^^^^^^^^^^^^^^^
  File "/Users/navidrahimi/ytanalytics/ytanalytics/.venv/lib/python3.12/site-packages/django/template/loaders/base.py", line 28, in get_template
    return Template(
           ^^^^^^^^^
  File "/Users/navidrahimi/ytanalytics/ytanalytics/.venv/lib/python3.12/site-packages/django/template/base.py", line 154, in __init__
    self.nodelist = self.compile_nodelist()
                    ^^^^^^^^^^^^^^^^^^^^^^^
  File "/Users/navidrahimi/ytanalytics/ytanalytics/.venv/lib/python3.12/site-packages/django/template/base.py", line 196, in compile_nodelist
    nodelist = parser.parse()
               ^^^^^^^^^^^^^^
  File "/Users/navidrahimi/ytanalytics/ytanalytics/.venv/lib/python3.12/site-packages/django/template/base.py", line 518, in parse
    raise self.error(token, e)
  File "/Users/navidrahimi/ytanalytics/ytanalytics/.venv/lib/python3.12/site-packages/django/template/base.py", line 516, in parse
    compiled_result = compile_func(self, token)
                      ^^^^^^^^^^^^^^^^^^^^^^^^^
  File "/Users/navidrahimi/ytanalytics/ytanalytics/.venv/lib/python3.12/site-packages/django/template/loader_tags.py", line 295, in do_extends
    nodelist = parser.parse()
               ^^^^^^^^^^^^^^
  File "/Users/navidrahimi/ytanalytics/ytanalytics/.venv/lib/python3.12/site-packages/django/template/base.py", line 512, in parse
    self.invalid_block_tag(token, command, parse_until)
  File "/Users/navidrahimi/ytanalytics/ytanalytics/.venv/lib/python3.12/site-packages/django/template/base.py", line 573, in invalid_block_tag
    raise self.error(
django.template.exceptions.TemplateSyntaxError: Invalid block tag on line 771: 'endblock'. Did you forget to register or load this tag?

During handling of the above exception, another exception occurred:

Traceback (most recent call last):
  File "/Users/navidrahimi/ytanalytics/ytanalytics/.venv/lib/python3.12/site-packages/django/template/base.py", line 510, in parse
    compile_func = self.tags[command]
                   ~~~~~~~~~^^^^^^^^^
KeyError: 'endblock'

During handling of the above exception, another exception occurred:

Traceback (most recent call last):
  File "/Users/navidrahimi/ytanalytics/ytanalytics/.venv/lib/python3.12/site-packages/django/core/handlers/exception.py", line 55, in inner
    response = get_response(request)
               ^^^^^^^^^^^^^^^^^^^^^
  File "/Users/navidrahimi/ytanalytics/ytanalytics/.venv/lib/python3.12/site-packages/django/core/handlers/base.py", line 197, in _get_response
    response = wrapped_callback(request, *callback_args, **callback_kwargs)
               ^^^^^^^^^^^^^^^^^^^^^^^^^^^^^^^^^^^^^^^^^^^^^^^^^^^^^^^^^^^^
  File "/Users/navidrahimi/ytanalytics/ytanalytics/.venv/lib/python3.12/site-packages/django/contrib/auth/decorators.py", line 60, in _view_wrapper
    return view_func(request, *args, **kwargs)
           ^^^^^^^^^^^^^^^^^^^^^^^^^^^^^^^^^^^
  File "/Users/navidrahimi/ytanalytics/dashboard/views.py", line 142, in dashboard
    return render(request, 'auth/dashboard.html', context)
           ^^^^^^^^^^^^^^^^^^^^^^^^^^^^^^^^^^^^^^^^^^^^^^^
  File "/Users/navidrahimi/ytanalytics/ytanalytics/.venv/lib/python3.12/site-packages/django/shortcuts.py", line 25, in render
    content = loader.render_to_string(template_name, context, request, using=using)
              ^^^^^^^^^^^^^^^^^^^^^^^^^^^^^^^^^^^^^^^^^^^^^^^^^^^^^^^^^^^^^^^^^^^^^
  File "/Users/navidrahimi/ytanalytics/ytanalytics/.venv/lib/python3.12/site-packages/django/template/loader.py", line 61, in render_to_string
    template = get_template(template_name, using=using)
               ^^^^^^^^^^^^^^^^^^^^^^^^^^^^^^^^^^^^^^^^
  File "/Users/navidrahimi/ytanalytics/ytanalytics/.venv/lib/python3.12/site-packages/django/template/loader.py", line 15, in get_template
    return engine.get_template(template_name)
           ^^^^^^^^^^^^^^^^^^^^^^^^^^^^^^^^^^
  File "/Users/navidrahimi/ytanalytics/ytanalytics/.venv/lib/python3.12/site-packages/django/template/backends/django.py", line 79, in get_template
    return Template(self.engine.get_template(template_name), self)
                    ^^^^^^^^^^^^^^^^^^^^^^^^^^^^^^^^^^^^^^^
  File "/Users/navidrahimi/ytanalytics/ytanalytics/.venv/lib/python3.12/site-packages/django/template/engine.py", line 177, in get_template
    template, origin = self.find_template(template_name)
                       ^^^^^^^^^^^^^^^^^^^^^^^^^^^^^^^^^
  File "/Users/navidrahimi/ytanalytics/ytanalytics/.venv/lib/python3.12/site-packages/django/template/engine.py", line 159, in find_template
    template = loader.get_template(name, skip=skip)
               ^^^^^^^^^^^^^^^^^^^^^^^^^^^^^^^^^^^^
  File "/Users/navidrahimi/ytanalytics/ytanalytics/.venv/lib/python3.12/site-packages/django/template/loaders/cached.py", line 57, in get_template
    template = super().get_template(template_name, skip)
               ^^^^^^^^^^^^^^^^^^^^^^^^^^^^^^^^^^^^^^^^^
  File "/Users/navidrahimi/ytanalytics/ytanalytics/.venv/lib/python3.12/site-packages/django/template/loaders/base.py", line 28, in get_template
    return Template(
           ^^^^^^^^^
  File "/Users/navidrahimi/ytanalytics/ytanalytics/.venv/lib/python3.12/site-packages/django/template/base.py", line 154, in __init__
    self.nodelist = self.compile_nodelist()
                    ^^^^^^^^^^^^^^^^^^^^^^^
  File "/Users/navidrahimi/ytanalytics/ytanalytics/.venv/lib/python3.12/site-packages/django/template/base.py", line 196, in compile_nodelist
    nodelist = parser.parse()
               ^^^^^^^^^^^^^^
  File "/Users/navidrahimi/ytanalytics/ytanalytics/.venv/lib/python3.12/site-packages/django/template/base.py", line 518, in parse
    raise self.error(token, e)
  File "/Users/navidrahimi/ytanalytics/ytanalytics/.venv/lib/python3.12/site-packages/django/template/base.py", line 516, in parse
    compiled_result = compile_func(self, token)
                      ^^^^^^^^^^^^^^^^^^^^^^^^^
  File "/Users/navidrahimi/ytanalytics/ytanalytics/.venv/lib/python3.12/site-packages/django/template/loader_tags.py", line 295, in do_extends
    nodelist = parser.parse()
               ^^^^^^^^^^^^^^
  File "/Users/navidrahimi/ytanalytics/ytanalytics/.venv/lib/python3.12/site-packages/django/template/base.py", line 512, in parse
    self.invalid_block_tag(token, command, parse_until)
  File "/Users/navidrahimi/ytanalytics/ytanalytics/.venv/lib/python3.12/site-packages/django/template/base.py", line 573, in invalid_block_tag
    raise self.error(
django.template.exceptions.TemplateSyntaxError: Invalid block tag on line 771: 'endblock'. Did you forget to register or load this tag?
ERROR 2025-04-07 22:53:16,365 basehttp "GET /dashboard/ HTTP/1.1" 500 325401
INFO 2025-04-07 23:01:10,041 youtube_analytics Getting YouTube analytics for user: dasoccer, days: 30
INFO 2025-04-07 23:01:10,043 youtube_analytics User's stored channel ID: UCsDQAU5nsydVnxJZkAVGHdQ
INFO 2025-04-07 23:01:10,046 youtube_analytics Successfully got credentials for user dasoccer, fetching analytics...
INFO 2025-04-07 23:01:10,052 youtube_analytics Querying YouTube Analytics API from 2025-03-08 to 2025-04-07 for channel UCsDQAU5nsydVnxJZkAVGHdQ
INFO 2025-04-07 23:01:10,502 youtube_analytics Successfully retrieved analytics data: 29 rows
ERROR 2025-04-07 23:01:11,492 views Error in dashboard view for user dasoccer: Invalid filter: 'intcomma'
ERROR 2025-04-07 23:01:11,693 log Internal Server Error: /dashboard/
Traceback (most recent call last):
  File "/Users/navidrahimi/ytanalytics/dashboard/views.py", line 137, in dashboard
    return render(request, 'auth/dashboard.html', context)
           ^^^^^^^^^^^^^^^^^^^^^^^^^^^^^^^^^^^^^^^^^^^^^^^
  File "/Users/navidrahimi/ytanalytics/ytanalytics/.venv/lib/python3.12/site-packages/django/shortcuts.py", line 25, in render
    content = loader.render_to_string(template_name, context, request, using=using)
              ^^^^^^^^^^^^^^^^^^^^^^^^^^^^^^^^^^^^^^^^^^^^^^^^^^^^^^^^^^^^^^^^^^^^^
  File "/Users/navidrahimi/ytanalytics/ytanalytics/.venv/lib/python3.12/site-packages/django/template/loader.py", line 61, in render_to_string
    template = get_template(template_name, using=using)
               ^^^^^^^^^^^^^^^^^^^^^^^^^^^^^^^^^^^^^^^^
  File "/Users/navidrahimi/ytanalytics/ytanalytics/.venv/lib/python3.12/site-packages/django/template/loader.py", line 15, in get_template
    return engine.get_template(template_name)
           ^^^^^^^^^^^^^^^^^^^^^^^^^^^^^^^^^^
  File "/Users/navidrahimi/ytanalytics/ytanalytics/.venv/lib/python3.12/site-packages/django/template/backends/django.py", line 79, in get_template
    return Template(self.engine.get_template(template_name), self)
                    ^^^^^^^^^^^^^^^^^^^^^^^^^^^^^^^^^^^^^^^
  File "/Users/navidrahimi/ytanalytics/ytanalytics/.venv/lib/python3.12/site-packages/django/template/engine.py", line 177, in get_template
    template, origin = self.find_template(template_name)
                       ^^^^^^^^^^^^^^^^^^^^^^^^^^^^^^^^^
  File "/Users/navidrahimi/ytanalytics/ytanalytics/.venv/lib/python3.12/site-packages/django/template/engine.py", line 159, in find_template
    template = loader.get_template(name, skip=skip)
               ^^^^^^^^^^^^^^^^^^^^^^^^^^^^^^^^^^^^
  File "/Users/navidrahimi/ytanalytics/ytanalytics/.venv/lib/python3.12/site-packages/django/template/loaders/cached.py", line 57, in get_template
    template = super().get_template(template_name, skip)
               ^^^^^^^^^^^^^^^^^^^^^^^^^^^^^^^^^^^^^^^^^
  File "/Users/navidrahimi/ytanalytics/ytanalytics/.venv/lib/python3.12/site-packages/django/template/loaders/base.py", line 28, in get_template
    return Template(
           ^^^^^^^^^
  File "/Users/navidrahimi/ytanalytics/ytanalytics/.venv/lib/python3.12/site-packages/django/template/base.py", line 154, in __init__
    self.nodelist = self.compile_nodelist()
                    ^^^^^^^^^^^^^^^^^^^^^^^
  File "/Users/navidrahimi/ytanalytics/ytanalytics/.venv/lib/python3.12/site-packages/django/template/base.py", line 196, in compile_nodelist
    nodelist = parser.parse()
               ^^^^^^^^^^^^^^
  File "/Users/navidrahimi/ytanalytics/ytanalytics/.venv/lib/python3.12/site-packages/django/template/base.py", line 518, in parse
    raise self.error(token, e)
  File "/Users/navidrahimi/ytanalytics/ytanalytics/.venv/lib/python3.12/site-packages/django/template/base.py", line 516, in parse
    compiled_result = compile_func(self, token)
                      ^^^^^^^^^^^^^^^^^^^^^^^^^
  File "/Users/navidrahimi/ytanalytics/ytanalytics/.venv/lib/python3.12/site-packages/django/template/loader_tags.py", line 295, in do_extends
    nodelist = parser.parse()
               ^^^^^^^^^^^^^^
  File "/Users/navidrahimi/ytanalytics/ytanalytics/.venv/lib/python3.12/site-packages/django/template/base.py", line 518, in parse
    raise self.error(token, e)
  File "/Users/navidrahimi/ytanalytics/ytanalytics/.venv/lib/python3.12/site-packages/django/template/base.py", line 516, in parse
    compiled_result = compile_func(self, token)
                      ^^^^^^^^^^^^^^^^^^^^^^^^^
  File "/Users/navidrahimi/ytanalytics/ytanalytics/.venv/lib/python3.12/site-packages/django/template/loader_tags.py", line 234, in do_block
    nodelist = parser.parse(("endblock",))
               ^^^^^^^^^^^^^^^^^^^^^^^^^^^
  File "/Users/navidrahimi/ytanalytics/ytanalytics/.venv/lib/python3.12/site-packages/django/template/base.py", line 518, in parse
    raise self.error(token, e)
  File "/Users/navidrahimi/ytanalytics/ytanalytics/.venv/lib/python3.12/site-packages/django/template/base.py", line 516, in parse
    compiled_result = compile_func(self, token)
                      ^^^^^^^^^^^^^^^^^^^^^^^^^
  File "/Users/navidrahimi/ytanalytics/ytanalytics/.venv/lib/python3.12/site-packages/django/template/defaulttags.py", line 976, in do_if
    nodelist = parser.parse(("endif",))
               ^^^^^^^^^^^^^^^^^^^^^^^^
  File "/Users/navidrahimi/ytanalytics/ytanalytics/.venv/lib/python3.12/site-packages/django/template/base.py", line 518, in parse
    raise self.error(token, e)
  File "/Users/navidrahimi/ytanalytics/ytanalytics/.venv/lib/python3.12/site-packages/django/template/base.py", line 516, in parse
    compiled_result = compile_func(self, token)
                      ^^^^^^^^^^^^^^^^^^^^^^^^^
  File "/Users/navidrahimi/ytanalytics/ytanalytics/.venv/lib/python3.12/site-packages/django/template/defaulttags.py", line 862, in do_for
    nodelist_loop = parser.parse(
                    ^^^^^^^^^^^^^
  File "/Users/navidrahimi/ytanalytics/ytanalytics/.venv/lib/python3.12/site-packages/django/template/base.py", line 489, in parse
    raise self.error(token, e)
  File "/Users/navidrahimi/ytanalytics/ytanalytics/.venv/lib/python3.12/site-packages/django/template/base.py", line 487, in parse
    filter_expression = self.compile_filter(token.contents)
                        ^^^^^^^^^^^^^^^^^^^^^^^^^^^^^^^^^^^
  File "/Users/navidrahimi/ytanalytics/ytanalytics/.venv/lib/python3.12/site-packages/django/template/base.py", line 605, in compile_filter
    return FilterExpression(token, self)
           ^^^^^^^^^^^^^^^^^^^^^^^^^^^^^
  File "/Users/navidrahimi/ytanalytics/ytanalytics/.venv/lib/python3.12/site-packages/django/template/base.py", line 701, in __init__
    filter_func = parser.find_filter(filter_name)
                  ^^^^^^^^^^^^^^^^^^^^^^^^^^^^^^^
  File "/Users/navidrahimi/ytanalytics/ytanalytics/.venv/lib/python3.12/site-packages/django/template/base.py", line 611, in find_filter
    raise TemplateSyntaxError("Invalid filter: '%s'" % filter_name)
django.template.exceptions.TemplateSyntaxError: Invalid filter: 'intcomma'

During handling of the above exception, another exception occurred:

Traceback (most recent call last):
  File "/Users/navidrahimi/ytanalytics/ytanalytics/.venv/lib/python3.12/site-packages/django/core/handlers/exception.py", line 55, in inner
    response = get_response(request)
               ^^^^^^^^^^^^^^^^^^^^^
  File "/Users/navidrahimi/ytanalytics/ytanalytics/.venv/lib/python3.12/site-packages/django/core/handlers/base.py", line 197, in _get_response
    response = wrapped_callback(request, *callback_args, **callback_kwargs)
               ^^^^^^^^^^^^^^^^^^^^^^^^^^^^^^^^^^^^^^^^^^^^^^^^^^^^^^^^^^^^
  File "/Users/navidrahimi/ytanalytics/ytanalytics/.venv/lib/python3.12/site-packages/django/contrib/auth/decorators.py", line 60, in _view_wrapper
    return view_func(request, *args, **kwargs)
           ^^^^^^^^^^^^^^^^^^^^^^^^^^^^^^^^^^^
  File "/Users/navidrahimi/ytanalytics/dashboard/views.py", line 142, in dashboard
    return render(request, 'auth/dashboard.html', context)
           ^^^^^^^^^^^^^^^^^^^^^^^^^^^^^^^^^^^^^^^^^^^^^^^
  File "/Users/navidrahimi/ytanalytics/ytanalytics/.venv/lib/python3.12/site-packages/django/shortcuts.py", line 25, in render
    content = loader.render_to_string(template_name, context, request, using=using)
              ^^^^^^^^^^^^^^^^^^^^^^^^^^^^^^^^^^^^^^^^^^^^^^^^^^^^^^^^^^^^^^^^^^^^^
  File "/Users/navidrahimi/ytanalytics/ytanalytics/.venv/lib/python3.12/site-packages/django/template/loader.py", line 61, in render_to_string
    template = get_template(template_name, using=using)
               ^^^^^^^^^^^^^^^^^^^^^^^^^^^^^^^^^^^^^^^^
  File "/Users/navidrahimi/ytanalytics/ytanalytics/.venv/lib/python3.12/site-packages/django/template/loader.py", line 15, in get_template
    return engine.get_template(template_name)
           ^^^^^^^^^^^^^^^^^^^^^^^^^^^^^^^^^^
  File "/Users/navidrahimi/ytanalytics/ytanalytics/.venv/lib/python3.12/site-packages/django/template/backends/django.py", line 79, in get_template
    return Template(self.engine.get_template(template_name), self)
                    ^^^^^^^^^^^^^^^^^^^^^^^^^^^^^^^^^^^^^^^
  File "/Users/navidrahimi/ytanalytics/ytanalytics/.venv/lib/python3.12/site-packages/django/template/engine.py", line 177, in get_template
    template, origin = self.find_template(template_name)
                       ^^^^^^^^^^^^^^^^^^^^^^^^^^^^^^^^^
  File "/Users/navidrahimi/ytanalytics/ytanalytics/.venv/lib/python3.12/site-packages/django/template/engine.py", line 159, in find_template
    template = loader.get_template(name, skip=skip)
               ^^^^^^^^^^^^^^^^^^^^^^^^^^^^^^^^^^^^
  File "/Users/navidrahimi/ytanalytics/ytanalytics/.venv/lib/python3.12/site-packages/django/template/loaders/cached.py", line 57, in get_template
    template = super().get_template(template_name, skip)
               ^^^^^^^^^^^^^^^^^^^^^^^^^^^^^^^^^^^^^^^^^
  File "/Users/navidrahimi/ytanalytics/ytanalytics/.venv/lib/python3.12/site-packages/django/template/loaders/base.py", line 28, in get_template
    return Template(
           ^^^^^^^^^
  File "/Users/navidrahimi/ytanalytics/ytanalytics/.venv/lib/python3.12/site-packages/django/template/base.py", line 154, in __init__
    self.nodelist = self.compile_nodelist()
                    ^^^^^^^^^^^^^^^^^^^^^^^
  File "/Users/navidrahimi/ytanalytics/ytanalytics/.venv/lib/python3.12/site-packages/django/template/base.py", line 196, in compile_nodelist
    nodelist = parser.parse()
               ^^^^^^^^^^^^^^
  File "/Users/navidrahimi/ytanalytics/ytanalytics/.venv/lib/python3.12/site-packages/django/template/base.py", line 518, in parse
    raise self.error(token, e)
  File "/Users/navidrahimi/ytanalytics/ytanalytics/.venv/lib/python3.12/site-packages/django/template/base.py", line 516, in parse
    compiled_result = compile_func(self, token)
                      ^^^^^^^^^^^^^^^^^^^^^^^^^
  File "/Users/navidrahimi/ytanalytics/ytanalytics/.venv/lib/python3.12/site-packages/django/template/loader_tags.py", line 295, in do_extends
    nodelist = parser.parse()
               ^^^^^^^^^^^^^^
  File "/Users/navidrahimi/ytanalytics/ytanalytics/.venv/lib/python3.12/site-packages/django/template/base.py", line 518, in parse
    raise self.error(token, e)
  File "/Users/navidrahimi/ytanalytics/ytanalytics/.venv/lib/python3.12/site-packages/django/template/base.py", line 516, in parse
    compiled_result = compile_func(self, token)
                      ^^^^^^^^^^^^^^^^^^^^^^^^^
  File "/Users/navidrahimi/ytanalytics/ytanalytics/.venv/lib/python3.12/site-packages/django/template/loader_tags.py", line 234, in do_block
    nodelist = parser.parse(("endblock",))
               ^^^^^^^^^^^^^^^^^^^^^^^^^^^
  File "/Users/navidrahimi/ytanalytics/ytanalytics/.venv/lib/python3.12/site-packages/django/template/base.py", line 518, in parse
    raise self.error(token, e)
  File "/Users/navidrahimi/ytanalytics/ytanalytics/.venv/lib/python3.12/site-packages/django/template/base.py", line 516, in parse
    compiled_result = compile_func(self, token)
                      ^^^^^^^^^^^^^^^^^^^^^^^^^
  File "/Users/navidrahimi/ytanalytics/ytanalytics/.venv/lib/python3.12/site-packages/django/template/defaulttags.py", line 976, in do_if
    nodelist = parser.parse(("endif",))
               ^^^^^^^^^^^^^^^^^^^^^^^^
  File "/Users/navidrahimi/ytanalytics/ytanalytics/.venv/lib/python3.12/site-packages/django/template/base.py", line 518, in parse
    raise self.error(token, e)
  File "/Users/navidrahimi/ytanalytics/ytanalytics/.venv/lib/python3.12/site-packages/django/template/base.py", line 516, in parse
    compiled_result = compile_func(self, token)
                      ^^^^^^^^^^^^^^^^^^^^^^^^^
  File "/Users/navidrahimi/ytanalytics/ytanalytics/.venv/lib/python3.12/site-packages/django/template/defaulttags.py", line 862, in do_for
    nodelist_loop = parser.parse(
                    ^^^^^^^^^^^^^
  File "/Users/navidrahimi/ytanalytics/ytanalytics/.venv/lib/python3.12/site-packages/django/template/base.py", line 489, in parse
    raise self.error(token, e)
  File "/Users/navidrahimi/ytanalytics/ytanalytics/.venv/lib/python3.12/site-packages/django/template/base.py", line 487, in parse
    filter_expression = self.compile_filter(token.contents)
                        ^^^^^^^^^^^^^^^^^^^^^^^^^^^^^^^^^^^
  File "/Users/navidrahimi/ytanalytics/ytanalytics/.venv/lib/python3.12/site-packages/django/template/base.py", line 605, in compile_filter
    return FilterExpression(token, self)
           ^^^^^^^^^^^^^^^^^^^^^^^^^^^^^
  File "/Users/navidrahimi/ytanalytics/ytanalytics/.venv/lib/python3.12/site-packages/django/template/base.py", line 701, in __init__
    filter_func = parser.find_filter(filter_name)
                  ^^^^^^^^^^^^^^^^^^^^^^^^^^^^^^^
  File "/Users/navidrahimi/ytanalytics/ytanalytics/.venv/lib/python3.12/site-packages/django/template/base.py", line 611, in find_filter
    raise TemplateSyntaxError("Invalid filter: '%s'" % filter_name)
django.template.exceptions.TemplateSyntaxError: Invalid filter: 'intcomma'
ERROR 2025-04-07 23:01:11,728 basehttp "GET /dashboard/ HTTP/1.1" 500 450791
INFO 2025-04-07 23:01:21,342 autoreload Watching for file changes with StatReloader
INFO 2025-04-07 23:01:23,398 youtube_analytics Getting YouTube analytics for user: dasoccer, days: 30
INFO 2025-04-07 23:01:23,398 youtube_analytics User's stored channel ID: UCsDQAU5nsydVnxJZkAVGHdQ
INFO 2025-04-07 23:01:23,401 youtube_analytics Successfully got credentials for user dasoccer, fetching analytics...
INFO 2025-04-07 23:01:23,408 youtube_analytics Querying YouTube Analytics API from 2025-03-08 to 2025-04-07 for channel UCsDQAU5nsydVnxJZkAVGHdQ
INFO 2025-04-07 23:01:23,681 youtube_analytics Successfully retrieved analytics data: 29 rows
ERROR 2025-04-07 23:01:24,352 views Error in dashboard view for user dasoccer: Invalid filter: 'intcomma'
ERROR 2025-04-07 23:01:24,436 log Internal Server Error: /dashboard/
Traceback (most recent call last):
  File "/Users/navidrahimi/ytanalytics/dashboard/views.py", line 137, in dashboard
    return render(request, 'auth/dashboard.html', context)
           ^^^^^^^^^^^^^^^^^^^^^^^^^^^^^^^^^^^^^^^^^^^^^^^
  File "/Users/navidrahimi/ytanalytics/ytanalytics/.venv/lib/python3.12/site-packages/django/shortcuts.py", line 25, in render
    content = loader.render_to_string(template_name, context, request, using=using)
              ^^^^^^^^^^^^^^^^^^^^^^^^^^^^^^^^^^^^^^^^^^^^^^^^^^^^^^^^^^^^^^^^^^^^^
  File "/Users/navidrahimi/ytanalytics/ytanalytics/.venv/lib/python3.12/site-packages/django/template/loader.py", line 61, in render_to_string
    template = get_template(template_name, using=using)
               ^^^^^^^^^^^^^^^^^^^^^^^^^^^^^^^^^^^^^^^^
  File "/Users/navidrahimi/ytanalytics/ytanalytics/.venv/lib/python3.12/site-packages/django/template/loader.py", line 15, in get_template
    return engine.get_template(template_name)
           ^^^^^^^^^^^^^^^^^^^^^^^^^^^^^^^^^^
  File "/Users/navidrahimi/ytanalytics/ytanalytics/.venv/lib/python3.12/site-packages/django/template/backends/django.py", line 79, in get_template
    return Template(self.engine.get_template(template_name), self)
                    ^^^^^^^^^^^^^^^^^^^^^^^^^^^^^^^^^^^^^^^
  File "/Users/navidrahimi/ytanalytics/ytanalytics/.venv/lib/python3.12/site-packages/django/template/engine.py", line 177, in get_template
    template, origin = self.find_template(template_name)
                       ^^^^^^^^^^^^^^^^^^^^^^^^^^^^^^^^^
  File "/Users/navidrahimi/ytanalytics/ytanalytics/.venv/lib/python3.12/site-packages/django/template/engine.py", line 159, in find_template
    template = loader.get_template(name, skip=skip)
               ^^^^^^^^^^^^^^^^^^^^^^^^^^^^^^^^^^^^
  File "/Users/navidrahimi/ytanalytics/ytanalytics/.venv/lib/python3.12/site-packages/django/template/loaders/cached.py", line 57, in get_template
    template = super().get_template(template_name, skip)
               ^^^^^^^^^^^^^^^^^^^^^^^^^^^^^^^^^^^^^^^^^
  File "/Users/navidrahimi/ytanalytics/ytanalytics/.venv/lib/python3.12/site-packages/django/template/loaders/base.py", line 28, in get_template
    return Template(
           ^^^^^^^^^
  File "/Users/navidrahimi/ytanalytics/ytanalytics/.venv/lib/python3.12/site-packages/django/template/base.py", line 154, in __init__
    self.nodelist = self.compile_nodelist()
                    ^^^^^^^^^^^^^^^^^^^^^^^
  File "/Users/navidrahimi/ytanalytics/ytanalytics/.venv/lib/python3.12/site-packages/django/template/base.py", line 196, in compile_nodelist
    nodelist = parser.parse()
               ^^^^^^^^^^^^^^
  File "/Users/navidrahimi/ytanalytics/ytanalytics/.venv/lib/python3.12/site-packages/django/template/base.py", line 518, in parse
    raise self.error(token, e)
  File "/Users/navidrahimi/ytanalytics/ytanalytics/.venv/lib/python3.12/site-packages/django/template/base.py", line 516, in parse
    compiled_result = compile_func(self, token)
                      ^^^^^^^^^^^^^^^^^^^^^^^^^
  File "/Users/navidrahimi/ytanalytics/ytanalytics/.venv/lib/python3.12/site-packages/django/template/loader_tags.py", line 295, in do_extends
    nodelist = parser.parse()
               ^^^^^^^^^^^^^^
  File "/Users/navidrahimi/ytanalytics/ytanalytics/.venv/lib/python3.12/site-packages/django/template/base.py", line 518, in parse
    raise self.error(token, e)
  File "/Users/navidrahimi/ytanalytics/ytanalytics/.venv/lib/python3.12/site-packages/django/template/base.py", line 516, in parse
    compiled_result = compile_func(self, token)
                      ^^^^^^^^^^^^^^^^^^^^^^^^^
  File "/Users/navidrahimi/ytanalytics/ytanalytics/.venv/lib/python3.12/site-packages/django/template/loader_tags.py", line 234, in do_block
    nodelist = parser.parse(("endblock",))
               ^^^^^^^^^^^^^^^^^^^^^^^^^^^
  File "/Users/navidrahimi/ytanalytics/ytanalytics/.venv/lib/python3.12/site-packages/django/template/base.py", line 518, in parse
    raise self.error(token, e)
  File "/Users/navidrahimi/ytanalytics/ytanalytics/.venv/lib/python3.12/site-packages/django/template/base.py", line 516, in parse
    compiled_result = compile_func(self, token)
                      ^^^^^^^^^^^^^^^^^^^^^^^^^
  File "/Users/navidrahimi/ytanalytics/ytanalytics/.venv/lib/python3.12/site-packages/django/template/defaulttags.py", line 976, in do_if
    nodelist = parser.parse(("endif",))
               ^^^^^^^^^^^^^^^^^^^^^^^^
  File "/Users/navidrahimi/ytanalytics/ytanalytics/.venv/lib/python3.12/site-packages/django/template/base.py", line 518, in parse
    raise self.error(token, e)
  File "/Users/navidrahimi/ytanalytics/ytanalytics/.venv/lib/python3.12/site-packages/django/template/base.py", line 516, in parse
    compiled_result = compile_func(self, token)
                      ^^^^^^^^^^^^^^^^^^^^^^^^^
  File "/Users/navidrahimi/ytanalytics/ytanalytics/.venv/lib/python3.12/site-packages/django/template/defaulttags.py", line 862, in do_for
    nodelist_loop = parser.parse(
                    ^^^^^^^^^^^^^
  File "/Users/navidrahimi/ytanalytics/ytanalytics/.venv/lib/python3.12/site-packages/django/template/base.py", line 489, in parse
    raise self.error(token, e)
  File "/Users/navidrahimi/ytanalytics/ytanalytics/.venv/lib/python3.12/site-packages/django/template/base.py", line 487, in parse
    filter_expression = self.compile_filter(token.contents)
                        ^^^^^^^^^^^^^^^^^^^^^^^^^^^^^^^^^^^
  File "/Users/navidrahimi/ytanalytics/ytanalytics/.venv/lib/python3.12/site-packages/django/template/base.py", line 605, in compile_filter
    return FilterExpression(token, self)
           ^^^^^^^^^^^^^^^^^^^^^^^^^^^^^
  File "/Users/navidrahimi/ytanalytics/ytanalytics/.venv/lib/python3.12/site-packages/django/template/base.py", line 701, in __init__
    filter_func = parser.find_filter(filter_name)
                  ^^^^^^^^^^^^^^^^^^^^^^^^^^^^^^^
  File "/Users/navidrahimi/ytanalytics/ytanalytics/.venv/lib/python3.12/site-packages/django/template/base.py", line 611, in find_filter
    raise TemplateSyntaxError("Invalid filter: '%s'" % filter_name)
django.template.exceptions.TemplateSyntaxError: Invalid filter: 'intcomma'

During handling of the above exception, another exception occurred:

Traceback (most recent call last):
  File "/Users/navidrahimi/ytanalytics/ytanalytics/.venv/lib/python3.12/site-packages/django/core/handlers/exception.py", line 55, in inner
    response = get_response(request)
               ^^^^^^^^^^^^^^^^^^^^^
  File "/Users/navidrahimi/ytanalytics/ytanalytics/.venv/lib/python3.12/site-packages/django/core/handlers/base.py", line 197, in _get_response
    response = wrapped_callback(request, *callback_args, **callback_kwargs)
               ^^^^^^^^^^^^^^^^^^^^^^^^^^^^^^^^^^^^^^^^^^^^^^^^^^^^^^^^^^^^
  File "/Users/navidrahimi/ytanalytics/ytanalytics/.venv/lib/python3.12/site-packages/django/contrib/auth/decorators.py", line 60, in _view_wrapper
    return view_func(request, *args, **kwargs)
           ^^^^^^^^^^^^^^^^^^^^^^^^^^^^^^^^^^^
  File "/Users/navidrahimi/ytanalytics/dashboard/views.py", line 142, in dashboard
    return render(request, 'auth/dashboard.html', context)
           ^^^^^^^^^^^^^^^^^^^^^^^^^^^^^^^^^^^^^^^^^^^^^^^
  File "/Users/navidrahimi/ytanalytics/ytanalytics/.venv/lib/python3.12/site-packages/django/shortcuts.py", line 25, in render
    content = loader.render_to_string(template_name, context, request, using=using)
              ^^^^^^^^^^^^^^^^^^^^^^^^^^^^^^^^^^^^^^^^^^^^^^^^^^^^^^^^^^^^^^^^^^^^^
  File "/Users/navidrahimi/ytanalytics/ytanalytics/.venv/lib/python3.12/site-packages/django/template/loader.py", line 61, in render_to_string
    template = get_template(template_name, using=using)
               ^^^^^^^^^^^^^^^^^^^^^^^^^^^^^^^^^^^^^^^^
  File "/Users/navidrahimi/ytanalytics/ytanalytics/.venv/lib/python3.12/site-packages/django/template/loader.py", line 15, in get_template
    return engine.get_template(template_name)
           ^^^^^^^^^^^^^^^^^^^^^^^^^^^^^^^^^^
  File "/Users/navidrahimi/ytanalytics/ytanalytics/.venv/lib/python3.12/site-packages/django/template/backends/django.py", line 79, in get_template
    return Template(self.engine.get_template(template_name), self)
                    ^^^^^^^^^^^^^^^^^^^^^^^^^^^^^^^^^^^^^^^
  File "/Users/navidrahimi/ytanalytics/ytanalytics/.venv/lib/python3.12/site-packages/django/template/engine.py", line 177, in get_template
    template, origin = self.find_template(template_name)
                       ^^^^^^^^^^^^^^^^^^^^^^^^^^^^^^^^^
  File "/Users/navidrahimi/ytanalytics/ytanalytics/.venv/lib/python3.12/site-packages/django/template/engine.py", line 159, in find_template
    template = loader.get_template(name, skip=skip)
               ^^^^^^^^^^^^^^^^^^^^^^^^^^^^^^^^^^^^
  File "/Users/navidrahimi/ytanalytics/ytanalytics/.venv/lib/python3.12/site-packages/django/template/loaders/cached.py", line 57, in get_template
    template = super().get_template(template_name, skip)
               ^^^^^^^^^^^^^^^^^^^^^^^^^^^^^^^^^^^^^^^^^
  File "/Users/navidrahimi/ytanalytics/ytanalytics/.venv/lib/python3.12/site-packages/django/template/loaders/base.py", line 28, in get_template
    return Template(
           ^^^^^^^^^
  File "/Users/navidrahimi/ytanalytics/ytanalytics/.venv/lib/python3.12/site-packages/django/template/base.py", line 154, in __init__
    self.nodelist = self.compile_nodelist()
                    ^^^^^^^^^^^^^^^^^^^^^^^
  File "/Users/navidrahimi/ytanalytics/ytanalytics/.venv/lib/python3.12/site-packages/django/template/base.py", line 196, in compile_nodelist
    nodelist = parser.parse()
               ^^^^^^^^^^^^^^
  File "/Users/navidrahimi/ytanalytics/ytanalytics/.venv/lib/python3.12/site-packages/django/template/base.py", line 518, in parse
    raise self.error(token, e)
  File "/Users/navidrahimi/ytanalytics/ytanalytics/.venv/lib/python3.12/site-packages/django/template/base.py", line 516, in parse
    compiled_result = compile_func(self, token)
                      ^^^^^^^^^^^^^^^^^^^^^^^^^
  File "/Users/navidrahimi/ytanalytics/ytanalytics/.venv/lib/python3.12/site-packages/django/template/loader_tags.py", line 295, in do_extends
    nodelist = parser.parse()
               ^^^^^^^^^^^^^^
  File "/Users/navidrahimi/ytanalytics/ytanalytics/.venv/lib/python3.12/site-packages/django/template/base.py", line 518, in parse
    raise self.error(token, e)
  File "/Users/navidrahimi/ytanalytics/ytanalytics/.venv/lib/python3.12/site-packages/django/template/base.py", line 516, in parse
    compiled_result = compile_func(self, token)
                      ^^^^^^^^^^^^^^^^^^^^^^^^^
  File "/Users/navidrahimi/ytanalytics/ytanalytics/.venv/lib/python3.12/site-packages/django/template/loader_tags.py", line 234, in do_block
    nodelist = parser.parse(("endblock",))
               ^^^^^^^^^^^^^^^^^^^^^^^^^^^
  File "/Users/navidrahimi/ytanalytics/ytanalytics/.venv/lib/python3.12/site-packages/django/template/base.py", line 518, in parse
    raise self.error(token, e)
  File "/Users/navidrahimi/ytanalytics/ytanalytics/.venv/lib/python3.12/site-packages/django/template/base.py", line 516, in parse
    compiled_result = compile_func(self, token)
                      ^^^^^^^^^^^^^^^^^^^^^^^^^
  File "/Users/navidrahimi/ytanalytics/ytanalytics/.venv/lib/python3.12/site-packages/django/template/defaulttags.py", line 976, in do_if
    nodelist = parser.parse(("endif",))
               ^^^^^^^^^^^^^^^^^^^^^^^^
  File "/Users/navidrahimi/ytanalytics/ytanalytics/.venv/lib/python3.12/site-packages/django/template/base.py", line 518, in parse
    raise self.error(token, e)
  File "/Users/navidrahimi/ytanalytics/ytanalytics/.venv/lib/python3.12/site-packages/django/template/base.py", line 516, in parse
    compiled_result = compile_func(self, token)
                      ^^^^^^^^^^^^^^^^^^^^^^^^^
  File "/Users/navidrahimi/ytanalytics/ytanalytics/.venv/lib/python3.12/site-packages/django/template/defaulttags.py", line 862, in do_for
    nodelist_loop = parser.parse(
                    ^^^^^^^^^^^^^
  File "/Users/navidrahimi/ytanalytics/ytanalytics/.venv/lib/python3.12/site-packages/django/template/base.py", line 489, in parse
    raise self.error(token, e)
  File "/Users/navidrahimi/ytanalytics/ytanalytics/.venv/lib/python3.12/site-packages/django/template/base.py", line 487, in parse
    filter_expression = self.compile_filter(token.contents)
                        ^^^^^^^^^^^^^^^^^^^^^^^^^^^^^^^^^^^
  File "/Users/navidrahimi/ytanalytics/ytanalytics/.venv/lib/python3.12/site-packages/django/template/base.py", line 605, in compile_filter
    return FilterExpression(token, self)
           ^^^^^^^^^^^^^^^^^^^^^^^^^^^^^
  File "/Users/navidrahimi/ytanalytics/ytanalytics/.venv/lib/python3.12/site-packages/django/template/base.py", line 701, in __init__
    filter_func = parser.find_filter(filter_name)
                  ^^^^^^^^^^^^^^^^^^^^^^^^^^^^^^^
  File "/Users/navidrahimi/ytanalytics/ytanalytics/.venv/lib/python3.12/site-packages/django/template/base.py", line 611, in find_filter
    raise TemplateSyntaxError("Invalid filter: '%s'" % filter_name)
django.template.exceptions.TemplateSyntaxError: Invalid filter: 'intcomma'
ERROR 2025-04-07 23:01:24,441 basehttp "GET /dashboard/ HTTP/1.1" 500 450794
INFO 2025-04-07 23:06:21,192 youtube_analytics Getting YouTube analytics for user: dasoccer, days: 30
INFO 2025-04-07 23:06:21,192 youtube_analytics User's stored channel ID: UCsDQAU5nsydVnxJZkAVGHdQ
INFO 2025-04-07 23:06:21,196 youtube_analytics Successfully got credentials for user dasoccer, fetching analytics...
INFO 2025-04-07 23:06:21,214 youtube_analytics Querying YouTube Analytics API from 2025-03-08 to 2025-04-07 for channel UCsDQAU5nsydVnxJZkAVGHdQ
INFO 2025-04-07 23:06:21,501 youtube_analytics Successfully retrieved analytics data: 29 rows
INFO 2025-04-07 23:06:22,532 basehttp "GET /dashboard/ HTTP/1.1" 200 10903
INFO 2025-04-07 23:08:12,529 youtube_analytics Getting YouTube analytics for user: dasoccer, days: 30
INFO 2025-04-07 23:08:12,529 youtube_analytics User's stored channel ID: UCsDQAU5nsydVnxJZkAVGHdQ
INFO 2025-04-07 23:08:12,531 youtube_analytics Successfully got credentials for user dasoccer, fetching analytics...
INFO 2025-04-07 23:08:12,534 youtube_analytics Querying YouTube Analytics API from 2025-03-08 to 2025-04-07 for channel UCsDQAU5nsydVnxJZkAVGHdQ
INFO 2025-04-07 23:08:12,813 youtube_analytics Successfully retrieved analytics data: 29 rows
ERROR 2025-04-07 23:08:13,462 views Error in dashboard view for user dasoccer: Reverse for 'privacy_policy' not found. 'privacy_policy' is not a valid view function or pattern name.
ERROR 2025-04-07 23:08:13,905 log Internal Server Error: /dashboard/
Traceback (most recent call last):
  File "/Users/navidrahimi/ytanalytics/dashboard/views.py", line 137, in dashboard
    return render(request, 'auth/dashboard.html', context)
           ^^^^^^^^^^^^^^^^^^^^^^^^^^^^^^^^^^^^^^^^^^^^^^^
  File "/Users/navidrahimi/ytanalytics/ytanalytics/.venv/lib/python3.12/site-packages/django/shortcuts.py", line 25, in render
    content = loader.render_to_string(template_name, context, request, using=using)
              ^^^^^^^^^^^^^^^^^^^^^^^^^^^^^^^^^^^^^^^^^^^^^^^^^^^^^^^^^^^^^^^^^^^^^
  File "/Users/navidrahimi/ytanalytics/ytanalytics/.venv/lib/python3.12/site-packages/django/template/loader.py", line 62, in render_to_string
    return template.render(context, request)
           ^^^^^^^^^^^^^^^^^^^^^^^^^^^^^^^^^
  File "/Users/navidrahimi/ytanalytics/ytanalytics/.venv/lib/python3.12/site-packages/django/template/backends/django.py", line 107, in render
    return self.template.render(context)
           ^^^^^^^^^^^^^^^^^^^^^^^^^^^^^
  File "/Users/navidrahimi/ytanalytics/ytanalytics/.venv/lib/python3.12/site-packages/django/template/base.py", line 171, in render
    return self._render(context)
           ^^^^^^^^^^^^^^^^^^^^^
  File "/Users/navidrahimi/ytanalytics/ytanalytics/.venv/lib/python3.12/site-packages/django/template/base.py", line 163, in _render
    return self.nodelist.render(context)
           ^^^^^^^^^^^^^^^^^^^^^^^^^^^^^
  File "/Users/navidrahimi/ytanalytics/ytanalytics/.venv/lib/python3.12/site-packages/django/template/base.py", line 1008, in render
    return SafeString("".join([node.render_annotated(context) for node in self]))
                               ^^^^^^^^^^^^^^^^^^^^^^^^^^^^^^
  File "/Users/navidrahimi/ytanalytics/ytanalytics/.venv/lib/python3.12/site-packages/django/template/base.py", line 969, in render_annotated
    return self.render(context)
           ^^^^^^^^^^^^^^^^^^^^
  File "/Users/navidrahimi/ytanalytics/ytanalytics/.venv/lib/python3.12/site-packages/django/template/loader_tags.py", line 159, in render
    return compiled_parent._render(context)
           ^^^^^^^^^^^^^^^^^^^^^^^^^^^^^^^^
  File "/Users/navidrahimi/ytanalytics/ytanalytics/.venv/lib/python3.12/site-packages/django/template/base.py", line 163, in _render
    return self.nodelist.render(context)
           ^^^^^^^^^^^^^^^^^^^^^^^^^^^^^
  File "/Users/navidrahimi/ytanalytics/ytanalytics/.venv/lib/python3.12/site-packages/django/template/base.py", line 1008, in render
    return SafeString("".join([node.render_annotated(context) for node in self]))
                               ^^^^^^^^^^^^^^^^^^^^^^^^^^^^^^
  File "/Users/navidrahimi/ytanalytics/ytanalytics/.venv/lib/python3.12/site-packages/django/template/base.py", line 969, in render_annotated
    return self.render(context)
           ^^^^^^^^^^^^^^^^^^^^
  File "/Users/navidrahimi/ytanalytics/ytanalytics/.venv/lib/python3.12/site-packages/django/template/loader_tags.py", line 65, in render
    result = block.nodelist.render(context)
             ^^^^^^^^^^^^^^^^^^^^^^^^^^^^^^
  File "/Users/navidrahimi/ytanalytics/ytanalytics/.venv/lib/python3.12/site-packages/django/template/base.py", line 1008, in render
    return SafeString("".join([node.render_annotated(context) for node in self]))
                               ^^^^^^^^^^^^^^^^^^^^^^^^^^^^^^
  File "/Users/navidrahimi/ytanalytics/ytanalytics/.venv/lib/python3.12/site-packages/django/template/base.py", line 969, in render_annotated
    return self.render(context)
           ^^^^^^^^^^^^^^^^^^^^
  File "/Users/navidrahimi/ytanalytics/ytanalytics/.venv/lib/python3.12/site-packages/django/template/defaulttags.py", line 480, in render
    url = reverse(view_name, args=args, kwargs=kwargs, current_app=current_app)
          ^^^^^^^^^^^^^^^^^^^^^^^^^^^^^^^^^^^^^^^^^^^^^^^^^^^^^^^^^^^^^^^^^^^^^
  File "/Users/navidrahimi/ytanalytics/ytanalytics/.venv/lib/python3.12/site-packages/django/urls/base.py", line 88, in reverse
    return resolver._reverse_with_prefix(view, prefix, *args, **kwargs)
           ^^^^^^^^^^^^^^^^^^^^^^^^^^^^^^^^^^^^^^^^^^^^^^^^^^^^^^^^^^^^
  File "/Users/navidrahimi/ytanalytics/ytanalytics/.venv/lib/python3.12/site-packages/django/urls/resolvers.py", line 831, in _reverse_with_prefix
    raise NoReverseMatch(msg)
django.urls.exceptions.NoReverseMatch: Reverse for 'privacy_policy' not found. 'privacy_policy' is not a valid view function or pattern name.

During handling of the above exception, another exception occurred:

Traceback (most recent call last):
  File "/Users/navidrahimi/ytanalytics/ytanalytics/.venv/lib/python3.12/site-packages/django/core/handlers/exception.py", line 55, in inner
    response = get_response(request)
               ^^^^^^^^^^^^^^^^^^^^^
  File "/Users/navidrahimi/ytanalytics/ytanalytics/.venv/lib/python3.12/site-packages/django/core/handlers/base.py", line 197, in _get_response
    response = wrapped_callback(request, *callback_args, **callback_kwargs)
               ^^^^^^^^^^^^^^^^^^^^^^^^^^^^^^^^^^^^^^^^^^^^^^^^^^^^^^^^^^^^
  File "/Users/navidrahimi/ytanalytics/ytanalytics/.venv/lib/python3.12/site-packages/django/contrib/auth/decorators.py", line 60, in _view_wrapper
    return view_func(request, *args, **kwargs)
           ^^^^^^^^^^^^^^^^^^^^^^^^^^^^^^^^^^^
  File "/Users/navidrahimi/ytanalytics/dashboard/views.py", line 142, in dashboard
    return render(request, 'auth/dashboard.html', context)
           ^^^^^^^^^^^^^^^^^^^^^^^^^^^^^^^^^^^^^^^^^^^^^^^
  File "/Users/navidrahimi/ytanalytics/ytanalytics/.venv/lib/python3.12/site-packages/django/shortcuts.py", line 25, in render
    content = loader.render_to_string(template_name, context, request, using=using)
              ^^^^^^^^^^^^^^^^^^^^^^^^^^^^^^^^^^^^^^^^^^^^^^^^^^^^^^^^^^^^^^^^^^^^^
  File "/Users/navidrahimi/ytanalytics/ytanalytics/.venv/lib/python3.12/site-packages/django/template/loader.py", line 62, in render_to_string
    return template.render(context, request)
           ^^^^^^^^^^^^^^^^^^^^^^^^^^^^^^^^^
  File "/Users/navidrahimi/ytanalytics/ytanalytics/.venv/lib/python3.12/site-packages/django/template/backends/django.py", line 107, in render
    return self.template.render(context)
           ^^^^^^^^^^^^^^^^^^^^^^^^^^^^^
  File "/Users/navidrahimi/ytanalytics/ytanalytics/.venv/lib/python3.12/site-packages/django/template/base.py", line 171, in render
    return self._render(context)
           ^^^^^^^^^^^^^^^^^^^^^
  File "/Users/navidrahimi/ytanalytics/ytanalytics/.venv/lib/python3.12/site-packages/django/template/base.py", line 163, in _render
    return self.nodelist.render(context)
           ^^^^^^^^^^^^^^^^^^^^^^^^^^^^^
  File "/Users/navidrahimi/ytanalytics/ytanalytics/.venv/lib/python3.12/site-packages/django/template/base.py", line 1008, in render
    return SafeString("".join([node.render_annotated(context) for node in self]))
                               ^^^^^^^^^^^^^^^^^^^^^^^^^^^^^^
  File "/Users/navidrahimi/ytanalytics/ytanalytics/.venv/lib/python3.12/site-packages/django/template/base.py", line 969, in render_annotated
    return self.render(context)
           ^^^^^^^^^^^^^^^^^^^^
  File "/Users/navidrahimi/ytanalytics/ytanalytics/.venv/lib/python3.12/site-packages/django/template/loader_tags.py", line 159, in render
    return compiled_parent._render(context)
           ^^^^^^^^^^^^^^^^^^^^^^^^^^^^^^^^
  File "/Users/navidrahimi/ytanalytics/ytanalytics/.venv/lib/python3.12/site-packages/django/template/base.py", line 163, in _render
    return self.nodelist.render(context)
           ^^^^^^^^^^^^^^^^^^^^^^^^^^^^^
  File "/Users/navidrahimi/ytanalytics/ytanalytics/.venv/lib/python3.12/site-packages/django/template/base.py", line 1008, in render
    return SafeString("".join([node.render_annotated(context) for node in self]))
                               ^^^^^^^^^^^^^^^^^^^^^^^^^^^^^^
  File "/Users/navidrahimi/ytanalytics/ytanalytics/.venv/lib/python3.12/site-packages/django/template/base.py", line 969, in render_annotated
    return self.render(context)
           ^^^^^^^^^^^^^^^^^^^^
  File "/Users/navidrahimi/ytanalytics/ytanalytics/.venv/lib/python3.12/site-packages/django/template/loader_tags.py", line 65, in render
    result = block.nodelist.render(context)
             ^^^^^^^^^^^^^^^^^^^^^^^^^^^^^^
  File "/Users/navidrahimi/ytanalytics/ytanalytics/.venv/lib/python3.12/site-packages/django/template/base.py", line 1008, in render
    return SafeString("".join([node.render_annotated(context) for node in self]))
                               ^^^^^^^^^^^^^^^^^^^^^^^^^^^^^^
  File "/Users/navidrahimi/ytanalytics/ytanalytics/.venv/lib/python3.12/site-packages/django/template/base.py", line 969, in render_annotated
    return self.render(context)
           ^^^^^^^^^^^^^^^^^^^^
  File "/Users/navidrahimi/ytanalytics/ytanalytics/.venv/lib/python3.12/site-packages/django/template/defaulttags.py", line 480, in render
    url = reverse(view_name, args=args, kwargs=kwargs, current_app=current_app)
          ^^^^^^^^^^^^^^^^^^^^^^^^^^^^^^^^^^^^^^^^^^^^^^^^^^^^^^^^^^^^^^^^^^^^^
  File "/Users/navidrahimi/ytanalytics/ytanalytics/.venv/lib/python3.12/site-packages/django/urls/base.py", line 88, in reverse
    return resolver._reverse_with_prefix(view, prefix, *args, **kwargs)
           ^^^^^^^^^^^^^^^^^^^^^^^^^^^^^^^^^^^^^^^^^^^^^^^^^^^^^^^^^^^^
  File "/Users/navidrahimi/ytanalytics/ytanalytics/.venv/lib/python3.12/site-packages/django/urls/resolvers.py", line 831, in _reverse_with_prefix
    raise NoReverseMatch(msg)
django.urls.exceptions.NoReverseMatch: Reverse for 'privacy_policy' not found. 'privacy_policy' is not a valid view function or pattern name.
ERROR 2025-04-07 23:08:13,921 basehttp "GET /dashboard/ HTTP/1.1" 500 413203
INFO 2025-04-07 23:09:41,018 youtube_analytics Getting YouTube analytics for user: dasoccer, days: 30
INFO 2025-04-07 23:09:41,024 youtube_analytics User's stored channel ID: UCsDQAU5nsydVnxJZkAVGHdQ
INFO 2025-04-07 23:09:41,030 youtube_analytics Successfully got credentials for user dasoccer, fetching analytics...
INFO 2025-04-07 23:09:41,034 youtube_analytics Querying YouTube Analytics API from 2025-03-08 to 2025-04-07 for channel UCsDQAU5nsydVnxJZkAVGHdQ
INFO 2025-04-07 23:09:41,446 youtube_analytics Successfully retrieved analytics data: 29 rows
INFO 2025-04-07 23:09:42,718 basehttp "GET /dashboard/ HTTP/1.1" 200 13630
ERROR 2025-04-07 23:09:53,684 log Internal Server Error: /network/
Traceback (most recent call last):
  File "/Users/navidrahimi/ytanalytics/ytanalytics/.venv/lib/python3.12/site-packages/django/template/base.py", line 510, in parse
    compile_func = self.tags[command]
                   ~~~~~~~~~^^^^^^^^^
KeyError: 'endblock'

During handling of the above exception, another exception occurred:

Traceback (most recent call last):
  File "/Users/navidrahimi/ytanalytics/ytanalytics/.venv/lib/python3.12/site-packages/django/core/handlers/exception.py", line 55, in inner
    response = get_response(request)
               ^^^^^^^^^^^^^^^^^^^^^
  File "/Users/navidrahimi/ytanalytics/ytanalytics/.venv/lib/python3.12/site-packages/django/core/handlers/base.py", line 197, in _get_response
    response = wrapped_callback(request, *callback_args, **callback_kwargs)
               ^^^^^^^^^^^^^^^^^^^^^^^^^^^^^^^^^^^^^^^^^^^^^^^^^^^^^^^^^^^^
  File "/Users/navidrahimi/ytanalytics/ytanalytics/.venv/lib/python3.12/site-packages/django/contrib/auth/decorators.py", line 60, in _view_wrapper
    return view_func(request, *args, **kwargs)
           ^^^^^^^^^^^^^^^^^^^^^^^^^^^^^^^^^^^
  File "/Users/navidrahimi/ytanalytics/ytanalytics/.venv/lib/python3.12/site-packages/django/contrib/auth/decorators.py", line 60, in _view_wrapper
    return view_func(request, *args, **kwargs)
           ^^^^^^^^^^^^^^^^^^^^^^^^^^^^^^^^^^^
  File "/Users/navidrahimi/ytanalytics/dashboard/views.py", line 497, in network_view
    return render(request, 'auth/network.html', context)
           ^^^^^^^^^^^^^^^^^^^^^^^^^^^^^^^^^^^^^^^^^^^^^
  File "/Users/navidrahimi/ytanalytics/ytanalytics/.venv/lib/python3.12/site-packages/django/shortcuts.py", line 25, in render
    content = loader.render_to_string(template_name, context, request, using=using)
              ^^^^^^^^^^^^^^^^^^^^^^^^^^^^^^^^^^^^^^^^^^^^^^^^^^^^^^^^^^^^^^^^^^^^^
  File "/Users/navidrahimi/ytanalytics/ytanalytics/.venv/lib/python3.12/site-packages/django/template/loader.py", line 61, in render_to_string
    template = get_template(template_name, using=using)
               ^^^^^^^^^^^^^^^^^^^^^^^^^^^^^^^^^^^^^^^^
  File "/Users/navidrahimi/ytanalytics/ytanalytics/.venv/lib/python3.12/site-packages/django/template/loader.py", line 15, in get_template
    return engine.get_template(template_name)
           ^^^^^^^^^^^^^^^^^^^^^^^^^^^^^^^^^^
  File "/Users/navidrahimi/ytanalytics/ytanalytics/.venv/lib/python3.12/site-packages/django/template/backends/django.py", line 79, in get_template
    return Template(self.engine.get_template(template_name), self)
                    ^^^^^^^^^^^^^^^^^^^^^^^^^^^^^^^^^^^^^^^
  File "/Users/navidrahimi/ytanalytics/ytanalytics/.venv/lib/python3.12/site-packages/django/template/engine.py", line 177, in get_template
    template, origin = self.find_template(template_name)
                       ^^^^^^^^^^^^^^^^^^^^^^^^^^^^^^^^^
  File "/Users/navidrahimi/ytanalytics/ytanalytics/.venv/lib/python3.12/site-packages/django/template/engine.py", line 159, in find_template
    template = loader.get_template(name, skip=skip)
               ^^^^^^^^^^^^^^^^^^^^^^^^^^^^^^^^^^^^
  File "/Users/navidrahimi/ytanalytics/ytanalytics/.venv/lib/python3.12/site-packages/django/template/loaders/cached.py", line 57, in get_template
    template = super().get_template(template_name, skip)
               ^^^^^^^^^^^^^^^^^^^^^^^^^^^^^^^^^^^^^^^^^
  File "/Users/navidrahimi/ytanalytics/ytanalytics/.venv/lib/python3.12/site-packages/django/template/loaders/base.py", line 28, in get_template
    return Template(
           ^^^^^^^^^
  File "/Users/navidrahimi/ytanalytics/ytanalytics/.venv/lib/python3.12/site-packages/django/template/base.py", line 154, in __init__
    self.nodelist = self.compile_nodelist()
                    ^^^^^^^^^^^^^^^^^^^^^^^
  File "/Users/navidrahimi/ytanalytics/ytanalytics/.venv/lib/python3.12/site-packages/django/template/base.py", line 196, in compile_nodelist
    nodelist = parser.parse()
               ^^^^^^^^^^^^^^
  File "/Users/navidrahimi/ytanalytics/ytanalytics/.venv/lib/python3.12/site-packages/django/template/base.py", line 518, in parse
    raise self.error(token, e)
  File "/Users/navidrahimi/ytanalytics/ytanalytics/.venv/lib/python3.12/site-packages/django/template/base.py", line 516, in parse
    compiled_result = compile_func(self, token)
                      ^^^^^^^^^^^^^^^^^^^^^^^^^
  File "/Users/navidrahimi/ytanalytics/ytanalytics/.venv/lib/python3.12/site-packages/django/template/loader_tags.py", line 295, in do_extends
    nodelist = parser.parse()
               ^^^^^^^^^^^^^^
  File "/Users/navidrahimi/ytanalytics/ytanalytics/.venv/lib/python3.12/site-packages/django/template/base.py", line 512, in parse
    self.invalid_block_tag(token, command, parse_until)
  File "/Users/navidrahimi/ytanalytics/ytanalytics/.venv/lib/python3.12/site-packages/django/template/base.py", line 573, in invalid_block_tag
    raise self.error(
django.template.exceptions.TemplateSyntaxError: Invalid block tag on line 219: 'endblock'. Did you forget to register or load this tag?
ERROR 2025-04-07 23:09:53,689 basehttp "GET /network/ HTTP/1.1" 500 183120
INFO 2025-04-07 23:09:58,568 basehttp "GET /home/ HTTP/1.1" 200 20938
INFO 2025-04-07 23:10:01,243 youtube_analytics Getting YouTube analytics for user: dasoccer, days: 30
INFO 2025-04-07 23:10:01,243 youtube_analytics User's stored channel ID: UCsDQAU5nsydVnxJZkAVGHdQ
INFO 2025-04-07 23:10:01,244 youtube_analytics Successfully got credentials for user dasoccer, fetching analytics...
INFO 2025-04-07 23:10:01,246 youtube_analytics Querying YouTube Analytics API from 2025-03-08 to 2025-04-07 for channel UCsDQAU5nsydVnxJZkAVGHdQ
INFO 2025-04-07 23:10:01,618 youtube_analytics Successfully retrieved analytics data: 29 rows
INFO 2025-04-07 23:10:02,246 basehttp "GET /dashboard/ HTTP/1.1" 200 13630
INFO 2025-04-07 23:14:35,694 basehttp "GET /home/ HTTP/1.1" 200 20938
INFO 2025-04-07 23:14:37,302 youtube_analytics Getting YouTube analytics for user: dasoccer, days: 30
INFO 2025-04-07 23:14:37,302 youtube_analytics User's stored channel ID: UCsDQAU5nsydVnxJZkAVGHdQ
INFO 2025-04-07 23:14:37,304 youtube_analytics Successfully got credentials for user dasoccer, fetching analytics...
INFO 2025-04-07 23:14:37,307 youtube_analytics Querying YouTube Analytics API from 2025-03-08 to 2025-04-07 for channel UCsDQAU5nsydVnxJZkAVGHdQ
INFO 2025-04-07 23:14:37,591 youtube_analytics Successfully retrieved analytics data: 29 rows
INFO 2025-04-07 23:14:38,251 basehttp "GET /dashboard/ HTTP/1.1" 200 24507
ERROR 2025-04-07 23:17:00,072 log Internal Server Error: /network/
Traceback (most recent call last):
  File "/Users/navidrahimi/ytanalytics/ytanalytics/.venv/lib/python3.12/site-packages/django/template/base.py", line 510, in parse
    compile_func = self.tags[command]
                   ~~~~~~~~~^^^^^^^^^
KeyError: 'endblock'

During handling of the above exception, another exception occurred:

Traceback (most recent call last):
  File "/Users/navidrahimi/ytanalytics/ytanalytics/.venv/lib/python3.12/site-packages/django/core/handlers/exception.py", line 55, in inner
    response = get_response(request)
               ^^^^^^^^^^^^^^^^^^^^^
  File "/Users/navidrahimi/ytanalytics/ytanalytics/.venv/lib/python3.12/site-packages/django/core/handlers/base.py", line 197, in _get_response
    response = wrapped_callback(request, *callback_args, **callback_kwargs)
               ^^^^^^^^^^^^^^^^^^^^^^^^^^^^^^^^^^^^^^^^^^^^^^^^^^^^^^^^^^^^
  File "/Users/navidrahimi/ytanalytics/ytanalytics/.venv/lib/python3.12/site-packages/django/contrib/auth/decorators.py", line 60, in _view_wrapper
    return view_func(request, *args, **kwargs)
           ^^^^^^^^^^^^^^^^^^^^^^^^^^^^^^^^^^^
  File "/Users/navidrahimi/ytanalytics/ytanalytics/.venv/lib/python3.12/site-packages/django/contrib/auth/decorators.py", line 60, in _view_wrapper
    return view_func(request, *args, **kwargs)
           ^^^^^^^^^^^^^^^^^^^^^^^^^^^^^^^^^^^
  File "/Users/navidrahimi/ytanalytics/dashboard/views.py", line 497, in network_view
    return render(request, 'auth/network.html', context)
           ^^^^^^^^^^^^^^^^^^^^^^^^^^^^^^^^^^^^^^^^^^^^^
  File "/Users/navidrahimi/ytanalytics/ytanalytics/.venv/lib/python3.12/site-packages/django/shortcuts.py", line 25, in render
    content = loader.render_to_string(template_name, context, request, using=using)
              ^^^^^^^^^^^^^^^^^^^^^^^^^^^^^^^^^^^^^^^^^^^^^^^^^^^^^^^^^^^^^^^^^^^^^
  File "/Users/navidrahimi/ytanalytics/ytanalytics/.venv/lib/python3.12/site-packages/django/template/loader.py", line 61, in render_to_string
    template = get_template(template_name, using=using)
               ^^^^^^^^^^^^^^^^^^^^^^^^^^^^^^^^^^^^^^^^
  File "/Users/navidrahimi/ytanalytics/ytanalytics/.venv/lib/python3.12/site-packages/django/template/loader.py", line 15, in get_template
    return engine.get_template(template_name)
           ^^^^^^^^^^^^^^^^^^^^^^^^^^^^^^^^^^
  File "/Users/navidrahimi/ytanalytics/ytanalytics/.venv/lib/python3.12/site-packages/django/template/backends/django.py", line 79, in get_template
    return Template(self.engine.get_template(template_name), self)
                    ^^^^^^^^^^^^^^^^^^^^^^^^^^^^^^^^^^^^^^^
  File "/Users/navidrahimi/ytanalytics/ytanalytics/.venv/lib/python3.12/site-packages/django/template/engine.py", line 177, in get_template
    template, origin = self.find_template(template_name)
                       ^^^^^^^^^^^^^^^^^^^^^^^^^^^^^^^^^
  File "/Users/navidrahimi/ytanalytics/ytanalytics/.venv/lib/python3.12/site-packages/django/template/engine.py", line 159, in find_template
    template = loader.get_template(name, skip=skip)
               ^^^^^^^^^^^^^^^^^^^^^^^^^^^^^^^^^^^^
  File "/Users/navidrahimi/ytanalytics/ytanalytics/.venv/lib/python3.12/site-packages/django/template/loaders/cached.py", line 57, in get_template
    template = super().get_template(template_name, skip)
               ^^^^^^^^^^^^^^^^^^^^^^^^^^^^^^^^^^^^^^^^^
  File "/Users/navidrahimi/ytanalytics/ytanalytics/.venv/lib/python3.12/site-packages/django/template/loaders/base.py", line 28, in get_template
    return Template(
           ^^^^^^^^^
  File "/Users/navidrahimi/ytanalytics/ytanalytics/.venv/lib/python3.12/site-packages/django/template/base.py", line 154, in __init__
    self.nodelist = self.compile_nodelist()
                    ^^^^^^^^^^^^^^^^^^^^^^^
  File "/Users/navidrahimi/ytanalytics/ytanalytics/.venv/lib/python3.12/site-packages/django/template/base.py", line 196, in compile_nodelist
    nodelist = parser.parse()
               ^^^^^^^^^^^^^^
  File "/Users/navidrahimi/ytanalytics/ytanalytics/.venv/lib/python3.12/site-packages/django/template/base.py", line 518, in parse
    raise self.error(token, e)
  File "/Users/navidrahimi/ytanalytics/ytanalytics/.venv/lib/python3.12/site-packages/django/template/base.py", line 516, in parse
    compiled_result = compile_func(self, token)
                      ^^^^^^^^^^^^^^^^^^^^^^^^^
  File "/Users/navidrahimi/ytanalytics/ytanalytics/.venv/lib/python3.12/site-packages/django/template/loader_tags.py", line 295, in do_extends
    nodelist = parser.parse()
               ^^^^^^^^^^^^^^
  File "/Users/navidrahimi/ytanalytics/ytanalytics/.venv/lib/python3.12/site-packages/django/template/base.py", line 512, in parse
    self.invalid_block_tag(token, command, parse_until)
  File "/Users/navidrahimi/ytanalytics/ytanalytics/.venv/lib/python3.12/site-packages/django/template/base.py", line 573, in invalid_block_tag
    raise self.error(
django.template.exceptions.TemplateSyntaxError: Invalid block tag on line 219: 'endblock'. Did you forget to register or load this tag?
ERROR 2025-04-07 23:17:00,089 basehttp "GET /network/ HTTP/1.1" 500 183281
ERROR 2025-04-07 23:17:04,499 log Internal Server Error: /dashboard/statistics/
Traceback (most recent call last):
  File "/Users/navidrahimi/ytanalytics/ytanalytics/.venv/lib/python3.12/site-packages/django/template/base.py", line 510, in parse
    compile_func = self.tags[command]
                   ~~~~~~~~~^^^^^^^^^
KeyError: 'endif'

During handling of the above exception, another exception occurred:

Traceback (most recent call last):
  File "/Users/navidrahimi/ytanalytics/ytanalytics/.venv/lib/python3.12/site-packages/django/core/handlers/exception.py", line 55, in inner
    response = get_response(request)
               ^^^^^^^^^^^^^^^^^^^^^
  File "/Users/navidrahimi/ytanalytics/ytanalytics/.venv/lib/python3.12/site-packages/django/core/handlers/base.py", line 197, in _get_response
    response = wrapped_callback(request, *callback_args, **callback_kwargs)
               ^^^^^^^^^^^^^^^^^^^^^^^^^^^^^^^^^^^^^^^^^^^^^^^^^^^^^^^^^^^^
  File "/Users/navidrahimi/ytanalytics/ytanalytics/.venv/lib/python3.12/site-packages/django/contrib/auth/decorators.py", line 60, in _view_wrapper
    return view_func(request, *args, **kwargs)
           ^^^^^^^^^^^^^^^^^^^^^^^^^^^^^^^^^^^
  File "/Users/navidrahimi/ytanalytics/ytanalytics/.venv/lib/python3.12/site-packages/django/contrib/auth/decorators.py", line 60, in _view_wrapper
    return view_func(request, *args, **kwargs)
           ^^^^^^^^^^^^^^^^^^^^^^^^^^^^^^^^^^^
  File "/Users/navidrahimi/ytanalytics/dashboard/views.py", line 269, in statistics_view
    return render(request, 'auth/statistics.html', context)
           ^^^^^^^^^^^^^^^^^^^^^^^^^^^^^^^^^^^^^^^^^^^^^^^^
  File "/Users/navidrahimi/ytanalytics/ytanalytics/.venv/lib/python3.12/site-packages/django/shortcuts.py", line 25, in render
    content = loader.render_to_string(template_name, context, request, using=using)
              ^^^^^^^^^^^^^^^^^^^^^^^^^^^^^^^^^^^^^^^^^^^^^^^^^^^^^^^^^^^^^^^^^^^^^
  File "/Users/navidrahimi/ytanalytics/ytanalytics/.venv/lib/python3.12/site-packages/django/template/loader.py", line 61, in render_to_string
    template = get_template(template_name, using=using)
               ^^^^^^^^^^^^^^^^^^^^^^^^^^^^^^^^^^^^^^^^
  File "/Users/navidrahimi/ytanalytics/ytanalytics/.venv/lib/python3.12/site-packages/django/template/loader.py", line 15, in get_template
    return engine.get_template(template_name)
           ^^^^^^^^^^^^^^^^^^^^^^^^^^^^^^^^^^
  File "/Users/navidrahimi/ytanalytics/ytanalytics/.venv/lib/python3.12/site-packages/django/template/backends/django.py", line 79, in get_template
    return Template(self.engine.get_template(template_name), self)
                    ^^^^^^^^^^^^^^^^^^^^^^^^^^^^^^^^^^^^^^^
  File "/Users/navidrahimi/ytanalytics/ytanalytics/.venv/lib/python3.12/site-packages/django/template/engine.py", line 177, in get_template
    template, origin = self.find_template(template_name)
                       ^^^^^^^^^^^^^^^^^^^^^^^^^^^^^^^^^
  File "/Users/navidrahimi/ytanalytics/ytanalytics/.venv/lib/python3.12/site-packages/django/template/engine.py", line 159, in find_template
    template = loader.get_template(name, skip=skip)
               ^^^^^^^^^^^^^^^^^^^^^^^^^^^^^^^^^^^^
  File "/Users/navidrahimi/ytanalytics/ytanalytics/.venv/lib/python3.12/site-packages/django/template/loaders/cached.py", line 57, in get_template
    template = super().get_template(template_name, skip)
               ^^^^^^^^^^^^^^^^^^^^^^^^^^^^^^^^^^^^^^^^^
  File "/Users/navidrahimi/ytanalytics/ytanalytics/.venv/lib/python3.12/site-packages/django/template/loaders/base.py", line 28, in get_template
    return Template(
           ^^^^^^^^^
  File "/Users/navidrahimi/ytanalytics/ytanalytics/.venv/lib/python3.12/site-packages/django/template/base.py", line 154, in __init__
    self.nodelist = self.compile_nodelist()
                    ^^^^^^^^^^^^^^^^^^^^^^^
  File "/Users/navidrahimi/ytanalytics/ytanalytics/.venv/lib/python3.12/site-packages/django/template/base.py", line 196, in compile_nodelist
    nodelist = parser.parse()
               ^^^^^^^^^^^^^^
  File "/Users/navidrahimi/ytanalytics/ytanalytics/.venv/lib/python3.12/site-packages/django/template/base.py", line 518, in parse
    raise self.error(token, e)
  File "/Users/navidrahimi/ytanalytics/ytanalytics/.venv/lib/python3.12/site-packages/django/template/base.py", line 516, in parse
    compiled_result = compile_func(self, token)
                      ^^^^^^^^^^^^^^^^^^^^^^^^^
  File "/Users/navidrahimi/ytanalytics/ytanalytics/.venv/lib/python3.12/site-packages/django/template/loader_tags.py", line 295, in do_extends
    nodelist = parser.parse()
               ^^^^^^^^^^^^^^
  File "/Users/navidrahimi/ytanalytics/ytanalytics/.venv/lib/python3.12/site-packages/django/template/base.py", line 512, in parse
    self.invalid_block_tag(token, command, parse_until)
  File "/Users/navidrahimi/ytanalytics/ytanalytics/.venv/lib/python3.12/site-packages/django/template/base.py", line 573, in invalid_block_tag
    raise self.error(
django.template.exceptions.TemplateSyntaxError: Invalid block tag on line 537: 'endif'. Did you forget to register or load this tag?
ERROR 2025-04-07 23:17:04,572 basehttp "GET /dashboard/statistics/ HTTP/1.1" 500 180079
INFO 2025-04-07 23:17:57,889 basehttp "GET /home/ HTTP/1.1" 200 20938
INFO 2025-04-07 23:18:00,928 youtube_analytics Getting YouTube analytics for user: dasoccer, days: 30
INFO 2025-04-07 23:18:00,932 youtube_analytics User's stored channel ID: UCsDQAU5nsydVnxJZkAVGHdQ
INFO 2025-04-07 23:18:00,940 youtube_analytics Successfully got credentials for user dasoccer, fetching analytics...
INFO 2025-04-07 23:18:00,949 youtube_analytics Querying YouTube Analytics API from 2025-03-08 to 2025-04-07 for channel UCsDQAU5nsydVnxJZkAVGHdQ
INFO 2025-04-07 23:18:01,274 youtube_analytics Successfully retrieved analytics data: 29 rows
INFO 2025-04-07 23:18:01,637 basehttp "GET /profile/dasoccer/ HTTP/1.1" 200 29893
INFO 2025-04-07 23:18:05,938 views Edit profile accessed by user: dasoccer
INFO 2025-04-07 23:18:05,947 views Loading profile form via AJAX for user: dasoccer
DEBUG 2025-04-07 23:18:05,950 views Submit button in HTML: False
INFO 2025-04-07 23:18:05,951 basehttp "GET /edit-profile/?ajax=1 HTTP/1.1" 200 9068
INFO 2025-04-07 23:19:43,674 basehttp "GET /home/ HTTP/1.1" 200 20980
ERROR 2025-04-07 23:19:45,417 log Internal Server Error: /dashboard/statistics/
Traceback (most recent call last):
  File "/Users/navidrahimi/ytanalytics/ytanalytics/.venv/lib/python3.12/site-packages/django/template/base.py", line 510, in parse
    compile_func = self.tags[command]
                   ~~~~~~~~~^^^^^^^^^
KeyError: 'endif'

During handling of the above exception, another exception occurred:

Traceback (most recent call last):
  File "/Users/navidrahimi/ytanalytics/ytanalytics/.venv/lib/python3.12/site-packages/django/core/handlers/exception.py", line 55, in inner
    response = get_response(request)
               ^^^^^^^^^^^^^^^^^^^^^
  File "/Users/navidrahimi/ytanalytics/ytanalytics/.venv/lib/python3.12/site-packages/django/core/handlers/base.py", line 197, in _get_response
    response = wrapped_callback(request, *callback_args, **callback_kwargs)
               ^^^^^^^^^^^^^^^^^^^^^^^^^^^^^^^^^^^^^^^^^^^^^^^^^^^^^^^^^^^^
  File "/Users/navidrahimi/ytanalytics/ytanalytics/.venv/lib/python3.12/site-packages/django/contrib/auth/decorators.py", line 60, in _view_wrapper
    return view_func(request, *args, **kwargs)
           ^^^^^^^^^^^^^^^^^^^^^^^^^^^^^^^^^^^
  File "/Users/navidrahimi/ytanalytics/ytanalytics/.venv/lib/python3.12/site-packages/django/contrib/auth/decorators.py", line 60, in _view_wrapper
    return view_func(request, *args, **kwargs)
           ^^^^^^^^^^^^^^^^^^^^^^^^^^^^^^^^^^^
  File "/Users/navidrahimi/ytanalytics/dashboard/views.py", line 269, in statistics_view
    return render(request, 'auth/statistics.html', context)
           ^^^^^^^^^^^^^^^^^^^^^^^^^^^^^^^^^^^^^^^^^^^^^^^^
  File "/Users/navidrahimi/ytanalytics/ytanalytics/.venv/lib/python3.12/site-packages/django/shortcuts.py", line 25, in render
    content = loader.render_to_string(template_name, context, request, using=using)
              ^^^^^^^^^^^^^^^^^^^^^^^^^^^^^^^^^^^^^^^^^^^^^^^^^^^^^^^^^^^^^^^^^^^^^
  File "/Users/navidrahimi/ytanalytics/ytanalytics/.venv/lib/python3.12/site-packages/django/template/loader.py", line 61, in render_to_string
    template = get_template(template_name, using=using)
               ^^^^^^^^^^^^^^^^^^^^^^^^^^^^^^^^^^^^^^^^
  File "/Users/navidrahimi/ytanalytics/ytanalytics/.venv/lib/python3.12/site-packages/django/template/loader.py", line 15, in get_template
    return engine.get_template(template_name)
           ^^^^^^^^^^^^^^^^^^^^^^^^^^^^^^^^^^
  File "/Users/navidrahimi/ytanalytics/ytanalytics/.venv/lib/python3.12/site-packages/django/template/backends/django.py", line 79, in get_template
    return Template(self.engine.get_template(template_name), self)
                    ^^^^^^^^^^^^^^^^^^^^^^^^^^^^^^^^^^^^^^^
  File "/Users/navidrahimi/ytanalytics/ytanalytics/.venv/lib/python3.12/site-packages/django/template/engine.py", line 177, in get_template
    template, origin = self.find_template(template_name)
                       ^^^^^^^^^^^^^^^^^^^^^^^^^^^^^^^^^
  File "/Users/navidrahimi/ytanalytics/ytanalytics/.venv/lib/python3.12/site-packages/django/template/engine.py", line 159, in find_template
    template = loader.get_template(name, skip=skip)
               ^^^^^^^^^^^^^^^^^^^^^^^^^^^^^^^^^^^^
  File "/Users/navidrahimi/ytanalytics/ytanalytics/.venv/lib/python3.12/site-packages/django/template/loaders/cached.py", line 57, in get_template
    template = super().get_template(template_name, skip)
               ^^^^^^^^^^^^^^^^^^^^^^^^^^^^^^^^^^^^^^^^^
  File "/Users/navidrahimi/ytanalytics/ytanalytics/.venv/lib/python3.12/site-packages/django/template/loaders/base.py", line 28, in get_template
    return Template(
           ^^^^^^^^^
  File "/Users/navidrahimi/ytanalytics/ytanalytics/.venv/lib/python3.12/site-packages/django/template/base.py", line 154, in __init__
    self.nodelist = self.compile_nodelist()
                    ^^^^^^^^^^^^^^^^^^^^^^^
  File "/Users/navidrahimi/ytanalytics/ytanalytics/.venv/lib/python3.12/site-packages/django/template/base.py", line 196, in compile_nodelist
    nodelist = parser.parse()
               ^^^^^^^^^^^^^^
  File "/Users/navidrahimi/ytanalytics/ytanalytics/.venv/lib/python3.12/site-packages/django/template/base.py", line 518, in parse
    raise self.error(token, e)
  File "/Users/navidrahimi/ytanalytics/ytanalytics/.venv/lib/python3.12/site-packages/django/template/base.py", line 516, in parse
    compiled_result = compile_func(self, token)
                      ^^^^^^^^^^^^^^^^^^^^^^^^^
  File "/Users/navidrahimi/ytanalytics/ytanalytics/.venv/lib/python3.12/site-packages/django/template/loader_tags.py", line 295, in do_extends
    nodelist = parser.parse()
               ^^^^^^^^^^^^^^
  File "/Users/navidrahimi/ytanalytics/ytanalytics/.venv/lib/python3.12/site-packages/django/template/base.py", line 512, in parse
    self.invalid_block_tag(token, command, parse_until)
  File "/Users/navidrahimi/ytanalytics/ytanalytics/.venv/lib/python3.12/site-packages/django/template/base.py", line 573, in invalid_block_tag
    raise self.error(
django.template.exceptions.TemplateSyntaxError: Invalid block tag on line 537: 'endif'. Did you forget to register or load this tag?
ERROR 2025-04-07 23:19:45,429 basehttp "GET /dashboard/statistics/ HTTP/1.1" 500 180213
INFO 2025-04-07 23:21:50,638 autoreload /Users/navidrahimi/ytanalytics/dashboard/youtube_api.py changed, reloading.
INFO 2025-04-07 23:21:51,611 autoreload Watching for file changes with StatReloader
INFO 2025-04-07 23:21:53,331 autoreload /Users/navidrahimi/ytanalytics/dashboard/youtube_api.py changed, reloading.
INFO 2025-04-07 23:21:54,149 autoreload Watching for file changes with StatReloader
INFO 2025-04-07 23:28:10,372 autoreload /Users/navidrahimi/ytanalytics/ytanalytics/settings.py changed, reloading.
INFO 2025-04-07 23:28:11,020 autoreload Watching for file changes with StatReloader
INFO 2025-04-07 23:28:53,815 autoreload Watching for file changes with StatReloader
INFO 2025-04-07 23:29:05,655 basehttp "GET /home/ HTTP/1.1" 200 20980
INFO 2025-04-07 23:29:07,270 youtube_analytics Getting YouTube analytics for user: navid23rahimib91f43aa088446a2, days: 30
INFO 2025-04-07 23:29:07,270 youtube_analytics User's stored channel ID: UCN20YF9lZ6THYPZV8QkxgcQ
INFO 2025-04-07 23:29:07,276 youtube_analytics Successfully got credentials for user navid23rahimib91f43aa088446a2, fetching analytics...
INFO 2025-04-07 23:29:07,294 youtube_analytics Querying YouTube Analytics API from 2025-03-08 to 2025-04-07 for channel UCN20YF9lZ6THYPZV8QkxgcQ
INFO 2025-04-07 23:29:07,894 youtube_analytics Successfully retrieved analytics data: 29 rows
INFO 2025-04-07 23:29:08,292 basehttp "GET /dashboard/ HTTP/1.1" 200 24549
ERROR 2025-04-07 23:29:18,059 log Internal Server Error: /dashboard/statistics/
Traceback (most recent call last):
  File "/Users/navidrahimi/ytanalytics/ytanalytics/.venv/lib/python3.12/site-packages/django/template/base.py", line 510, in parse
    compile_func = self.tags[command]
                   ~~~~~~~~~^^^^^^^^^
KeyError: 'endif'

During handling of the above exception, another exception occurred:

Traceback (most recent call last):
  File "/Users/navidrahimi/ytanalytics/ytanalytics/.venv/lib/python3.12/site-packages/django/core/handlers/exception.py", line 55, in inner
    response = get_response(request)
               ^^^^^^^^^^^^^^^^^^^^^
  File "/Users/navidrahimi/ytanalytics/ytanalytics/.venv/lib/python3.12/site-packages/django/core/handlers/base.py", line 197, in _get_response
    response = wrapped_callback(request, *callback_args, **callback_kwargs)
               ^^^^^^^^^^^^^^^^^^^^^^^^^^^^^^^^^^^^^^^^^^^^^^^^^^^^^^^^^^^^
  File "/Users/navidrahimi/ytanalytics/ytanalytics/.venv/lib/python3.12/site-packages/django/contrib/auth/decorators.py", line 60, in _view_wrapper
    return view_func(request, *args, **kwargs)
           ^^^^^^^^^^^^^^^^^^^^^^^^^^^^^^^^^^^
  File "/Users/navidrahimi/ytanalytics/ytanalytics/.venv/lib/python3.12/site-packages/django/contrib/auth/decorators.py", line 60, in _view_wrapper
    return view_func(request, *args, **kwargs)
           ^^^^^^^^^^^^^^^^^^^^^^^^^^^^^^^^^^^
  File "/Users/navidrahimi/ytanalytics/dashboard/views.py", line 269, in statistics_view
    return render(request, 'auth/statistics.html', context)
           ^^^^^^^^^^^^^^^^^^^^^^^^^^^^^^^^^^^^^^^^^^^^^^^^
  File "/Users/navidrahimi/ytanalytics/ytanalytics/.venv/lib/python3.12/site-packages/django/shortcuts.py", line 25, in render
    content = loader.render_to_string(template_name, context, request, using=using)
              ^^^^^^^^^^^^^^^^^^^^^^^^^^^^^^^^^^^^^^^^^^^^^^^^^^^^^^^^^^^^^^^^^^^^^
  File "/Users/navidrahimi/ytanalytics/ytanalytics/.venv/lib/python3.12/site-packages/django/template/loader.py", line 61, in render_to_string
    template = get_template(template_name, using=using)
               ^^^^^^^^^^^^^^^^^^^^^^^^^^^^^^^^^^^^^^^^
  File "/Users/navidrahimi/ytanalytics/ytanalytics/.venv/lib/python3.12/site-packages/django/template/loader.py", line 15, in get_template
    return engine.get_template(template_name)
           ^^^^^^^^^^^^^^^^^^^^^^^^^^^^^^^^^^
  File "/Users/navidrahimi/ytanalytics/ytanalytics/.venv/lib/python3.12/site-packages/django/template/backends/django.py", line 79, in get_template
    return Template(self.engine.get_template(template_name), self)
                    ^^^^^^^^^^^^^^^^^^^^^^^^^^^^^^^^^^^^^^^
  File "/Users/navidrahimi/ytanalytics/ytanalytics/.venv/lib/python3.12/site-packages/django/template/engine.py", line 177, in get_template
    template, origin = self.find_template(template_name)
                       ^^^^^^^^^^^^^^^^^^^^^^^^^^^^^^^^^
  File "/Users/navidrahimi/ytanalytics/ytanalytics/.venv/lib/python3.12/site-packages/django/template/engine.py", line 159, in find_template
    template = loader.get_template(name, skip=skip)
               ^^^^^^^^^^^^^^^^^^^^^^^^^^^^^^^^^^^^
  File "/Users/navidrahimi/ytanalytics/ytanalytics/.venv/lib/python3.12/site-packages/django/template/loaders/cached.py", line 57, in get_template
    template = super().get_template(template_name, skip)
               ^^^^^^^^^^^^^^^^^^^^^^^^^^^^^^^^^^^^^^^^^
  File "/Users/navidrahimi/ytanalytics/ytanalytics/.venv/lib/python3.12/site-packages/django/template/loaders/base.py", line 28, in get_template
    return Template(
           ^^^^^^^^^
  File "/Users/navidrahimi/ytanalytics/ytanalytics/.venv/lib/python3.12/site-packages/django/template/base.py", line 154, in __init__
    self.nodelist = self.compile_nodelist()
                    ^^^^^^^^^^^^^^^^^^^^^^^
  File "/Users/navidrahimi/ytanalytics/ytanalytics/.venv/lib/python3.12/site-packages/django/template/base.py", line 196, in compile_nodelist
    nodelist = parser.parse()
               ^^^^^^^^^^^^^^
  File "/Users/navidrahimi/ytanalytics/ytanalytics/.venv/lib/python3.12/site-packages/django/template/base.py", line 518, in parse
    raise self.error(token, e)
  File "/Users/navidrahimi/ytanalytics/ytanalytics/.venv/lib/python3.12/site-packages/django/template/base.py", line 516, in parse
    compiled_result = compile_func(self, token)
                      ^^^^^^^^^^^^^^^^^^^^^^^^^
  File "/Users/navidrahimi/ytanalytics/ytanalytics/.venv/lib/python3.12/site-packages/django/template/loader_tags.py", line 295, in do_extends
    nodelist = parser.parse()
               ^^^^^^^^^^^^^^
  File "/Users/navidrahimi/ytanalytics/ytanalytics/.venv/lib/python3.12/site-packages/django/template/base.py", line 512, in parse
    self.invalid_block_tag(token, command, parse_until)
  File "/Users/navidrahimi/ytanalytics/ytanalytics/.venv/lib/python3.12/site-packages/django/template/base.py", line 573, in invalid_block_tag
    raise self.error(
django.template.exceptions.TemplateSyntaxError: Invalid block tag on line 537: 'endif'. Did you forget to register or load this tag?
ERROR 2025-04-07 23:29:18,111 basehttp "GET /dashboard/statistics/ HTTP/1.1" 500 180074
INFO 2025-04-07 23:29:21,428 youtube_analytics Getting YouTube analytics for user: dasoccer, days: 30
INFO 2025-04-07 23:29:21,432 youtube_analytics User's stored channel ID: UCsDQAU5nsydVnxJZkAVGHdQ
INFO 2025-04-07 23:29:21,440 youtube_analytics Successfully got credentials for user dasoccer, fetching analytics...
INFO 2025-04-07 23:29:21,577 youtube_analytics Querying YouTube Analytics API from 2025-03-08 to 2025-04-07 for channel UCsDQAU5nsydVnxJZkAVGHdQ
INFO 2025-04-07 23:29:22,036 youtube_analytics Successfully retrieved analytics data: 29 rows
INFO 2025-04-07 23:29:22,674 basehttp "GET /dashboard/ HTTP/1.1" 200 24507
ERROR 2025-04-07 23:30:03,598 log Internal Server Error: /dashboard/statistics/
Traceback (most recent call last):
  File "/Users/navidrahimi/ytanalytics/ytanalytics/.venv/lib/python3.12/site-packages/django/template/base.py", line 510, in parse
    compile_func = self.tags[command]
                   ~~~~~~~~~^^^^^^^^^
KeyError: 'endif'

During handling of the above exception, another exception occurred:

Traceback (most recent call last):
  File "/Users/navidrahimi/ytanalytics/ytanalytics/.venv/lib/python3.12/site-packages/django/core/handlers/exception.py", line 55, in inner
    response = get_response(request)
               ^^^^^^^^^^^^^^^^^^^^^
  File "/Users/navidrahimi/ytanalytics/ytanalytics/.venv/lib/python3.12/site-packages/django/core/handlers/base.py", line 197, in _get_response
    response = wrapped_callback(request, *callback_args, **callback_kwargs)
               ^^^^^^^^^^^^^^^^^^^^^^^^^^^^^^^^^^^^^^^^^^^^^^^^^^^^^^^^^^^^
  File "/Users/navidrahimi/ytanalytics/ytanalytics/.venv/lib/python3.12/site-packages/django/contrib/auth/decorators.py", line 60, in _view_wrapper
    return view_func(request, *args, **kwargs)
           ^^^^^^^^^^^^^^^^^^^^^^^^^^^^^^^^^^^
  File "/Users/navidrahimi/ytanalytics/ytanalytics/.venv/lib/python3.12/site-packages/django/contrib/auth/decorators.py", line 60, in _view_wrapper
    return view_func(request, *args, **kwargs)
           ^^^^^^^^^^^^^^^^^^^^^^^^^^^^^^^^^^^
  File "/Users/navidrahimi/ytanalytics/dashboard/views.py", line 269, in statistics_view
    return render(request, 'auth/statistics.html', context)
           ^^^^^^^^^^^^^^^^^^^^^^^^^^^^^^^^^^^^^^^^^^^^^^^^
  File "/Users/navidrahimi/ytanalytics/ytanalytics/.venv/lib/python3.12/site-packages/django/shortcuts.py", line 25, in render
    content = loader.render_to_string(template_name, context, request, using=using)
              ^^^^^^^^^^^^^^^^^^^^^^^^^^^^^^^^^^^^^^^^^^^^^^^^^^^^^^^^^^^^^^^^^^^^^
  File "/Users/navidrahimi/ytanalytics/ytanalytics/.venv/lib/python3.12/site-packages/django/template/loader.py", line 61, in render_to_string
    template = get_template(template_name, using=using)
               ^^^^^^^^^^^^^^^^^^^^^^^^^^^^^^^^^^^^^^^^
  File "/Users/navidrahimi/ytanalytics/ytanalytics/.venv/lib/python3.12/site-packages/django/template/loader.py", line 15, in get_template
    return engine.get_template(template_name)
           ^^^^^^^^^^^^^^^^^^^^^^^^^^^^^^^^^^
  File "/Users/navidrahimi/ytanalytics/ytanalytics/.venv/lib/python3.12/site-packages/django/template/backends/django.py", line 79, in get_template
    return Template(self.engine.get_template(template_name), self)
                    ^^^^^^^^^^^^^^^^^^^^^^^^^^^^^^^^^^^^^^^
  File "/Users/navidrahimi/ytanalytics/ytanalytics/.venv/lib/python3.12/site-packages/django/template/engine.py", line 177, in get_template
    template, origin = self.find_template(template_name)
                       ^^^^^^^^^^^^^^^^^^^^^^^^^^^^^^^^^
  File "/Users/navidrahimi/ytanalytics/ytanalytics/.venv/lib/python3.12/site-packages/django/template/engine.py", line 159, in find_template
    template = loader.get_template(name, skip=skip)
               ^^^^^^^^^^^^^^^^^^^^^^^^^^^^^^^^^^^^
  File "/Users/navidrahimi/ytanalytics/ytanalytics/.venv/lib/python3.12/site-packages/django/template/loaders/cached.py", line 57, in get_template
    template = super().get_template(template_name, skip)
               ^^^^^^^^^^^^^^^^^^^^^^^^^^^^^^^^^^^^^^^^^
  File "/Users/navidrahimi/ytanalytics/ytanalytics/.venv/lib/python3.12/site-packages/django/template/loaders/base.py", line 28, in get_template
    return Template(
           ^^^^^^^^^
  File "/Users/navidrahimi/ytanalytics/ytanalytics/.venv/lib/python3.12/site-packages/django/template/base.py", line 154, in __init__
    self.nodelist = self.compile_nodelist()
                    ^^^^^^^^^^^^^^^^^^^^^^^
  File "/Users/navidrahimi/ytanalytics/ytanalytics/.venv/lib/python3.12/site-packages/django/template/base.py", line 196, in compile_nodelist
    nodelist = parser.parse()
               ^^^^^^^^^^^^^^
  File "/Users/navidrahimi/ytanalytics/ytanalytics/.venv/lib/python3.12/site-packages/django/template/base.py", line 518, in parse
    raise self.error(token, e)
  File "/Users/navidrahimi/ytanalytics/ytanalytics/.venv/lib/python3.12/site-packages/django/template/base.py", line 516, in parse
    compiled_result = compile_func(self, token)
                      ^^^^^^^^^^^^^^^^^^^^^^^^^
  File "/Users/navidrahimi/ytanalytics/ytanalytics/.venv/lib/python3.12/site-packages/django/template/loader_tags.py", line 295, in do_extends
    nodelist = parser.parse()
               ^^^^^^^^^^^^^^
  File "/Users/navidrahimi/ytanalytics/ytanalytics/.venv/lib/python3.12/site-packages/django/template/base.py", line 512, in parse
    self.invalid_block_tag(token, command, parse_until)
  File "/Users/navidrahimi/ytanalytics/ytanalytics/.venv/lib/python3.12/site-packages/django/template/base.py", line 573, in invalid_block_tag
    raise self.error(
django.template.exceptions.TemplateSyntaxError: Invalid block tag on line 537: 'endif'. Did you forget to register or load this tag?
ERROR 2025-04-07 23:30:03,608 basehttp "GET /dashboard/statistics/ HTTP/1.1" 500 180079
INFO 2025-04-07 23:30:38,189 basehttp "GET /youtube/search/ HTTP/1.1" 200 27159
ERROR 2025-04-07 23:30:43,312 log Internal Server Error: /network/
Traceback (most recent call last):
  File "/Users/navidrahimi/ytanalytics/ytanalytics/.venv/lib/python3.12/site-packages/django/template/base.py", line 510, in parse
    compile_func = self.tags[command]
                   ~~~~~~~~~^^^^^^^^^
KeyError: 'endblock'

During handling of the above exception, another exception occurred:

Traceback (most recent call last):
  File "/Users/navidrahimi/ytanalytics/ytanalytics/.venv/lib/python3.12/site-packages/django/core/handlers/exception.py", line 55, in inner
    response = get_response(request)
               ^^^^^^^^^^^^^^^^^^^^^
  File "/Users/navidrahimi/ytanalytics/ytanalytics/.venv/lib/python3.12/site-packages/django/core/handlers/base.py", line 197, in _get_response
    response = wrapped_callback(request, *callback_args, **callback_kwargs)
               ^^^^^^^^^^^^^^^^^^^^^^^^^^^^^^^^^^^^^^^^^^^^^^^^^^^^^^^^^^^^
  File "/Users/navidrahimi/ytanalytics/ytanalytics/.venv/lib/python3.12/site-packages/django/contrib/auth/decorators.py", line 60, in _view_wrapper
    return view_func(request, *args, **kwargs)
           ^^^^^^^^^^^^^^^^^^^^^^^^^^^^^^^^^^^
  File "/Users/navidrahimi/ytanalytics/ytanalytics/.venv/lib/python3.12/site-packages/django/contrib/auth/decorators.py", line 60, in _view_wrapper
    return view_func(request, *args, **kwargs)
           ^^^^^^^^^^^^^^^^^^^^^^^^^^^^^^^^^^^
  File "/Users/navidrahimi/ytanalytics/dashboard/views.py", line 497, in network_view
    return render(request, 'auth/network.html', context)
           ^^^^^^^^^^^^^^^^^^^^^^^^^^^^^^^^^^^^^^^^^^^^^
  File "/Users/navidrahimi/ytanalytics/ytanalytics/.venv/lib/python3.12/site-packages/django/shortcuts.py", line 25, in render
    content = loader.render_to_string(template_name, context, request, using=using)
              ^^^^^^^^^^^^^^^^^^^^^^^^^^^^^^^^^^^^^^^^^^^^^^^^^^^^^^^^^^^^^^^^^^^^^
  File "/Users/navidrahimi/ytanalytics/ytanalytics/.venv/lib/python3.12/site-packages/django/template/loader.py", line 61, in render_to_string
    template = get_template(template_name, using=using)
               ^^^^^^^^^^^^^^^^^^^^^^^^^^^^^^^^^^^^^^^^
  File "/Users/navidrahimi/ytanalytics/ytanalytics/.venv/lib/python3.12/site-packages/django/template/loader.py", line 15, in get_template
    return engine.get_template(template_name)
           ^^^^^^^^^^^^^^^^^^^^^^^^^^^^^^^^^^
  File "/Users/navidrahimi/ytanalytics/ytanalytics/.venv/lib/python3.12/site-packages/django/template/backends/django.py", line 79, in get_template
    return Template(self.engine.get_template(template_name), self)
                    ^^^^^^^^^^^^^^^^^^^^^^^^^^^^^^^^^^^^^^^
  File "/Users/navidrahimi/ytanalytics/ytanalytics/.venv/lib/python3.12/site-packages/django/template/engine.py", line 177, in get_template
    template, origin = self.find_template(template_name)
                       ^^^^^^^^^^^^^^^^^^^^^^^^^^^^^^^^^
  File "/Users/navidrahimi/ytanalytics/ytanalytics/.venv/lib/python3.12/site-packages/django/template/engine.py", line 159, in find_template
    template = loader.get_template(name, skip=skip)
               ^^^^^^^^^^^^^^^^^^^^^^^^^^^^^^^^^^^^
  File "/Users/navidrahimi/ytanalytics/ytanalytics/.venv/lib/python3.12/site-packages/django/template/loaders/cached.py", line 57, in get_template
    template = super().get_template(template_name, skip)
               ^^^^^^^^^^^^^^^^^^^^^^^^^^^^^^^^^^^^^^^^^
  File "/Users/navidrahimi/ytanalytics/ytanalytics/.venv/lib/python3.12/site-packages/django/template/loaders/base.py", line 28, in get_template
    return Template(
           ^^^^^^^^^
  File "/Users/navidrahimi/ytanalytics/ytanalytics/.venv/lib/python3.12/site-packages/django/template/base.py", line 154, in __init__
    self.nodelist = self.compile_nodelist()
                    ^^^^^^^^^^^^^^^^^^^^^^^
  File "/Users/navidrahimi/ytanalytics/ytanalytics/.venv/lib/python3.12/site-packages/django/template/base.py", line 196, in compile_nodelist
    nodelist = parser.parse()
               ^^^^^^^^^^^^^^
  File "/Users/navidrahimi/ytanalytics/ytanalytics/.venv/lib/python3.12/site-packages/django/template/base.py", line 518, in parse
    raise self.error(token, e)
  File "/Users/navidrahimi/ytanalytics/ytanalytics/.venv/lib/python3.12/site-packages/django/template/base.py", line 516, in parse
    compiled_result = compile_func(self, token)
                      ^^^^^^^^^^^^^^^^^^^^^^^^^
  File "/Users/navidrahimi/ytanalytics/ytanalytics/.venv/lib/python3.12/site-packages/django/template/loader_tags.py", line 295, in do_extends
    nodelist = parser.parse()
               ^^^^^^^^^^^^^^
  File "/Users/navidrahimi/ytanalytics/ytanalytics/.venv/lib/python3.12/site-packages/django/template/base.py", line 512, in parse
    self.invalid_block_tag(token, command, parse_until)
  File "/Users/navidrahimi/ytanalytics/ytanalytics/.venv/lib/python3.12/site-packages/django/template/base.py", line 573, in invalid_block_tag
    raise self.error(
django.template.exceptions.TemplateSyntaxError: Invalid block tag on line 219: 'endblock'. Did you forget to register or load this tag?
ERROR 2025-04-07 23:30:43,358 basehttp "GET /network/ HTTP/1.1" 500 183286
INFO 2025-04-07 23:30:47,344 basehttp "GET /home/ HTTP/1.1" 200 20938
INFO 2025-04-07 23:30:50,279 youtube_analytics Getting YouTube analytics for user: dasoccer, days: 30
INFO 2025-04-07 23:30:50,284 youtube_analytics User's stored channel ID: UCsDQAU5nsydVnxJZkAVGHdQ
INFO 2025-04-07 23:30:50,293 youtube_analytics Successfully got credentials for user dasoccer, fetching analytics...
INFO 2025-04-07 23:30:50,375 youtube_analytics Querying YouTube Analytics API from 2025-03-08 to 2025-04-07 for channel UCsDQAU5nsydVnxJZkAVGHdQ
INFO 2025-04-07 23:30:50,998 youtube_analytics Successfully retrieved analytics data: 29 rows
INFO 2025-04-07 23:30:51,158 basehttp "GET /profile/dasoccer/ HTTP/1.1" 200 29893
INFO 2025-04-07 23:33:27,142 basehttp "GET /home/ HTTP/1.1" 200 20938
INFO 2025-04-07 23:33:31,129 youtube_analytics Getting YouTube analytics for user: dasoccer, days: 30
INFO 2025-04-07 23:33:31,130 youtube_analytics User's stored channel ID: UCsDQAU5nsydVnxJZkAVGHdQ
INFO 2025-04-07 23:33:31,627 youtube_analytics Successfully got credentials for user dasoccer, fetching analytics...
INFO 2025-04-07 23:33:31,639 youtube_analytics Querying YouTube Analytics API from 2025-03-08 to 2025-04-07 for channel UCsDQAU5nsydVnxJZkAVGHdQ
INFO 2025-04-07 23:33:32,094 youtube_analytics Successfully retrieved analytics data: 29 rows
INFO 2025-04-07 23:33:33,337 basehttp "GET /dashboard/ HTTP/1.1" 200 24507
INFO 2025-04-07 23:33:35,205 basehttp "GET /dashboard/statistics/ HTTP/1.1" 200 53045
INFO 2025-04-07 23:33:35,787 api_views Getting statistics for 30 Days (days=30) for user: dasoccer
INFO 2025-04-07 23:33:35,789 youtube_analytics Getting YouTube analytics for user: dasoccer, days: 30
INFO 2025-04-07 23:33:35,789 youtube_analytics User's stored channel ID: UCsDQAU5nsydVnxJZkAVGHdQ
INFO 2025-04-07 23:33:35,791 youtube_analytics Successfully got credentials for user dasoccer, fetching analytics...
INFO 2025-04-07 23:33:35,809 youtube_analytics Querying YouTube Analytics API from 2025-03-08 to 2025-04-07 for channel UCsDQAU5nsydVnxJZkAVGHdQ
INFO 2025-04-07 23:33:36,122 youtube_analytics Successfully retrieved analytics data: 29 rows
INFO 2025-04-07 23:33:36,313 basehttp "GET /api/statistics/?days=30 HTTP/1.1" 200 946
INFO 2025-04-07 23:33:36,328 api_views Getting statistics for 30 Days (days=30) for user: dasoccer
INFO 2025-04-07 23:33:36,329 youtube_analytics Getting YouTube analytics for user: dasoccer, days: 30
INFO 2025-04-07 23:33:36,329 youtube_analytics User's stored channel ID: UCsDQAU5nsydVnxJZkAVGHdQ
INFO 2025-04-07 23:33:36,334 youtube_analytics Successfully got credentials for user dasoccer, fetching analytics...
INFO 2025-04-07 23:33:36,347 youtube_analytics Querying YouTube Analytics API from 2025-03-08 to 2025-04-07 for channel UCsDQAU5nsydVnxJZkAVGHdQ
INFO 2025-04-07 23:33:36,953 youtube_analytics Successfully retrieved analytics data: 29 rows
INFO 2025-04-07 23:33:37,141 basehttp "GET /api/statistics/?days=30 HTTP/1.1" 200 946
INFO 2025-04-07 23:33:39,393 api_views Getting statistics for 1 Year (days=365) for user: dasoccer
INFO 2025-04-07 23:33:39,394 youtube_analytics Getting YouTube analytics for user: dasoccer, days: 365
INFO 2025-04-07 23:33:39,394 youtube_analytics User's stored channel ID: UCsDQAU5nsydVnxJZkAVGHdQ
INFO 2025-04-07 23:33:39,395 youtube_analytics Successfully got credentials for user dasoccer, fetching analytics...
INFO 2025-04-07 23:33:39,397 youtube_analytics Querying YouTube Analytics API from 2024-04-07 to 2025-04-07 for channel UCsDQAU5nsydVnxJZkAVGHdQ
INFO 2025-04-07 23:33:39,677 youtube_analytics Successfully retrieved analytics data: 364 rows
INFO 2025-04-07 23:33:39,802 basehttp "GET /api/statistics/?days=365 HTTP/1.1" 200 8698
INFO 2025-04-07 23:33:39,808 api_views Getting statistics for 1 Year (days=365) for user: dasoccer
INFO 2025-04-07 23:33:39,810 youtube_analytics Getting YouTube analytics for user: dasoccer, days: 365
INFO 2025-04-07 23:33:39,810 youtube_analytics User's stored channel ID: UCsDQAU5nsydVnxJZkAVGHdQ
INFO 2025-04-07 23:33:39,812 youtube_analytics Successfully got credentials for user dasoccer, fetching analytics...
INFO 2025-04-07 23:33:39,813 youtube_analytics Querying YouTube Analytics API from 2024-04-07 to 2025-04-07 for channel UCsDQAU5nsydVnxJZkAVGHdQ
INFO 2025-04-07 23:33:40,101 youtube_analytics Successfully retrieved analytics data: 364 rows
INFO 2025-04-07 23:33:40,227 basehttp "GET /api/statistics/?days=365 HTTP/1.1" 200 8698
INFO 2025-04-07 23:33:41,825 api_views Getting statistics for All Time (days=9999) for user: dasoccer
INFO 2025-04-07 23:33:41,827 youtube_analytics Getting YouTube analytics for user: dasoccer, days: 9999
INFO 2025-04-07 23:33:41,828 youtube_analytics User's stored channel ID: UCsDQAU5nsydVnxJZkAVGHdQ
INFO 2025-04-07 23:33:41,829 youtube_analytics Successfully got credentials for user dasoccer, fetching analytics...
INFO 2025-04-07 23:33:41,830 youtube_analytics Querying YouTube Analytics API from 1997-11-21 to 2025-04-07 for channel UCsDQAU5nsydVnxJZkAVGHdQ
INFO 2025-04-07 23:33:42,270 youtube_analytics Successfully retrieved analytics data: 9998 rows
INFO 2025-04-07 23:33:42,546 basehttp "GET /api/statistics/?days=all HTTP/1.1" 200 230501
INFO 2025-04-07 23:33:42,550 api_views Getting statistics for All Time (days=9999) for user: dasoccer
INFO 2025-04-07 23:33:42,552 youtube_analytics Getting YouTube analytics for user: dasoccer, days: 9999
INFO 2025-04-07 23:33:42,552 youtube_analytics User's stored channel ID: UCsDQAU5nsydVnxJZkAVGHdQ
INFO 2025-04-07 23:33:42,554 youtube_analytics Successfully got credentials for user dasoccer, fetching analytics...
INFO 2025-04-07 23:33:42,555 youtube_analytics Querying YouTube Analytics API from 1997-11-21 to 2025-04-07 for channel UCsDQAU5nsydVnxJZkAVGHdQ
INFO 2025-04-07 23:33:43,046 youtube_analytics Successfully retrieved analytics data: 9998 rows
INFO 2025-04-07 23:33:43,294 basehttp "GET /api/statistics/?days=all HTTP/1.1" 200 230501
ERROR 2025-04-07 23:33:47,928 log Internal Server Error: /network/
Traceback (most recent call last):
  File "/Users/navidrahimi/ytanalytics/ytanalytics/.venv/lib/python3.12/site-packages/django/template/base.py", line 510, in parse
    compile_func = self.tags[command]
                   ~~~~~~~~~^^^^^^^^^
KeyError: 'endblock'

During handling of the above exception, another exception occurred:

Traceback (most recent call last):
  File "/Users/navidrahimi/ytanalytics/ytanalytics/.venv/lib/python3.12/site-packages/django/core/handlers/exception.py", line 55, in inner
    response = get_response(request)
               ^^^^^^^^^^^^^^^^^^^^^
  File "/Users/navidrahimi/ytanalytics/ytanalytics/.venv/lib/python3.12/site-packages/django/core/handlers/base.py", line 197, in _get_response
    response = wrapped_callback(request, *callback_args, **callback_kwargs)
               ^^^^^^^^^^^^^^^^^^^^^^^^^^^^^^^^^^^^^^^^^^^^^^^^^^^^^^^^^^^^
  File "/Users/navidrahimi/ytanalytics/ytanalytics/.venv/lib/python3.12/site-packages/django/contrib/auth/decorators.py", line 60, in _view_wrapper
    return view_func(request, *args, **kwargs)
           ^^^^^^^^^^^^^^^^^^^^^^^^^^^^^^^^^^^
  File "/Users/navidrahimi/ytanalytics/ytanalytics/.venv/lib/python3.12/site-packages/django/contrib/auth/decorators.py", line 60, in _view_wrapper
    return view_func(request, *args, **kwargs)
           ^^^^^^^^^^^^^^^^^^^^^^^^^^^^^^^^^^^
  File "/Users/navidrahimi/ytanalytics/dashboard/views.py", line 497, in network_view
    return render(request, 'auth/network.html', context)
           ^^^^^^^^^^^^^^^^^^^^^^^^^^^^^^^^^^^^^^^^^^^^^
  File "/Users/navidrahimi/ytanalytics/ytanalytics/.venv/lib/python3.12/site-packages/django/shortcuts.py", line 25, in render
    content = loader.render_to_string(template_name, context, request, using=using)
              ^^^^^^^^^^^^^^^^^^^^^^^^^^^^^^^^^^^^^^^^^^^^^^^^^^^^^^^^^^^^^^^^^^^^^
  File "/Users/navidrahimi/ytanalytics/ytanalytics/.venv/lib/python3.12/site-packages/django/template/loader.py", line 61, in render_to_string
    template = get_template(template_name, using=using)
               ^^^^^^^^^^^^^^^^^^^^^^^^^^^^^^^^^^^^^^^^
  File "/Users/navidrahimi/ytanalytics/ytanalytics/.venv/lib/python3.12/site-packages/django/template/loader.py", line 15, in get_template
    return engine.get_template(template_name)
           ^^^^^^^^^^^^^^^^^^^^^^^^^^^^^^^^^^
  File "/Users/navidrahimi/ytanalytics/ytanalytics/.venv/lib/python3.12/site-packages/django/template/backends/django.py", line 79, in get_template
    return Template(self.engine.get_template(template_name), self)
                    ^^^^^^^^^^^^^^^^^^^^^^^^^^^^^^^^^^^^^^^
  File "/Users/navidrahimi/ytanalytics/ytanalytics/.venv/lib/python3.12/site-packages/django/template/engine.py", line 177, in get_template
    template, origin = self.find_template(template_name)
                       ^^^^^^^^^^^^^^^^^^^^^^^^^^^^^^^^^
  File "/Users/navidrahimi/ytanalytics/ytanalytics/.venv/lib/python3.12/site-packages/django/template/engine.py", line 159, in find_template
    template = loader.get_template(name, skip=skip)
               ^^^^^^^^^^^^^^^^^^^^^^^^^^^^^^^^^^^^
  File "/Users/navidrahimi/ytanalytics/ytanalytics/.venv/lib/python3.12/site-packages/django/template/loaders/cached.py", line 57, in get_template
    template = super().get_template(template_name, skip)
               ^^^^^^^^^^^^^^^^^^^^^^^^^^^^^^^^^^^^^^^^^
  File "/Users/navidrahimi/ytanalytics/ytanalytics/.venv/lib/python3.12/site-packages/django/template/loaders/base.py", line 28, in get_template
    return Template(
           ^^^^^^^^^
  File "/Users/navidrahimi/ytanalytics/ytanalytics/.venv/lib/python3.12/site-packages/django/template/base.py", line 154, in __init__
    self.nodelist = self.compile_nodelist()
                    ^^^^^^^^^^^^^^^^^^^^^^^
  File "/Users/navidrahimi/ytanalytics/ytanalytics/.venv/lib/python3.12/site-packages/django/template/base.py", line 196, in compile_nodelist
    nodelist = parser.parse()
               ^^^^^^^^^^^^^^
  File "/Users/navidrahimi/ytanalytics/ytanalytics/.venv/lib/python3.12/site-packages/django/template/base.py", line 518, in parse
    raise self.error(token, e)
  File "/Users/navidrahimi/ytanalytics/ytanalytics/.venv/lib/python3.12/site-packages/django/template/base.py", line 516, in parse
    compiled_result = compile_func(self, token)
                      ^^^^^^^^^^^^^^^^^^^^^^^^^
  File "/Users/navidrahimi/ytanalytics/ytanalytics/.venv/lib/python3.12/site-packages/django/template/loader_tags.py", line 295, in do_extends
    nodelist = parser.parse()
               ^^^^^^^^^^^^^^
  File "/Users/navidrahimi/ytanalytics/ytanalytics/.venv/lib/python3.12/site-packages/django/template/base.py", line 512, in parse
    self.invalid_block_tag(token, command, parse_until)
  File "/Users/navidrahimi/ytanalytics/ytanalytics/.venv/lib/python3.12/site-packages/django/template/base.py", line 573, in invalid_block_tag
    raise self.error(
django.template.exceptions.TemplateSyntaxError: Invalid block tag on line 219: 'endblock'. Did you forget to register or load this tag?
ERROR 2025-04-07 23:33:48,003 basehttp "GET /network/ HTTP/1.1" 500 183292
INFO 2025-04-07 23:35:22,332 basehttp "GET /network/ HTTP/1.1" 200 23731
INFO 2025-04-07 23:35:28,375 basehttp "GET /dashboard/statistics/ HTTP/1.1" 200 53045
INFO 2025-04-07 23:35:29,262 api_views Getting statistics for 30 Days (days=30) for user: dasoccer
INFO 2025-04-07 23:35:29,310 youtube_analytics Getting YouTube analytics for user: dasoccer, days: 30
INFO 2025-04-07 23:35:29,313 youtube_analytics User's stored channel ID: UCsDQAU5nsydVnxJZkAVGHdQ
INFO 2025-04-07 23:35:29,389 youtube_analytics Successfully got credentials for user dasoccer, fetching analytics...
INFO 2025-04-07 23:35:29,413 youtube_analytics Querying YouTube Analytics API from 2025-03-08 to 2025-04-07 for channel UCsDQAU5nsydVnxJZkAVGHdQ
INFO 2025-04-07 23:35:29,960 youtube_analytics Successfully retrieved analytics data: 29 rows
INFO 2025-04-07 23:35:30,414 basehttp "GET /api/statistics/?days=30 HTTP/1.1" 200 946
INFO 2025-04-07 23:35:30,963 api_views Getting statistics for 30 Days (days=30) for user: dasoccer
INFO 2025-04-07 23:35:30,975 youtube_analytics Getting YouTube analytics for user: dasoccer, days: 30
INFO 2025-04-07 23:35:30,976 youtube_analytics User's stored channel ID: UCsDQAU5nsydVnxJZkAVGHdQ
INFO 2025-04-07 23:35:30,978 youtube_analytics Successfully got credentials for user dasoccer, fetching analytics...
INFO 2025-04-07 23:35:31,014 youtube_analytics Querying YouTube Analytics API from 2025-03-08 to 2025-04-07 for channel UCsDQAU5nsydVnxJZkAVGHdQ
INFO 2025-04-07 23:35:31,492 youtube_analytics Successfully retrieved analytics data: 29 rows
INFO 2025-04-07 23:35:31,730 basehttp "GET /api/statistics/?days=30 HTTP/1.1" 200 946
INFO 2025-04-07 23:35:32,057 basehttp "GET /network/ HTTP/1.1" 200 23731
INFO 2025-04-07 23:35:41,995 views Edit profile accessed by user: navid23rahimib91f43aa088446a2
INFO 2025-04-07 23:35:42,126 views Loading profile form via AJAX for user: navid23rahimib91f43aa088446a2
DEBUG 2025-04-07 23:35:42,251 views Submit button in HTML: False
INFO 2025-04-07 23:35:42,252 basehttp "GET /edit-profile/?ajax=1 HTTP/1.1" 200 9068
WARNING 2025-04-07 23:35:47,920 log Forbidden (CSRF token missing.): /dashboard/
WARNING 2025-04-07 23:35:47,922 basehttp "POST /dashboard/ HTTP/1.1" 403 2491
INFO 2025-04-07 23:37:35,005 youtube_analytics Getting YouTube analytics for user: navid23rahimib91f43aa088446a2, days: 9999
INFO 2025-04-07 23:37:35,018 youtube_analytics User's stored channel ID: UCN20YF9lZ6THYPZV8QkxgcQ
INFO 2025-04-07 23:37:35,534 youtube_analytics Successfully got credentials for user navid23rahimib91f43aa088446a2, fetching analytics...
INFO 2025-04-07 23:37:35,555 youtube_analytics Querying YouTube Analytics API from 1997-11-21 to 2025-04-07 for channel UCN20YF9lZ6THYPZV8QkxgcQ
INFO 2025-04-07 23:37:36,207 youtube_analytics Successfully retrieved analytics data: 9998 rows
INFO 2025-04-07 23:37:36,604 basehttp "GET /profile/navid23rahimib91f43aa088446a2/ HTTP/1.1" 200 30998
INFO 2025-04-07 23:37:46,632 basehttp "GET /network/ HTTP/1.1" 200 23731
INFO 2025-04-07 23:37:49,038 basehttp "GET /dashboard/statistics/ HTTP/1.1" 200 53045
INFO 2025-04-07 23:37:49,822 api_views Getting statistics for 30 Days (days=30) for user: dasoccer
INFO 2025-04-07 23:37:49,825 youtube_analytics Getting YouTube analytics for user: dasoccer, days: 30
INFO 2025-04-07 23:37:49,838 youtube_analytics User's stored channel ID: UCsDQAU5nsydVnxJZkAVGHdQ
INFO 2025-04-07 23:37:49,883 youtube_analytics Successfully got credentials for user dasoccer, fetching analytics...
INFO 2025-04-07 23:37:49,903 youtube_analytics Querying YouTube Analytics API from 2025-03-08 to 2025-04-07 for channel UCsDQAU5nsydVnxJZkAVGHdQ
INFO 2025-04-07 23:37:50,186 youtube_analytics Successfully retrieved analytics data: 29 rows
INFO 2025-04-07 23:37:50,319 basehttp "GET /api/statistics/?days=30 HTTP/1.1" 200 946
INFO 2025-04-07 23:37:50,324 api_views Getting statistics for 30 Days (days=30) for user: dasoccer
INFO 2025-04-07 23:37:50,326 youtube_analytics Getting YouTube analytics for user: dasoccer, days: 30
INFO 2025-04-07 23:37:50,326 youtube_analytics User's stored channel ID: UCsDQAU5nsydVnxJZkAVGHdQ
INFO 2025-04-07 23:37:50,327 youtube_analytics Successfully got credentials for user dasoccer, fetching analytics...
INFO 2025-04-07 23:37:50,329 youtube_analytics Querying YouTube Analytics API from 2025-03-08 to 2025-04-07 for channel UCsDQAU5nsydVnxJZkAVGHdQ
INFO 2025-04-07 23:37:50,678 youtube_analytics Successfully retrieved analytics data: 29 rows
INFO 2025-04-07 23:37:50,834 basehttp "GET /api/statistics/?days=30 HTTP/1.1" 200 946
INFO 2025-04-07 23:37:58,724 api_views Getting statistics for 6 Months (days=180) for user: dasoccer
INFO 2025-04-07 23:37:58,726 youtube_analytics Getting YouTube analytics for user: dasoccer, days: 180
INFO 2025-04-07 23:37:58,727 youtube_analytics User's stored channel ID: UCsDQAU5nsydVnxJZkAVGHdQ
INFO 2025-04-07 23:37:58,728 youtube_analytics Successfully got credentials for user dasoccer, fetching analytics...
INFO 2025-04-07 23:37:58,730 youtube_analytics Querying YouTube Analytics API from 2024-10-09 to 2025-04-07 for channel UCsDQAU5nsydVnxJZkAVGHdQ
INFO 2025-04-07 23:37:58,976 youtube_analytics Successfully retrieved analytics data: 179 rows
INFO 2025-04-07 23:37:59,098 basehttp "GET /api/statistics/?days=180 HTTP/1.1" 200 4429
INFO 2025-04-07 23:37:59,101 api_views Getting statistics for 6 Months (days=180) for user: dasoccer
INFO 2025-04-07 23:37:59,101 youtube_analytics Getting YouTube analytics for user: dasoccer, days: 180
INFO 2025-04-07 23:37:59,101 youtube_analytics User's stored channel ID: UCsDQAU5nsydVnxJZkAVGHdQ
INFO 2025-04-07 23:37:59,102 youtube_analytics Successfully got credentials for user dasoccer, fetching analytics...
INFO 2025-04-07 23:37:59,103 youtube_analytics Querying YouTube Analytics API from 2024-10-09 to 2025-04-07 for channel UCsDQAU5nsydVnxJZkAVGHdQ
INFO 2025-04-07 23:37:59,357 youtube_analytics Successfully retrieved analytics data: 179 rows
INFO 2025-04-07 23:37:59,540 basehttp "GET /api/statistics/?days=180 HTTP/1.1" 200 4429
INFO 2025-04-07 23:38:04,574 api_views Getting statistics for All Time (days=9999) for user: dasoccer
INFO 2025-04-07 23:38:04,578 youtube_analytics Getting YouTube analytics for user: dasoccer, days: 9999
INFO 2025-04-07 23:38:04,579 youtube_analytics User's stored channel ID: UCsDQAU5nsydVnxJZkAVGHdQ
INFO 2025-04-07 23:38:04,581 youtube_analytics Successfully got credentials for user dasoccer, fetching analytics...
INFO 2025-04-07 23:38:04,584 youtube_analytics Querying YouTube Analytics API from 1997-11-21 to 2025-04-07 for channel UCsDQAU5nsydVnxJZkAVGHdQ
INFO 2025-04-07 23:38:04,978 youtube_analytics Successfully retrieved analytics data: 9998 rows
INFO 2025-04-07 23:38:05,138 basehttp "GET /api/statistics/?days=all HTTP/1.1" 200 230501
INFO 2025-04-07 23:38:05,141 api_views Getting statistics for All Time (days=9999) for user: dasoccer
INFO 2025-04-07 23:38:05,142 youtube_analytics Getting YouTube analytics for user: dasoccer, days: 9999
INFO 2025-04-07 23:38:05,142 youtube_analytics User's stored channel ID: UCsDQAU5nsydVnxJZkAVGHdQ
INFO 2025-04-07 23:38:05,143 youtube_analytics Successfully got credentials for user dasoccer, fetching analytics...
INFO 2025-04-07 23:38:05,144 youtube_analytics Querying YouTube Analytics API from 1997-11-21 to 2025-04-07 for channel UCsDQAU5nsydVnxJZkAVGHdQ
INFO 2025-04-07 23:38:05,563 youtube_analytics Successfully retrieved analytics data: 9998 rows
INFO 2025-04-07 23:38:05,713 basehttp "GET /api/statistics/?days=all HTTP/1.1" 200 230501
INFO 2025-04-07 23:38:24,195 views Edit profile accessed by user: navid23rahimib91f43aa088446a2
INFO 2025-04-07 23:38:24,247 views Loading profile form via AJAX for user: navid23rahimib91f43aa088446a2
DEBUG 2025-04-07 23:38:24,298 views Submit button in HTML: False
INFO 2025-04-07 23:38:24,300 basehttp "GET /edit-profile/?ajax=1 HTTP/1.1" 200 9263
WARNING 2025-04-07 23:38:28,586 log Forbidden (CSRF token missing.): /dashboard/
WARNING 2025-04-07 23:38:28,588 basehttp "POST /dashboard/ HTTP/1.1" 403 2491
INFO 2025-04-07 23:41:17,516 autoreload Watching for file changes with StatReloader
INFO 2025-04-07 23:41:22,380 youtube_analytics Getting YouTube analytics for user: navid23rahimib91f43aa088446a2, days: 30
INFO 2025-04-07 23:41:22,381 youtube_analytics User's stored channel ID: UCN20YF9lZ6THYPZV8QkxgcQ
INFO 2025-04-07 23:41:22,391 youtube_analytics Successfully got credentials for user navid23rahimib91f43aa088446a2, fetching analytics...
INFO 2025-04-07 23:41:22,399 youtube_analytics Querying YouTube Analytics API from 2025-03-08 to 2025-04-07 for channel UCN20YF9lZ6THYPZV8QkxgcQ
INFO 2025-04-07 23:41:22,714 youtube_analytics Successfully retrieved analytics data: 29 rows
INFO 2025-04-07 23:41:23,477 basehttp "GET /dashboard/ HTTP/1.1" 200 24549
INFO 2025-04-07 23:41:27,581 views Edit profile accessed by user: navid23rahimib91f43aa088446a2
INFO 2025-04-07 23:41:27,587 views Loading profile form via AJAX for user: navid23rahimib91f43aa088446a2
DEBUG 2025-04-07 23:41:27,600 views Submit button in HTML: False
INFO 2025-04-07 23:41:27,605 basehttp "GET /edit-profile/?ajax=1 HTTP/1.1" 200 9139
WARNING 2025-04-07 23:41:37,096 log Forbidden (CSRF token missing.): /edit-profile/
WARNING 2025-04-07 23:41:37,099 basehttp "POST /edit-profile/ HTTP/1.1" 403 2491
INFO 2025-04-07 23:42:04,595 basehttp "GET /network/ HTTP/1.1" 200 23689
INFO 2025-04-07 23:42:08,939 youtube_analytics Getting YouTube analytics for user: dasoccer, days: 9999
INFO 2025-04-07 23:42:08,941 youtube_analytics User's stored channel ID: UCsDQAU5nsydVnxJZkAVGHdQ
INFO 2025-04-07 23:42:08,943 youtube_analytics Successfully got credentials for user dasoccer, fetching analytics...
INFO 2025-04-07 23:42:08,946 youtube_analytics Querying YouTube Analytics API from 1997-11-21 to 2025-04-07 for channel UCsDQAU5nsydVnxJZkAVGHdQ
INFO 2025-04-07 23:42:09,642 youtube_analytics Successfully retrieved analytics data: 9998 rows
INFO 2025-04-07 23:42:09,951 basehttp "GET /profile/dasoccer/ HTTP/1.1" 200 30976
